0.690173,0.130746,-0.231793,-0.007802,0.457751,1.374572,-0.677779,-0.196643,2.962033
-0.968554,1.808997,0.073908,-0.291952,-0.864034,1.404897,2.080700,-0.228387,-1.342379
1.592156,1.107315,-1.442384,-1.100449,-0.157441,-1.229608,0.961489,-0.163976,-6.574370
-0.604044,-1.462637,-1.348129,-1.380785,-0.729446,0.689614,0.204231,-0.099899,3.487863
0.049800,0.458768,-0.248490,1.399186,-0.635147,0.721966,0.198365,0.762765,1.833120
-0.560118,-0.474221,-0.387968,-0.078118,-0.592218,-2.194015,2.074490,-0.813347,-4.678774
-0.768323,-1.763750,0.117308,-0.711686,0.852981,0.174411,-0.076580,0.684156,3.686678
-0.717831,-0.577037,1.340893,-1.757959,1.352468,-0.758428,0.200574,0.027202,-1.216141
-0.106004,1.321258,0.808733,-0.604652,0.663990,3.401817,-0.435820,-0.026117,4.659893
0.140603,-1.233827,-1.272347,-0.319837,0.170221,-2.452261,2.256317,-2.617600,-4.154259
0.097442,-0.116619,-0.276790,-1.487607,-0.766711,-0.181374,-0.307755,-0.376624,-0.873892
0.438217,1.957287,-0.584470,-0.099018,1.174238,0.956999,1.989801,0.578364,-2.650427
-0.880464,-1.050108,0.972054,1.389380,-1.683722,-0.425311,-0.033212,-0.006412,1.608678
0.177195,1.853625,-0.885107,0.420838,-0.746880,1.916886,0.730189,0.399899,1.071909
-0.377280,0.033296,0.113425,-1.700173,0.785760,0.819982,-0.746696,-0.241598,2.698168
-0.753588,0.295972,1.209297,-0.084286,-0.664878,-1.234423,3.022166,-0.631779,-6.941304
-0.504794,-0.055973,0.143815,0.896970,-0.614707,-0.381003,0.071396,0.377069,0.963983
-0.529066,1.641936,-1.109536,0.665439,0.317522,-0.338434,-0.606351,1.577905,2.232276
-1.020461,-0.488387,0.391756,-1.772516,0.165151,0.420283,-0.952712,0.440650,2.959145
0.332453,-1.333526,-2.552019,0.827116,0.588462,-1.058410,1.684052,0.005484,0.737796
-0.992784,0.332164,-0.135256,0.746025,0.958710,-0.501721,0.814126,-0.967296,2.028698
1.189235,1.356337,-2.260010,1.739124,-0.867394,0.578786,0.997334,0.228637,-0.150185
0.910598,0.351530,0.781720,-0.072364,0.234068,-1.076653,-2.223367,1.168151,-0.573799
-0.036632,-0.114366,-0.568574,-0.761463,2.519732,-1.098514,-0.596566,-0.004364,1.667032
-1.020713,-0.596551,0.352086,-0.467588,0.396317,-0.099692,0.527596,1.236751,1.050922
-0.652945,1.533556,1.438050,0.031948,1.343258,-0.762709,-0.710674,-1.052113,0.081537
0.619897,-0.269613,-0.155703,-0.721925,-1.183819,0.908938,-0.269400,0.829178,-0.112397
-0.388069,-3.475005,0.932244,0.389967,-0.009567,0.180128,0.764113,1.884036,2.141747
0.697156,-0.660715,1.037570,1.584901,-0.395837,-1.317252,1.452194,-0.116741,-4.438954
0.090568,-0.450531,1.405231,0.497988,-0.201051,0.356079,0.315635,-0.753237,-0.176576
-1.257599,-0.973342,0.407678,1.358434,-0.101614,1.153523,1.602425,-1.084061,4.129145
0.575185,-0.014063,0.083104,0.188384,-1.411326,-0.123397,1.639638,-1.001264,-4.040610
0.394808,0.024017,1.606516,-1.450667,-1.819729,-0.536007,-0.491783,-0.280547,-4.561829
0.616333,1.436053,-1.057460,1.371978,-1.643610,0.188080,0.733987,1.389914,-1.898161
0.762394,-0.679543,-0.420760,-0.398424,1.808820,-0.852818,1.804366,-0.271784,-3.137815
-0.151912,-0.075768,-0.895404,1.632937,-0.758202,1.198596,-1.375766,-0.185465,7.213323
1.578201,1.274104,0.447306,-0.550536,0.451223,-1.014837,-0.605388,1.675222,-5.397811
0.216691,0.312017,0.835715,1.718515,-1.965322,-0.260651,1.408408,-2.276648,-2.765451
-2.305750,-0.533921,1.986498,1.758929,1.112070,2.309104,-0.046479,0.476782,9.145593
0.645416,-0.531769,1.257414,-0.983818,-0.070733,-0.679725,-0.354924,-0.014900,-3.040788
1.110016,-0.560538,-0.314212,-1.615697,-0.455207,-0.835821,1.336893,0.628825,-6.286366
0.760151,0.921381,-1.302012,-0.267492,0.817620,-0.851228,0.552341,-0.147646,-2.126077
-2.084125,1.138158,-0.952128,-1.937921,-0.632935,-0.561657,-0.027214,-0.008454,1.421332
1.031729,-1.278008,-0.702432,-1.054409,0.235770,0.255983,1.102855,1.450310,-2.230921
0.203519,0.368505,-1.409124,-0.137240,-0.942182,1.588851,0.010689,-1.494733,3.550704
0.657976,0.740630,0.114565,-1.923273,0.302928,0.928150,0.457072,-0.450857,-2.273143
-0.386239,-1.102156,0.055209,1.459971,1.666417,0.058080,0.059642,-0.471016,4.892965
0.281877,1.166187,-0.315365,0.719740,0.234950,0.639673,-0.900072,0.471172,2.441818
1.341461,-0.102248,2.004308,-0.650688,-1.211076,-1.036363,-1.883460,-0.056562,-4.187570
-0.631979,-0.045221,-1.133768,-0.043502,0.752412,-1.105280,-1.296778,-1.391371,4.378946
-0.061824,0.396834,-0.177266,0.776339,-0.528668,1.128818,0.467986,0.554074,1.672516
-1.469542,0.941097,0.401847,-0.999853,-0.274279,0.279694,1.005843,1.094781,-0.683951
-0.661660,-1.856955,0.095716,-0.973725,0.930481,0.034487,0.042788,-1.959316,3.761749
-0.300607,-0.019619,-1.256787,-0.562492,-0.426505,0.204309,1.050275,0.890162,0.019849
-0.438354,-0.918661,0.571111,0.966315,0.970257,1.002838,0.986575,0.168779,3.064357
-0.092276,-0.337010,-0.422012,-0.311969,0.076561,-0.500086,0.474939,-0.785809,0.013718
-1.211047,1.149825,0.375397,-0.663708,0.172229,0.097388,-4.179335,-1.056825,8.247791
1.172720,0.283213,-1.424600,0.065013,-2.443720,0.063484,0.192746,0.299016,-2.304755
-0.624548,-1.126955,0.310010,1.519301,0.064230,-0.602672,-1.297268,-1.035933,5.488775
1.219232,0.466627,-0.105163,0.853528,0.138918,-1.110644,-2.261612,-1.262027,1.279767
1.360441,0.703943,-0.323183,-0.332421,0.274369,-1.929475,-0.410209,-0.299658,-4.591777
-0.177042,-0.606524,0.866420,-0.816036,0.862767,-1.055631,1.635308,0.207333,-4.125345
1.377981,-0.346546,0.744000,-1.379760,-1.495115,0.641568,0.774905,-0.170792,-5.132437
-1.160846,-1.063785,0.110699,-0.094028,-0.784977,1.124216,-1.512835,1.767113,6.718993
0.043096,1.117153,-0.750816,-0.623770,1.919512,0.349942,0.286767,0.628159,0.960956
-0.871286,1.135174,-1.061712,-0.023470,0.140908,0.400758,-0.135630,-0.216466,3.307958
0.078545,-1.529749,-0.706891,-0.922073,0.117785,-0.425993,0.272359,1.509884,0.166135
1.238547,-1.213111,0.205753,-1.477340,0.746861,-0.757305,1.361455,-0.099723,-5.169724
0.474962,0.449716,0.905572,0.845633,0.048964,-0.638048,0.241234,1.125110,-2.690192
-2.705687,-0.805940,-0.125764,0.530236,0.387923,0.088681,0.622636,1.231129,6.069971
-0.411734,2.674436,-1.460133,-0.508736,1.412742,1.435642,-2.027116,0.116303,6.582002
-0.505207,-0.594273,0.233267,2.256708,0.754892,-1.840127,0.259186,-0.318441,1.258268
-0.228085,-0.241197,0.761384,1.036921,-1.060081,3.013488,1.250858,1.151939,2.828081
-1.095593,0.185039,1.201851,-1.029526,0.330838,1.937595,-2.337162,-0.475008,7.517091
-1.267294,-1.043456,0.645860,-0.220719,0.356332,1.425892,0.340708,0.515546,4.748649
0.033260,-1.277947,0.410763,-0.186017,0.701402,-0.416301,-1.501551,-1.461812,3.815668
1.563454,-0.810141,-1.039955,-1.040713,0.962188,-0.425968,-1.388112,-0.399148,0.991779
-1.018835,0.542754,0.261298,-0.588783,1.554864,-0.748468,-0.347658,1.084622,1.373123
-0.742742,-2.272975,-1.166883,-0.003462,0.249563,0.138102,-0.802904,0.365391,6.908404
0.437651,1.847197,-0.450708,-2.185325,-1.116925,1.493715,-0.004013,-0.035044,-1.918558
0.044406,-1.126799,-1.291341,-1.813298,0.553689,1.205807,-0.770541,-0.871628,5.068980
0.501627,-0.744468,1.289923,0.560385,-0.697379,-0.285779,-0.773496,1.725251,-0.856480
-1.047381,-0.341018,-0.348509,0.812107,0.999848,-0.189529,-2.965014,-0.272689,9.367760
-1.046074,-0.551170,0.334206,-1.085740,1.282957,-1.191531,-1.197667,0.363154,2.607673
0.964761,-0.471334,-0.162549,-0.482170,1.350740,-0.230089,0.039460,0.585911,-0.841871
-0.398089,2.598399,1.723453,0.950162,-0.578736,1.397623,1.271196,-1.587940,-1.853739
-0.798025,-0.044532,1.421918,-2.413878,0.049853,1.264975,-1.680443,1.508253,2.478847
-0.106438,0.528077,-0.606420,0.257537,-1.002878,1.090418,-0.477992,0.349734,2.845158
-0.399432,1.268372,1.159834,-0.007999,0.739905,0.999718,-0.713035,1.047443,1.772678
-0.297092,-0.281834,0.581968,-0.421891,-1.232204,0.178216,1.719417,1.590722,-3.574276
-0.507084,-1.754769,-1.113974,0.968761,1.209247,-2.538760,-0.274553,0.008061,2.506341
-0.019228,1.391054,-1.486923,-1.136900,0.447602,-1.542807,0.428029,-1.231328,-2.474099
0.636628,0.928730,0.892249,-0.174837,-0.510334,-1.355828,1.167153,-1.569540,-6.535686
-0.755981,-0.647772,1.455054,0.119799,-2.025609,0.366957,0.084204,-1.530084,0.479326
1.657156,-0.026804,-0.416642,0.183503,-1.354339,-1.512047,-1.443584,0.533303,-3.029855
-0.174987,0.238244,-0.798580,-0.396240,0.397032,-1.267241,-0.251377,0.161147,-0.186614
1.779238,0.963179,-0.542061,-0.507176,0.474494,-0.289422,-0.742812,0.185011,-2.518455
0.137341,0.724169,-2.026101,-0.257624,-0.526804,-0.859820,0.329663,-1.216706,-0.278541
-0.674505,0.347375,0.375726,-0.550600,-0.860421,0.761515,0.104606,1.298445,0.458137
-1.420634,-0.774405,2.651166,-0.436738,-0.671561,-1.392959,-0.612465,-0.010621,-1.055043
-0.919564,-0.726393,0.676699,-0.465153,0.413052,-1.302924,-0.853048,1.138819,1.016552
-1.036352,-0.266523,-1.442836,0.741344,-1.195603,1.184312,-0.822342,-0.390192,7.608876
-1.424901,-0.778384,0.705751,0.448713,-0.009837,-0.621449,0.839991,0.919184,1.012220
-0.219217,1.612453,-0.974410,-0.081699,1.864329,-1.800636,0.206264,-0.019660,-1.362371
1.923494,1.699437,1.651703,2.016013,1.024208,-1.235831,2.594391,-0.328704,-9.930546
-0.898724,0.042333,-0.161990,-1.072481,-0.250877,-0.696288,-1.321645,-1.602904,2.759647
0.445602,-0.175481,0.022846,0.223974,0.958966,-0.853671,0.609477,-0.359122,-1.414741
0.720908,0.714491,-0.457296,-0.460151,0.298979,0.803868,-0.282233,-0.451721,0.696908
0.410080,-0.351315,-1.427299,0.427891,-0.104098,-2.413658,-1.438655,0.801218,0.375775
0.854547,0.942118,0.675680,-2.061582,1.342815,0.941904,0.196394,-2.298768,-1.748965
0.281414,-0.360685,-0.493108,-1.153002,0.933448,-0.130800,-0.520414,0.387477,1.066201
1.347910,-1.415162,0.413869,-0.848369,-1.048157,1.742317,0.235220,0.020959,-0.367357
-0.346421,-0.148820,0.064793,-0.678279,0.428614,1.972828,-0.267726,0.497608,4.324253
-0.044092,0.352043,-0.434331,0.520062,0.553755,0.671959,1.308557,0.170777,0.528985
0.183261,-0.714040,-0.276666,0.553510,1.557046,0.531992,-1.632577,-0.270002,6.312959
0.257994,-0.478904,-0.039926,-2.410940,-0.058161,1.684149,0.470585,0.814159,-0.213758
-2.489653,0.671979,1.059520,0.425863,-1.240581,0.882215,-2.188903,0.134002,8.013235
0.182871,-0.286520,-0.231913,-0.221660,1.398596,-0.846300,-0.265349,1.229103,0.228594
-1.306518,0.391041,1.263197,0.907841,0.873236,-1.158597,0.189884,-1.586154,1.141577
1.069693,0.122571,0.901539,-0.993192,0.298735,0.872207,0.593439,-0.492384,-2.811583
1.300425,1.853755,1.722593,0.773008,0.375532,0.249152,-0.128552,-1.823088,-3.381485
-0.460907,-0.828242,-0.337512,0.671946,0.648965,-0.844888,-1.435628,1.079847,4.297155
1.327874,-0.267179,-0.782967,1.054550,0.339248,1.422471,0.077113,0.472357,2.362884
-0.790465,0.103376,-1.302465,0.679570,-1.807996,1.823639,-0.294164,-1.084644,6.412071
2.269320,0.377775,0.377735,-0.692645,0.659494,1.411059,-0.330066,0.849444,-2.106590
0.077456,-0.925455,-0.409634,0.889827,1.101786,1.625191,0.316981,0.226781,5.323125
-0.519691,0.808802,-0.307461,-1.704453,-0.383953,-0.173633,0.553592,0.189960,-2.027554
-1.009966,-0.203876,1.458592,-1.075874,0.097189,-0.243254,1.659324,0.800423,-3.242218
-0.312407,1.473714,-1.478019,0.124430,0.962397,0.282341,-0.100815,-0.072595,2.880633
0.653250,0.499881,0.583315,-0.058724,0.109870,-0.011662,-0.621525,-1.138341,-0.339541
-1.893082,-0.003121,0.133763,-0.362929,0.189913,-0.224453,2.238438,0.264816,-0.290718
-0.997867,-1.408084,-0.699711,-0.430010,0.244579,0.878628,0.115804,0.439728,5.245389
1.107115,-1.954484,1.640956,1.014534,0.055974,1.332128,-0.992432,-0.150561,3.155100
0.846261,-0.302508,0.525978,-0.491007,-0.032389,-2.169981,-0.135867,-0.942529,-4.667435
0.771231,-1.667454,0.048491,0.560658,0.441775,1.284308,0.093640,-1.456917,3.734849
1.544452,-1.674706,0.061932,0.067704,-1.089547,1.145713,-0.591460,-0.923657,1.366161
0.924027,-1.058156,0.219238,0.305604,-0.793983,0.301687,-0.052504,0.335956,-0.348513
-0.039730,-0.326761,0.101844,0.196224,-0.348088,1.293332,-1.481008,-0.892171,5.469226
-1.236601,0.295143,0.552473,-2.054053,-1.731839,0.565914,-0.509464,-0.718517,0.788631
0.087231,0.432577,0.177188,0.739158,-0.543250,-0.263503,-1.155482,0.352833,1.540651
-0.994674,0.410118,-0.581987,-0.083755,-0.568820,0.584385,-0.763616,0.492929,4.193980
-1.018173,-0.222085,-0.295037,1.248406,0.842762,-0.341504,1.567212,-1.205507,1.955965
0.629875,-0.643641,-0.479282,-0.274334,-1.537695,2.121475,-0.317293,-0.945699,3.174576
-1.326035,-0.355555,0.904969,0.474037,-1.769339,-0.904147,-1.647490,-0.107178,2.854275
-1.421428,-0.237906,-0.840131,0.438719,-0.409778,0.479192,0.541900,2.367836,3.609108
0.061754,0.260149,0.304848,0.258196,-0.382874,0.248320,-1.882395,0.206563,3.268317
-0.884203,1.457972,0.660952,0.713205,0.988375,1.607145,0.240520,-1.803766,4.281317
0.925428,-1.272577,0.798005,0.084831,1.080506,-0.361733,1.621747,-1.172711,-2.956210
-0.663787,1.693049,-1.862815,0.367306,-1.635786,1.789986,1.107611,-0.108635,2.551158
0.961398,-2.564923,-0.446983,0.733482,-1.641192,0.489364,0.579565,-1.286062,1.200734
-0.438225,-0.156344,1.106154,-1.608189,-0.370881,1.656147,-0.309862,2.149000,0.994100
0.857189,0.668841,-0.234110,-0.884131,0.280360,0.326206,0.055181,-0.733286,-1.402621
0.968822,-0.033339,2.275177,0.407218,0.770037,-1.227380,0.139885,-0.525836,-4.856469
1.831489,-0.181707,-0.515580,-0.300888,-1.048838,0.406080,0.013403,-0.070637,-2.481837
-1.536727,-0.486579,-0.478154,-0.084292,-0.200732,0.822404,0.996870,0.308388,3.784854
-1.063530,1.664878,1.392491,-0.149447,-0.103969,-0.740828,-0.071794,0.656551,-1.883408
-0.557065,-0.489936,-1.279237,0.739630,2.328255,1.389077,1.113191,0.504136,5.851857
-0.137319,-0.937985,-0.332060,-1.396109,0.265094,0.759511,-0.090913,1.753568,1.700124
-0.911708,1.345125,-1.189883,-1.239608,-0.083567,-0.895268,1.208285,0.345577,-2.331425
-0.571706,0.203544,-1.099153,-0.475543,-1.331078,0.136065,-0.334432,0.181224,1.941928
-0.080690,0.288234,0.091347,0.277983,1.099713,-0.489312,1.248589,-0.085467,-1.414899
1.672686,0.339881,0.876140,0.385954,-1.966688,-0.253847,0.448804,-1.417619,-5.540804
-0.089180,-2.119609,-2.041985,1.763084,-1.172872,0.027985,1.076030,-0.554150,4.198590
-1.529063,1.194642,0.646310,0.551345,-1.128282,-0.176761,0.368332,-0.454256,0.616055
-0.842285,-0.633413,-0.343918,-0.864900,1.949037,0.531290,-2.131135,2.836203,7.115582
2.764406,0.374012,-0.126992,-0.617072,-0.722614,0.475980,-1.431304,0.530843,-3.047291
-1.360276,-1.090810,0.364213,0.080928,0.170230,-0.939931,-0.959228,0.868934,3.696878
-0.924760,0.915170,-0.304854,0.107268,-1.301829,-0.990315,-0.185432,-0.447140,-0.128072
1.234116,1.066821,-0.989295,0.005943,-0.721347,-0.294408,-0.070246,1.085004,-2.799641
-0.018728,1.006066,-0.582436,1.404643,1.363547,-2.043430,0.635074,-0.403444,-1.496436
-0.801653,-1.758622,-0.391227,0.837019,1.147391,0.495999,1.514833,-1.231976,4.331971
-2.224258,-1.152203,-1.352494,-0.507921,-0.027971,0.165777,0.521108,0.057923,6.187567
-0.904745,-0.319458,0.419019,-1.195312,-0.323854,-0.274662,-1.438676,3.681532,1.525230
-1.198108,0.223670,-1.848519,2.396708,1.197581,-0.684522,-0.852649,-0.390767,8.208251
1.253666,-1.207878,-0.404628,-0.487824,1.040807,-0.223980,0.285903,-0.179650,-0.762207
0.405367,0.450969,0.758810,-0.232939,-0.891687,1.978115,-0.770222,0.430632,1.900932
-0.836358,-0.949349,0.599955,0.601241,-1.155735,-0.246758,1.166124,2.078767,-0.832881
1.208601,-0.250121,-1.340105,0.707244,-1.076234,0.109244,-0.213619,1.374234,-0.006191
-1.285656,-0.673201,0.110411,-1.032244,-0.754105,-0.899882,-0.576826,-0.592729,1.756399
-0.308988,0.512068,-1.431116,-0.114312,0.372126,1.000851,0.395633,-0.672247,3.552992
-0.678551,-0.537769,-0.321468,-1.595832,1.745130,-2.088644,0.655272,0.704560,-2.209047
-0.331201,-0.771549,0.164981,0.005901,0.451236,-0.246139,0.953372,-0.565511,0.213373
0.390968,-0.441742,-0.613932,1.160648,-0.651599,1.567110,-1.202459,0.013105,5.927480
0.006694,2.384745,0.349744,-2.606844,-0.089211,0.202702,0.910717,1.110314,-6.032316
1.076979,-0.981963,-1.219329,0.227943,0.608772,-0.869996,1.192384,-1.085593,-1.600675
-0.950960,-1.054274,0.760104,0.432582,1.193425,1.060445,0.528058,0.073215,4.452196
1.506871,-0.103451,1.994759,1.845355,-1.398947,1.100652,-1.255604,2.003880,-0.487600
-0.665959,-1.175609,-0.067458,0.521076,0.152464,-0.564749,0.982341,-1.315777,1.476395
-0.887339,-0.086724,-0.451472,-0.388389,1.636943,-0.096631,-0.275692,0.862592,3.674763
-1.086714,-0.216424,-0.816035,0.384831,-0.877935,-1.287697,-2.481071,-1.543894,5.980807
-0.235704,-1.508054,1.118663,0.189067,1.710531,-0.359048,0.214849,-1.295225,1.986364
-1.302262,0.674468,1.236258,-1.400545,-1.310831,0.905199,1.209972,2.385580,-2.495212
0.150752,0.124546,-0.223265,0.527789,-0.375383,-0.956887,0.351661,-2.222804,-0.690709
-1.169483,0.503942,0.207929,0.234826,0.855037,-0.639768,-1.039994,-0.240485,3.740646
0.779439,-0.480176,-1.047805,1.363391,-0.260860,-1.411993,-0.478558,-1.286309,0.764986
0.703432,-0.666740,-0.254753,0.828416,-0.142380,-0.165370,0.661224,-0.243703,-0.531534
-1.355107,1.894948,0.224958,-0.767014,1.083175,1.041441,-2.037447,1.920670,5.670169
-2.260930,0.278730,-0.780106,-0.370703,1.538537,-0.615139,0.888676,-0.046228,3.841248
0.368934,1.187759,1.408891,-0.630563,0.899652,1.050319,-0.637037,-0.386700,0.058740
-1.077802,-0.212572,-0.250302,-1.359608,0.823781,1.385133,1.013622,1.263681,2.475638
0.922401,-0.440439,1.884141,-0.814889,-0.660344,0.094199,0.857678,-0.197868,-5.396003
-1.733352,1.105582,0.696380,-1.563669,-0.351093,2.038350,-0.856803,0.938286,4.770275
1.009516,2.005798,1.005653,-0.017872,-2.347812,0.068115,2.217906,-0.537908,-9.339861
-0.095428,-0.433673,-0.197328,0.813697,-0.087278,1.249047,-0.085681,-2.360349,4.898372
0.666427,-0.904531,0.171919,0.457677,0.579126,0.944971,-0.029292,0.641265,2.080476
-1.762542,-1.532456,-0.695193,0.888557,1.757380,1.494717,-1.128995,-0.424025,12.478318
-0.310560,-0.558704,0.561036,0.683509,0.009539,0.777330,0.152094,1.667254,2.170684
-0.241487,-0.025717,-0.149472,-0.874027,-1.263481,0.463901,0.190872,-0.356278,0.056802
-2.123373,-0.033630,-0.248305,-0.826625,1.647529,1.497542,-0.385592,1.326046,7.857113
0.525444,0.948469,1.361968,-0.816359,-0.639326,-1.074667,-0.343475,-1.436258,-4.713125
0.148683,0.739263,0.060505,-2.031158,0.947252,0.535347,-0.115513,-0.386393,-0.573830
-0.140094,-1.133955,-0.350014,-0.511393,-0.251333,-0.571365,1.069067,0.505150,-1.227349
-0.378433,-0.217900,-1.814857,-0.118479,-1.148999,0.346124,-0.332251,0.092470,3.532843
0.424732,-0.167782,-0.989971,0.671155,-1.512896,-0.268340,-0.143835,-0.203145,0.458482
2.333776,-0.086207,2.114421,0.979100,1.005075,0.203107,0.202637,-1.691843,-3.919709
-0.195555,-2.758322,1.508242,-1.492820,1.358711,0.808777,-0.536613,-0.604003,3.566711
-1.411837,-0.355889,-0.361422,0.512403,-1.193371,-0.284589,-0.098432,-0.702954,3.548205
0.004680,-0.447694,1.427662,-1.184454,-0.339644,0.335436,-0.675443,-0.456234,-0.171640
1.484240,-0.615772,1.382122,1.185629,-1.489731,0.828267,0.132292,-0.118481,-2.045833
0.443761,1.319720,0.282621,-0.091399,-0.302404,-0.060259,-1.012712,0.068764,-0.494039
0.223381,-0.257488,-0.826134,-0.020226,0.651403,-1.485131,-0.566327,1.225345,-0.076357
-0.777235,-0.177696,0.526941,-0.377938,-0.597295,-0.110660,0.336963,1.951369,-0.541218
1.191548,-0.739714,-1.049704,0.516696,2.347330,-0.412863,-0.832706,-1.545424,3.458589
0.942422,0.575156,0.783506,0.031426,-1.132295,0.494338,-0.686357,-0.476869,-1.417354
1.105527,-0.656236,1.250523,-0.256627,0.496473,0.556709,0.416909,1.380976,-2.389819
-0.909859,1.342432,0.881378,0.288851,0.736054,-0.627118,-1.205806,0.452595,1.740146
0.117867,-1.600946,-1.065369,-0.412933,0.613853,-0.658033,0.169427,-0.046900,1.817755
-0.984034,2.916193,2.647381,-0.738931,0.098443,-0.536066,-0.412596,1.091408,-4.289635
0.156252,-0.966330,-0.922526,-0.198009,-0.087042,1.196099,-0.455598,0.007795,4.585565
-0.131864,1.184696,-1.873770,-0.710979,0.750427,-0.653365,-0.270752,0.472886,0.980173
1.206645,-0.524339,-0.499674,0.284685,-0.470201,0.857010,0.588300,-1.018531,-0.125234
-1.254780,-0.085444,1.854741,1.401132,-0.299278,-0.605906,0.035845,0.169818,0.986918
-0.214677,-1.137546,1.083399,-0.623390,-0.218716,-0.270588,1.893097,0.408491,-3.564498
-0.501523,0.092780,-1.027026,0.398526,-0.606327,-0.036033,-0.130647,-0.965943,2.971850
-1.094386,-1.000036,-0.854589,-0.768044,-0.114854,0.008782,-0.146355,-0.049230,3.906985
-0.147310,0.184105,-0.026226,0.578701,-1.380950,0.758098,-2.058191,0.352087,4.766217
0.387387,0.525499,-1.812363,-0.304071,-0.109254,0.999698,-0.712860,0.730531,3.368825
-1.208406,0.229387,1.500557,0.840185,-1.189620,1.061620,-1.312916,0.812842,4.547594
-0.321393,-0.110492,0.612104,0.036388,-1.066772,0.000949,0.276856,-1.261789,-0.177325
-0.348592,-0.290298,-0.051905,0.483204,1.954020,0.864115,-0.737514,0.376380,5.839097
1.912781,-0.965774,-0.238347,-0.100503,0.783407,-0.376088,1.291174,-0.318842,-4.107491
-1.579252,-0.321188,0.238652,0.387734,0.632281,0.503544,-0.855729,0.714679,6.350086
0.019349,-0.548777,1.600755,-0.116090,-2.706319,-0.013482,1.011600,0.354866,-4.559398
-0.774574,0.296539,-2.471430,-1.373070,1.041722,0.785294,0.147889,1.160229,4.558792
-1.468399,1.873256,-1.372716,0.626588,-0.225303,-0.358356,-1.314520,-1.213078,5.598999
-0.402696,0.892855,1.300061,-1.093407,-1.223094,-0.193106,0.433638,0.858095,-4.104740
-0.505133,0.611246,0.433543,0.476500,-1.206934,0.401874,-0.193259,0.126003,0.982004
0.351091,-0.722860,-0.511733,-0.623996,0.548471,-0.320432,0.272633,1.765232,-0.662461
1.290488,-0.178099,0.473882,0.856662,0.544327,0.648300,-0.361207,0.015615,0.497463
0.417205,-0.398140,0.039576,-0.008037,0.752481,-0.948970,-0.949372,0.159590,0.656239
-0.820988,2.295850,-0.687266,1.209895,0.298011,-0.843076,-0.933230,1.583991,1.978082
-2.089511,0.576859,0.663713,0.633234,-0.217788,-1.014320,2.377353,0.814124,-2.062734
-0.393962,-1.093361,-0.662063,-0.341959,-1.310723,1.293455,-0.384620,0.306416,4.280454
-0.523062,-1.451382,-0.427894,-2.351425,-0.765644,-1.524458,0.374894,-0.768619,-2.189176
-0.649867,-1.730841,0.290265,-0.983923,-1.416538,0.006202,0.073474,1.464367,0.508603
-1.722315,2.734288,1.370868,-1.003493,0.131676,-2.247789,-0.093446,-0.448576,-4.294525
0.238898,-0.913254,0.982837,-0.757418,-0.272340,-0.321643,0.173949,-1.453720,-1.453628
1.140234,2.757049,0.787802,-0.444559,-0.907053,0.043780,-2.596975,-0.131945,-1.619726
-0.065611,1.193799,-1.308948,-0.155323,-0.967307,-0.494671,-1.333383,1.087159,1.264214
-0.622474,-0.125319,0.184483,0.821285,0.633337,0.482449,-0.118304,0.514805,3.654834
-0.417944,1.020041,0.307470,1.106617,-1.061802,0.160232,-0.287724,-0.827849,1.346688
1.732863,1.458337,1.287086,-0.899289,-1.205134,1.472839,2.467524,0.023677,-8.917347
0.685537,1.082272,0.701733,-0.187418,-0.528267,0.358780,-0.675643,-0.821734,-1.042652
0.251703,0.435250,1.266700,-1.196208,1.004418,0.458200,1.606653,0.129655,-4.129234
1.627137,1.209774,0.342706,0.819487,-0.752532,0.205613,0.796299,-0.930728,-4.504324
-1.033934,-1.017703,-0.856107,-1.115531,1.578272,-1.357073,-1.232703,-0.229414,4.385243
-0.316589,-0.277294,0.333669,0.373467,-0.216824,0.597770,-0.416115,-1.121124,3.191003
0.267674,-0.477430,0.427838,-1.013284,-1.156674,-2.624374,-3.394763,-1.091510,0.042456
0.552778,0.670734,-0.316361,0.100597,-0.087813,0.107462,1.201943,1.390132,-2.906455
-0.267375,-1.518596,0.048012,-1.651400,0.967827,-0.414378,0.029472,1.660347,0.300153
-0.209560,0.773851,-0.590051,-0.142085,-1.588431,0.436462,0.126147,-1.256935,0.543141
0.321514,0.292560,-1.838700,-1.246136,1.380567,1.539172,0.411838,-2.900038,4.112706
1.506199,1.129650,0.007107,-0.840693,1.093014,-0.004720,-1.069429,1.499965,-2.208249
1.194077,0.117928,-0.725911,0.495647,-1.235892,-0.930867,1.270607,-0.404728,-4.873648
0.436200,0.522144,0.093493,0.337111,-0.480889,0.654805,-0.858256,-0.213298,1.634648
-0.792298,-0.214885,1.964158,1.501878,-0.137322,2.119768,1.444981,0.498292,2.078326
2.006624,-0.094804,1.401001,1.434644,0.003197,1.576509,0.801462,-1.491378,-1.772596
-1.037223,-0.699360,-0.369873,-0.941316,0.562897,-1.375415,-1.533247,1.003879,3.170091
-0.414050,2.310160,-1.666571,1.795604,-0.032847,0.062236,0.245404,-1.605841,2.972956
-1.099597,-0.483780,-0.808075,1.139903,0.479149,0.212744,1.038136,0.187748,3.992040
0.429069,-0.800087,-1.140451,-0.607822,-0.913929,0.084434,-0.129543,-0.287157,1.011361
1.025077,-0.498571,0.129409,0.675437,-0.841439,2.518247,0.010695,0.450818,2.824569
0.979147,1.068129,1.257490,1.953630,-0.219219,1.441519,-0.002359,0.964327,0.025718
-0.341882,-0.679104,0.517658,-0.228151,-0.693880,-0.872760,-1.292688,1.138222,0.950646
0.481308,0.530286,-0.058177,-0.123597,-0.617882,-1.736650,1.044692,-0.077895,-5.736313
0.282978,-1.202083,1.085968,0.693646,0.520308,0.398221,-0.369325,0.245679,1.998774
2.108827,2.336560,0.766742,0.961414,1.447001,0.077123,-1.488992,0.588458,-2.090864
-0.412902,-1.294829,0.802341,0.271375,-0.328194,1.348994,0.986137,-0.832599,2.364422
0.845970,-0.198895,0.514017,0.619991,1.095933,0.641170,-1.106544,-0.804035,3.020398
-1.506182,0.845734,-1.197078,-0.385088,1.144678,-1.656973,-0.099259,-0.094559,2.038765
1.993078,-1.488382,-0.488872,0.015709,-1.342552,0.003521,-2.714466,-0.487585,2.476441
-0.191909,1.341316,1.464500,-0.867029,-0.397267,-0.693712,-1.547851,1.645619,-2.076001
0.371901,0.039142,-0.021807,0.284267,1.638955,0.654500,-1.406193,-0.058441,4.583869
-0.006830,-0.123680,-0.395918,-1.347288,-0.315094,-0.147912,0.848516,-0.672316,-1.803171
0.442363,-1.158335,-1.097038,0.899088,0.765683,-1.303536,1.417179,0.625093,-1.227975
-1.920568,0.396838,0.151111,-1.007263,0.439767,-0.666857,-0.543481,-0.085708,2.836950
1.147401,1.069950,-0.179488,-0.570646,1.164123,-0.354002,0.328700,-1.563126,-2.700635
0.451716,0.153746,-0.776145,1.298806,-1.124692,1.783406,0.332733,-0.050019,3.135539
-0.307498,-1.274584,0.975404,0.513081,-0.750793,0.906115,-0.874152,-0.390643,4.150655
0.465792,-1.432182,-0.717447,0.161305,1.181478,1.917784,0.544618,0.038670,4.896486
-0.422963,0.382544,1.792194,-0.827441,-2.093796,-0.722232,-0.061119,-1.040935,-3.959238
0.933775,-0.147654,-0.781709,0.852547,0.454059,-2.154903,-0.027635,0.775813,-2.586252
2.465367,-0.289222,1.015355,0.469451,-0.389179,1.890825,-0.592481,1.122394,-1.193319
0.033499,-0.783710,-0.332188,-0.800853,-0.778205,-0.977921,-0.635281,0.093382,-0.286704
1.370517,-0.989918,0.003463,0.113069,-0.615076,0.390144,-1.089417,1.572583,0.521867
-1.712433,1.463435,0.013444,0.939274,-1.309927,0.975670,0.746541,0.086451,2.770162
3.166345,1.251230,-0.105449,-0.429144,1.877733,-1.012798,-1.541619,-0.192383,-4.622028
1.945999,0.385956,0.227934,1.237538,1.377564,1.154756,0.586829,-2.368450,0.037805
0.064569,0.775062,-0.713530,1.648616,-0.496795,-1.553033,-0.330411,0.724994,-0.350937
0.304408,0.247900,-1.302341,0.335572,0.496530,-0.998362,0.216221,-2.519770,0.701144
0.225858,0.828382,-0.047591,0.503195,0.834797,1.272866,0.713415,-1.370503,1.839916
0.476644,-0.205369,0.386151,0.010494,0.937659,-1.498401,-0.127022,-0.195202,-1.845108
0.998659,0.197551,-1.586179,0.491234,0.001031,1.113532,0.182310,-0.517617,2.405229
0.141384,0.526138,-0.057861,0.430912,-0.863429,-0.982811,-1.050516,-0.672716,0.061924
0.080649,-0.193852,1.983083,0.850357,-0.492295,0.182738,1.555859,-1.056247,-3.121633
0.257475,-0.588359,0.147151,-1.660460,-0.831435,-0.193306,0.149946,-0.250969,-2.223947
0.141551,0.628000,-0.386630,2.036894,1.356746,0.300132,0.022147,0.836016,3.156623
0.664368,0.751434,0.302874,0.434044,0.506496,0.914571,-0.809859,-1.226079,2.142254
0.838557,-2.896775,0.187896,-0.924390,-1.106738,-0.317904,1.008062,-0.616200,-2.289266
0.406264,-0.294890,0.638320,1.377106,-1.057634,2.882159,1.111719,-1.677385,3.092163
2.701430,-0.006692,1.182559,0.860705,-0.190815,1.830937,0.294396,-0.168511,-2.725267
-0.015955,1.018308,-1.468332,-1.169978,1.512156,0.350569,-0.514310,-1.514042,3.082285
-0.715820,-2.096176,1.528636,0.273788,1.218520,-0.416690,-0.595711,-0.249426,3.743316
-0.155535,-0.858849,0.041980,-0.434171,0.026121,0.076575,0.698575,-0.036470,0.164380
0.583490,-0.330894,1.084017,1.161500,1.682866,-0.942023,-0.093901,0.188403,-0.642172
-1.155711,0.295234,-1.913295,1.629076,-1.952434,-1.672003,1.701877,-0.365741,-0.539426
-0.173090,0.513275,1.338021,2.037051,0.661109,-2.456434,-0.366247,-0.498674,-1.679790
-0.300118,1.585799,-0.760323,0.223171,1.314639,0.386984,0.763665,-0.196715,1.065531
-0.323313,-2.416410,0.945576,-0.315810,2.589728,-0.093063,1.330130,0.274435,1.516993
-1.246335,0.234819,1.269728,0.507591,-0.213292,-0.021569,-0.736981,0.602568,2.630258
0.323925,-0.284422,-0.364032,-1.380509,0.823452,-0.710903,-0.072315,0.754262,-1.318760
0.318245,0.039411,0.031792,-1.224605,1.066886,2.038912,-0.400881,-0.974744,3.645506
-0.443288,-0.131886,-1.981169,0.256742,-0.888554,-1.238790,0.204138,0.333860,0.965695
-0.689160,-1.030074,2.235627,0.545493,0.274499,-1.150778,1.144175,-2.044589,-2.059455
1.119464,0.741454,-0.867727,-0.751969,2.344381,0.462395,1.069027,1.807554,-1.922727
0.385577,0.178951,0.624003,-0.521207,-1.512906,-0.098535,-0.778961,-0.144923,-1.375271
1.239554,0.399619,0.308992,-0.487879,-0.677567,0.810406,-0.406930,1.415608,-1.964922
-0.393041,0.604114,0.098547,-0.107383,0.399306,0.477152,-0.713923,-0.926647,3.084685
-0.231833,-0.370642,-0.614990,-0.175015,0.722293,-0.632824,-0.736818,0.261223,2.465721
0.155987,-0.041508,0.354287,0.020839,-1.483781,0.787997,0.470759,-2.567597,0.103435
-1.073527,-0.678696,0.997550,-1.554622,-1.080056,0.605912,0.760614,-0.842325,-0.131501
-0.769901,1.898779,1.027686,-0.262649,-1.151405,1.455503,-1.051140,-0.611954,2.260395
1.224477,1.153949,1.343389,2.551896,1.790321,-0.316347,0.736449,0.747508,-2.508507
-0.078666,1.404630,-0.024103,0.389420,-0.666976,1.877049,-1.177945,0.904580,3.995338
-0.710031,0.534119,-0.181426,1.092082,1.230688,-1.254639,-0.870266,-0.849282,3.219480
0.500731,0.794827,1.068361,0.124672,-2.366357,1.145710,-0.584420,0.661169,-1.265621
-0.895123,-0.203828,-0.832745,0.521967,-1.364749,0.123949,0.780551,0.187216,1.781598
1.076268,-0.097497,-0.263825,0.689966,-0.573905,0.129024,1.649917,1.873904,-4.020111
1.829234,0.233806,-0.265421,0.766500,-1.541447,0.081245,1.644013,1.166538,-6.062121
2.022024,-1.751420,0.654139,-0.126396,1.030719,-0.393700,-0.511225,0.447747,-1.645565
-0.095999,-1.685467,1.245738,-1.374435,-0.585734,-0.056370,-0.445481,1.102365,-0.468868
1.469722,0.175994,-0.166664,0.665753,1.770722,0.393735,-0.647285,-2.153480,2.062629
-0.225020,-0.767929,0.528550,-1.061857,-0.339108,-0.386645,0.947613,0.184245,-2.408713
-0.348364,0.913149,-0.966537,-0.350513,0.483974,1.310465,-1.023218,-0.307072,5.282777
-0.451192,0.389958,-2.326235,-1.135229,0.900007,-1.129033,-0.347462,-0.711465,2.218545
0.108375,0.323308,-1.677447,2.198798,0.123058,-0.814948,-1.083586,0.761646,4.360924
0.289653,-0.803188,1.404091,-0.295151,-0.862703,0.447747,-0.442900,0.620114,-0.546383
0.312368,0.452861,-0.898387,0.958097,0.717592,-1.007438,-1.640643,-1.015957,3.463741
-0.651980,-0.532843,0.282606,0.228178,1.426774,-0.104527,0.501524,-0.594799,2.354919
-2.048666,-0.172009,0.543401,0.208179,-2.134381,0.614551,-1.692625,-1.189031,6.780406
-0.673721,-1.449558,-1.936528,-2.864999,-0.061643,1.039574,-0.204764,0.173168,4.430766
-1.257911,0.593613,1.496962,0.213703,1.218277,0.473565,-2.125063,-0.560940,6.196078
1.081433,-1.582298,0.451210,-0.442813,0.427912,0.301156,-0.098765,1.815035,-0.617717
-0.633831,-0.386529,-0.817578,0.793300,0.498562,-0.031155,-0.855994,0.212672,5.373169
-0.055326,0.832685,0.669804,-0.907273,0.884016,-0.985196,0.361092,-0.131796,-3.117118
-0.754295,0.659907,-0.725249,-0.099745,0.318131,0.331136,-0.431134,0.315210,3.512637
-1.973861,-0.919810,-0.841381,0.229770,-0.371883,-1.697161,-1.407827,0.110079,5.682517
1.271453,0.799093,0.023673,0.042704,-0.606200,0.105397,-1.154956,0.036559,-0.950566
-1.065847,-0.933496,-2.129797,1.479054,-0.206075,0.185590,0.302017,0.918002,6.583545
0.077907,0.324771,-0.563374,-0.623538,-1.257726,0.011372,1.537891,-0.293553,-3.147240
-0.991782,0.890557,0.928181,1.615936,-0.247266,0.791311,-0.187018,-1.333993,3.878847
1.781740,0.915779,-0.026059,0.768119,-0.547931,0.917725,2.252565,0.885066,-5.867027
0.217890,1.596975,1.105151,1.194879,-0.514362,-0.325033,-0.969784,1.078079,-0.895068
0.475787,-0.044987,1.236230,3.086517,0.972660,-0.764924,-1.238962,1.518197,2.314907
-0.847487,0.488524,-1.084518,-0.332019,0.881380,1.264640,-0.578253,-0.618196,6.331436
-1.252617,-0.170781,1.353435,1.226958,1.430448,1.259116,0.975584,0.363441,4.030814
0.522603,0.412060,0.242583,0.742612,-0.664089,-0.097266,-0.241320,-0.801172,-0.288421
0.287034,0.611009,2.244217,-0.035920,0.064755,-1.030059,-1.920081,0.758852,-1.754761
0.257287,0.350152,-1.599270,-0.117834,0.618332,0.456950,0.353501,2.972360,1.038520
1.070877,0.501780,0.363645,0.803283,0.203262,0.275861,-0.820908,-0.032144,0.349256
0.015793,-0.306107,0.882271,-1.182815,0.450516,0.825771,-1.289092,0.531925,2.301091
-0.305450,0.252273,-0.583328,-2.078904,1.494950,-0.135003,0.977941,1.060508,-1.584037
-1.059965,-1.436900,1.170218,1.006559,2.229313,0.860788,0.559087,0.873627,5.174744
-0.971890,-0.275043,-0.569500,-0.686001,0.646222,1.494042,0.273503,1.422482,4.423352
1.533303,1.646334,0.780906,0.670678,0.746563,0.221851,-0.613322,1.436130,-2.664052
-1.536038,-1.143535,-0.597664,1.474416,-0.206103,-0.641054,1.034389,-0.136705,3.722522
-0.398203,-0.642656,-0.850061,1.238243,-1.432716,1.265084,-2.771146,-1.063961,9.955423
0.482763,1.073107,1.620910,1.205136,-1.618369,1.036915,0.527229,0.151576,-2.283272
0.674614,0.220840,-0.631273,-0.796303,0.104330,1.103692,0.345131,-1.034242,0.614623
-0.853454,0.861541,0.795967,-0.265519,-0.382235,-1.087555,0.667973,0.436567,-2.944668
-1.102041,-0.846029,-0.400809,1.122176,0.399581,1.437573,0.904430,-0.291638,6.085850
0.237534,-1.229548,0.361745,-0.826432,-0.773710,-0.873790,-1.324176,1.272842,-0.041198
0.161377,0.899503,1.242795,-2.264547,-0.316801,1.172972,-0.090758,-0.292371,-2.204776
0.472064,-0.330608,-1.564544,1.075130,0.855386,0.882473,2.132123,-0.864248,1.477966
0.311556,-1.557579,0.806382,0.648247,1.707225,-0.848011,-1.459012,-0.910701,3.589447
0.448534,0.517537,-0.146170,-1.229437,0.009049,2.232004,0.703139,0.608192,0.346078
-2.250958,-0.117962,0.580543,1.179449,-0.064086,-0.520289,-1.029628,0.880443,6.022045
-0.796037,-2.087637,1.848379,1.464147,-0.854630,-0.380233,2.545867,1.079381,-2.466911
0.690218,0.766938,-0.513240,-1.580072,-0.470402,1.482112,1.010973,-1.211054,-1.604745
-0.557824,0.424878,1.332930,-0.232139,0.890645,-1.322359,-2.492716,-1.480739,2.573977
-1.539143,-0.037660,-0.217539,0.444891,-0.685514,0.916159,-1.339584,-0.636934,7.470395
0.822663,0.445783,-0.689072,1.043275,-1.488380,-0.223957,-0.032204,0.910560,-1.232277
0.515656,1.583720,0.436294,0.696504,-0.006741,1.912434,-0.304980,-0.778782,2.071308
-0.256215,0.182065,-0.427892,1.107948,-1.209421,1.087987,-1.236559,-0.682672,5.496805
0.383049,-1.749400,-0.346264,1.436778,0.886473,-0.441312,2.628147,-0.733163,-1.056831
1.170520,0.758360,0.061915,-1.266088,-1.197373,1.289662,-1.371310,1.326382,-0.627703
-1.006065,-1.342277,-1.302078,-0.392660,0.422212,-2.546837,-0.171268,0.601083,1.132463
-0.586680,0.553340,1.065963,-0.758260,0.737598,-0.494869,-0.183799,-0.662943,-0.486552
-0.762557,1.375541,0.325315,0.477432,-0.142378,0.290029,1.259883,-0.569985,-0.719684
-0.987924,-0.845117,-0.415184,0.185604,-0.854745,0.119598,0.626145,1.078981,2.067057
-1.071904,0.625486,0.592352,0.386155,0.204970,0.874399,-0.450240,0.538725,3.834086
-1.229532,1.862646,-0.039434,0.132053,-0.015728,-0.529651,-0.948393,1.138280,1.716713
-1.829414,-1.742579,-0.361800,-0.801987,2.080159,-1.213810,-0.939635,0.819253,6.083842
2.154653,0.424368,-0.871656,0.353846,-1.026828,2.057370,0.581657,0.424474,-1.153920
0.573539,-0.193505,1.196086,-0.337119,0.367614,0.016944,-0.827161,-1.512135,0.159080
-0.788375,0.986724,0.754780,-0.800099,-2.614955,0.227468,-1.424201,1.540306,-0.074785
0.630412,0.912187,-0.210219,0.372811,1.675787,0.594629,-1.221959,-0.466873,3.411921
0.766047,-1.075658,0.912491,-0.168478,0.075403,-0.573439,-1.096308,-0.875139,0.085134
0.049700,-1.326430,-0.117920,-0.369882,0.426120,-0.206939,0.194553,-0.824234,1.422981
0.880489,-0.926808,0.382695,-0.603014,-0.959810,-0.529595,-0.113037,-1.384095,-2.108866
-2.434550,-0.719335,0.928695,1.183014,1.527672,-0.914263,-0.125197,-0.958311,6.133352
-0.396489,-0.482471,-0.173939,1.346890,0.042580,-2.357930,-0.560640,-0.559619,0.722221
0.754521,-0.522909,-1.229399,0.751736,-0.590594,-0.046678,0.346327,1.865645,0.032205
0.594314,0.600348,-1.861200,1.380616,-1.865825,1.111524,-0.039734,-0.788722,2.979001
0.414554,0.186748,-0.176568,-1.142158,-0.254820,0.457703,-0.256952,-0.380522,-0.280012
-1.464626,-0.452212,0.996759,-0.635946,-0.570267,-1.114857,-0.651500,-0.574649,1.179019
-0.088606,0.042851,0.017006,0.707495,-0.068447,-1.068250,0.288092,-0.453266,-0.731673
-2.039030,-0.917113,0.218057,-0.432601,1.190511,0.614261,1.220115,1.078812,3.975737
0.792823,0.958379,-0.173216,2.078223,0.351141,0.182998,1.181487,0.138937,-1.048987
0.257185,-1.105142,0.749690,1.053323,-0.703295,-3.516300,-0.985008,-1.701262,-2.609445
-0.472882,0.530850,0.225463,-1.609932,-0.284821,1.081082,-1.003316,-0.065731,2.305175
-0.020075,1.046716,-1.479782,-0.454136,-0.395512,-1.082902,-0.096441,1.049596,-1.174066
-1.412338,-2.207460,-0.101563,-1.145015,-0.443857,0.544874,-0.359258,0.027951,5.372742
0.216353,0.585664,2.103090,-0.724725,0.862149,-0.295945,0.086700,0.878488,-3.672225
-0.347926,-1.163020,0.910637,-1.665176,-0.104781,1.249433,0.670498,1.292745,0.008198
1.090073,0.616886,-1.036115,-1.554821,1.529073,-0.928075,-0.095806,0.778621,-2.894735
-1.352932,0.152721,-0.546999,-0.006314,0.202585,0.345547,-0.427739,-0.540674,5.169582
0.874880,-0.102382,-0.491318,0.224901,1.811978,-0.212961,-1.126207,-0.681830,2.769206
1.001836,1.606307,0.294045,0.041747,-0.530713,-0.264085,-0.194164,-0.205571,-3.496909
-0.148795,-0.032684,0.629226,1.306247,-0.350844,-0.178606,-0.075438,-0.280010,1.020389
-0.088353,0.414117,-2.981581,0.985301,0.411036,-0.452851,0.655622,-1.186145,3.478940
-1.780933,0.609351,1.335757,-0.146232,1.598336,-0.604497,0.918104,-0.608713,0.610963
-0.360547,0.316010,0.584447,1.893363,-1.043039,-0.028578,0.265514,0.363338,0.699702
0.208614,1.697966,0.425024,-0.499921,-0.010459,-0.525183,0.058846,-1.492347,-2.829205
1.377502,-1.041463,-0.718956,-0.979580,-0.204528,0.216768,-0.709443,-0.134486,0.185287
-1.671051,-0.979235,0.905349,-0.091514,-1.690777,-0.149028,-0.428304,0.759085,2.609121
0.217069,1.967645,-0.424611,2.001762,-0.543583,0.351487,-0.448116,-1.707336,2.156893
-0.235663,1.456520,0.065882,-0.332114,-0.805610,-0.375993,0.441523,-0.443449,-2.473725
0.643220,-0.829483,-0.533427,0.600141,-0.708307,-1.520219,-1.496409,0.907610,0.496066
0.105718,-0.720065,-0.258786,-0.320210,0.861244,-0.450317,-1.568177,0.899402,3.142901
-0.014939,-1.087707,-0.186038,-0.564248,0.224054,0.986571,-0.667170,1.074459,3.684357
-1.480569,1.374790,2.188689,0.436811,0.014526,1.394411,1.805344,-0.334348,-0.550032
0.072073,0.402064,0.957340,0.231462,1.373149,-0.134607,-1.563261,-0.207528,2.526296
-1.387681,0.610727,-1.293033,-0.622492,0.251125,-0.996867,-1.504865,-0.058654,4.618598
-0.976530,-0.704953,0.070031,0.605400,0.720637,0.166134,0.585347,0.001057,3.431997
-0.034782,-0.605235,0.799511,-1.035327,-0.621814,-0.030940,-0.375783,0.690412,-0.756868
1.066836,-1.947378,-1.486110,2.097799,-0.226383,1.346627,0.787060,2.165848,3.853777
-0.352775,-0.395982,0.261415,0.749992,0.366751,1.703405,-0.589006,1.968577,5.266579
0.505456,-1.206378,-0.893529,-2.442880,-1.581102,-0.662709,0.119677,-2.546830,-2.251617
0.284156,-0.201321,-0.122201,0.278574,0.249570,-2.142463,-2.389345,-0.320413,1.428709
-1.001150,2.284686,-0.139040,-0.014470,0.372968,-0.656976,1.248247,0.825677,-2.534538
-0.358679,1.033746,-0.475412,-1.283950,1.687033,-0.289927,2.407349,-0.895286,-3.439682
-0.667410,0.004196,-0.185640,-2.022034,0.180584,0.648541,0.002657,1.388449,0.835123
0.394540,1.316150,-0.721535,-0.713930,-1.180357,0.111616,-1.243792,1.107250,-0.187609
-0.845480,-0.800657,2.123134,-0.195833,0.788752,-0.853065,2.215076,-0.217889,-4.030525
0.695951,-0.295705,-0.154587,0.347543,-1.086562,-1.143064,-0.299375,-1.195675,-1.644491
1.246540,2.438905,-0.354708,-1.052053,-0.057479,-0.143098,0.321983,1.279115,-5.835819
1.225646,-0.076825,1.258864,0.091139,1.125404,-0.723569,-0.622593,-0.687579,-2.105348
-0.294119,-0.919190,0.493695,-0.642063,0.226095,0.479610,-0.640058,-0.330661,2.894854
0.465749,0.094769,1.059744,-0.411443,0.382095,0.550540,-0.144501,0.213635,-0.698504
-3.291646,0.008318,0.705383,-0.978744,-0.322642,-1.724307,-0.397407,1.222200,2.393470
-0.416791,-0.128423,-0.327621,0.444107,-1.047547,-0.749055,-0.796280,-0.479974,1.838832
-2.153101,-0.857955,-0.009699,0.199938,1.454532,1.387336,0.648289,-0.152987,7.737176
-0.664299,0.794887,1.548942,-0.917463,1.181115,-1.628240,0.128210,0.753317,-3.676047
-0.321520,1.376374,0.371670,0.478212,0.321853,-0.848259,-0.883754,-0.956321,0.637699
-0.312825,0.378021,0.612541,-0.338576,0.757741,-0.157604,1.429837,-0.144423,-2.161780
0.618362,-0.721192,-2.217707,-1.347916,-0.546648,0.327991,1.596181,0.233324,-1.432139
-2.021437,-0.124543,-0.389093,0.232523,0.404169,1.891183,0.801407,-0.220544,7.154845
-1.357811,1.025992,0.675950,0.389795,0.817762,1.207774,0.647085,-0.567085,3.415819
0.817595,-0.371635,-0.378615,0.127117,-0.204490,-1.025626,-1.698703,-0.517538,1.143650
1.231858,-0.195254,-0.152287,1.074162,1.518426,-0.294184,0.597123,1.209951,-1.223483
-1.042540,-1.120467,-0.476404,-0.550721,-0.661704,-0.714123,1.020609,0.363954,0.114560
-0.515828,0.579319,-0.004489,0.012828,0.775068,-1.779414,-0.626083,0.935282,-0.354889
0.118012,1.076030,-0.372510,1.059275,0.060850,-0.193213,0.698969,0.966307,-0.934985
-1.090174,0.675280,-0.471216,0.366690,-0.080353,-0.990570,-0.563927,0.540618,2.009384
0.347377,0.200162,-2.185135,0.537681,-1.420909,-0.356292,1.609300,0.372731,-1.741247
0.384181,-0.505160,-0.350482,1.379593,-0.588744,-0.537269,-0.462456,-0.449584,1.636729
0.038788,-0.626011,-0.139809,0.634003,0.474613,-0.349630,-1.573248,0.061608,4.197378
-0.914043,0.036893,-0.676389,1.660122,1.116182,-0.014283,0.230425,-0.865218,5.304553
-2.048301,1.622841,0.596247,1.015599,0.488742,0.681967,1.794274,0.769768,1.414195
1.231845,1.185686,0.011198,1.717530,-1.531889,0.573788,1.086968,0.232306,-3.280667
-1.203000,1.124432,-0.126886,-0.361197,-0.785994,-0.624145,1.262709,2.272063,-2.669378
-0.757744,-0.100209,-0.429057,-0.508929,1.518150,-1.296300,0.098406,0.479558,0.778618
-0.656696,0.398896,0.697916,1.288859,1.204990,0.292457,0.016426,0.237109,3.046594
-0.792822,-0.547676,0.495683,0.312302,1.165787,0.754313,3.089478,-1.433723,-0.358442
-0.248473,-0.956110,-1.225835,0.133595,-0.501106,0.307272,2.811519,0.403399,-1.351333
0.367391,-1.009995,0.536244,1.431774,-0.338132,0.418449,0.926702,-0.685255,0.590855
0.319788,-0.211926,-0.613169,0.358408,0.852019,-0.088555,-0.797634,1.084790,2.504390
-0.355841,-0.126901,0.470506,0.692567,-0.080135,0.953155,1.425596,0.006448,0.540077
0.441361,1.958035,0.231373,0.120217,-0.728856,-0.265518,-1.441209,-0.960629,-0.447745
-1.159858,-0.176761,-1.306566,-0.437891,-0.630448,1.284860,0.935521,0.778537,3.820693
0.772511,1.394092,1.480344,0.341840,1.100800,1.058504,0.756454,0.755877,-2.590293
-1.534167,-0.251111,-0.035635,0.954599,-0.301559,-0.236821,0.619550,-0.290535,3.018517
0.113351,1.574932,0.865270,1.186063,0.475642,0.959987,-0.392393,-1.068040,1.970545
0.350907,-0.703459,0.369672,0.096534,-0.799240,2.268853,0.438238,-0.110800,2.501302
-1.216760,0.453792,1.134892,0.010890,1.401169,0.718550,1.499947,-0.406757,0.993234
-0.606313,-0.720142,-1.429942,0.379425,0.447668,-0.405683,0.429171,0.917965,2.968668
0.500330,1.081809,-0.010648,-0.521674,0.696406,0.884762,-0.047504,-1.176931,0.539489
-1.458221,0.679617,-0.999761,-0.810423,0.382825,1.660066,0.684732,-0.342696,4.960347
-0.259937,-1.284863,0.969881,1.338212,-0.143856,-3.150007,-0.349955,-0.270454,-1.940652
0.345779,1.937122,1.840516,0.252528,-0.297151,-0.746666,-1.203094,-0.421759,-2.877220
-0.260223,0.911342,0.220226,0.617016,0.730837,-0.633464,-0.359507,0.164397,0.616941
-1.807203,1.316513,-0.158278,-1.595813,0.164099,-0.593916,0.700468,-1.359816,-0.172824
-1.005985,-0.698412,-0.476125,-0.157797,-1.300954,0.298842,0.160586,0.121100,2.675709
0.425031,-0.947019,1.362049,-1.490631,0.212018,1.438971,-0.121393,-0.090908,0.328976
-0.967356,-0.097868,0.273003,-0.551432,-0.141324,-0.706296,-0.010659,1.540825,0.013699
-0.849322,0.677088,-0.979912,-0.667138,0.144352,0.814575,-0.419369,0.328165,4.042769
0.645303,0.961370,0.307774,1.015815,0.601432,0.078831,-0.522659,0.847353,0.282283
-1.449230,0.110749,0.459658,1.304961,-0.067620,-0.748870,1.559277,0.753510,-0.147786
2.033712,1.262302,0.796579,-0.820651,0.427666,-0.577221,1.212029,0.842896,-8.962940
1.379808,-0.107268,1.078465,-0.066768,0.184500,0.240398,0.277234,-0.607158,-3.044532
1.199469,0.293813,-0.389972,2.297356,0.819574,1.805461,-0.895348,0.070935,5.480357
-0.167993,-0.455763,-0.204053,0.066213,0.316542,1.201751,0.348383,1.166285,2.741525
1.147007,-0.069456,-0.547684,-0.060968,-0.182763,-1.279746,-0.735345,0.588424,-2.107647
-0.374241,1.724391,-0.243644,-0.223003,-0.072883,-0.106894,-0.608698,0.512349,0.446270
-1.177112,0.129136,-0.147815,0.973821,-1.071426,0.115560,0.972101,0.453146,1.435711
-0.802683,1.840407,-0.629763,-0.126546,-1.106755,-0.004526,0.186513,-0.093049,-0.063283
1.227662,-0.501228,0.865183,0.509070,0.769760,-0.837071,1.123478,0.239530,-4.362430
-1.827917,-0.014374,-1.445095,-1.459556,1.418114,-1.167144,1.250689,0.234235,1.289373
0.563346,1.167948,-0.880652,0.835854,0.514346,1.334921,-0.337340,-0.506289,3.349659
0.034850,0.574719,2.155703,-0.403687,-0.597319,1.098182,0.146585,0.526166,-1.986909
-0.461021,0.558744,-0.653476,-0.338847,-1.170060,2.178568,2.479018,0.553583,-0.348703
2.037035,-0.911603,-0.525344,1.163581,0.476050,-0.159316,-0.847960,1.874958,0.079810
-1.685323,0.754288,-0.707148,-0.917966,0.572481,1.938352,-0.856667,0.730580,7.611936
0.086428,-0.467286,0.675843,1.554982,-0.600815,-0.509770,-0.661289,-0.296301,1.505898
1.515420,-0.967602,1.180744,-1.168618,0.173050,-1.248524,-0.964838,-1.373471,-3.607037
-0.543154,0.029222,0.089335,0.239875,0.015868,-0.173218,-0.128470,1.024259,1.316080
-2.977626,0.018068,-0.369490,2.612648,-1.288010,0.778943,-0.860066,-0.501480,11.017685
0.020586,1.018585,1.574526,0.423586,-0.632927,0.591564,-1.259194,-1.061909,1.101461
-0.678482,1.249519,-1.237285,-1.086933,-0.141818,0.136967,-0.260622,1.208941,1.230215
-1.291885,0.994166,-1.126609,-0.427336,-0.216718,-0.232674,-0.257788,0.973999,2.532773
1.766048,-1.017087,0.251987,-0.253818,-0.218536,-0.550805,-0.058952,0.527500,-3.535432
-0.083819,-0.482889,0.423213,-2.318848,-0.179099,-0.508610,-0.937379,0.565879,-1.033963
1.204757,-0.156244,-0.653231,-0.728125,0.213113,-0.780709,-2.035756,0.458401,0.513920
0.351343,0.344974,-0.902034,0.296863,-0.973527,-0.146784,0.305520,-1.157657,-0.155997
-0.302914,-1.251031,1.165849,1.099841,-0.676336,-0.307005,-0.480621,0.426353,1.686828
-0.246385,-1.013562,-0.625039,1.592735,-1.324112,0.464918,0.392747,0.357616,3.189694
1.335147,-0.021654,1.107647,0.770117,-0.987552,2.068936,0.074787,0.101448,0.001373
-1.015569,0.156196,1.188877,0.647814,0.041816,1.258367,-0.932211,-0.872830,5.466798
-0.281971,0.868367,1.168074,1.909144,0.448474,-0.950577,-1.654358,-0.674208,2.701675
0.989839,0.314971,0.650661,1.344126,-1.174995,-0.985669,-1.455435,-0.988698,-0.694306
0.989696,-2.036236,-1.102269,0.703098,0.465820,-0.661723,0.717479,0.961871,0.222240
-0.790944,-0.259584,1.021884,1.152453,-0.187018,1.209366,-1.524371,-0.237964,6.592350
-0.311451,-0.178875,-1.396780,1.146056,-0.092448,-0.876341,-2.159849,0.819788,5.809861
-0.676189,-0.551173,-3.215388,-0.517373,-0.320072,0.418830,-1.118500,-0.464404,7.793502
-0.858280,0.584549,1.240353,-0.716287,-2.690370,0.220349,0.002189,-0.353203,-1.855365
1.036177,-1.463168,1.033909,-0.006581,-0.644263,1.108502,-0.097897,-0.114627,0.248160
0.775391,0.214326,-0.830509,-0.884034,-0.037180,1.520606,0.058609,-0.871828,1.576917
-0.181348,-0.161902,0.403535,0.799782,-0.784165,1.271792,1.544326,-0.898145,0.492475
-0.908491,-1.471263,-1.512519,-0.879212,-0.207972,0.219100,-1.010300,-0.088430,6.249491
-0.490214,1.530163,-0.495677,1.135585,0.394323,1.469016,0.640840,-1.992075,3.801472
2.102902,-0.047873,0.247077,1.396044,-0.144199,0.713616,-1.087779,-1.033903,0.833033
1.100409,-1.254611,-0.241055,-0.834928,1.013304,0.204063,-0.736541,0.013633,1.205001
0.730236,0.179163,0.829388,1.335065,1.136360,0.384239,-2.178120,-0.210848,4.428084
-1.170523,0.128012,0.832156,2.109982,-0.134086,-1.210427,0.088844,-0.549027,1.836381
-1.340220,1.390306,-0.570530,1.079155,1.189232,-1.530281,0.399389,-0.089863,1.312886
1.388595,-0.628684,-0.354114,-0.238345,-0.300737,0.063510,-1.454608,-0.189127,0.976184
1.212919,-0.803236,1.951556,-0.281736,0.590222,-0.146134,0.864564,-0.466479,-4.536952
0.472768,0.644904,1.390272,0.133682,-0.677640,-0.060023,-0.516146,0.707437,-2.225761
1.212562,-0.155508,0.733095,1.242603,0.596621,-0.572992,0.918905,0.771832,-3.437808
-0.213522,-0.422308,0.994782,0.349693,0.581121,1.214735,-1.588089,-1.046843,5.818323
-1.314688,-0.705141,1.704157,-0.344397,-1.450516,-2.637744,-0.563296,0.040392,-2.823383
1.238111,1.348622,0.983864,-0.543390,-1.460134,0.418403,-0.276846,-1.084351,-4.187034
0.707108,0.890374,-1.061307,0.851865,-0.519365,-0.460534,-1.405787,0.499160,1.370677
-0.237314,0.071731,-0.919440,0.143646,-0.593980,0.147578,0.153207,-1.353305,2.095313
0.334501,0.735150,-1.626735,-0.664388,1.286507,0.324997,-1.190017,-0.838771,4.110666
-0.913838,-0.867653,0.970872,-0.160709,-0.989579,1.543970,-1.473118,-0.947515,6.219500
0.695209,-0.705476,-0.202688,-0.210183,-0.343532,1.185356,-0.549953,-1.334596,2.845052
-1.238290,0.293928,0.272216,-0.559902,0.365365,-0.103953,1.422547,1.158056,-0.795465
-0.967230,-1.468270,0.052652,1.552839,0.992772,1.641388,-1.406136,-0.012596,10.730241
0.343549,0.452956,-0.975140,-0.194004,-0.582368,-0.310372,-0.363973,-0.793011,0.244090
-0.944859,-0.805263,2.256699,-2.610083,1.134802,-0.241445,0.358831,2.928515,-2.966513
-0.430589,0.295813,-0.263106,0.923245,-0.314961,-0.099903,-0.535685,-1.775113,3.271353
1.537386,0.486677,-0.547298,-0.296100,-0.956536,-0.407794,0.893753,-0.923380,-4.936942
-0.593111,-0.967700,0.372922,0.912074,1.702852,-0.874638,1.956037,2.849910,-1.298087
-0.470694,0.160170,0.077528,-0.206853,-1.136225,-2.804903,1.177653,1.235678,-6.472134
-0.952836,0.556615,0.329809,-1.321393,-0.562245,0.283352,-1.265122,-0.074927,2.368368
0.289292,0.534773,1.252836,-1.709374,-0.911106,0.098153,1.176260,-1.064851,-5.544623
-1.855215,2.052544,-1.421244,-0.648713,0.868457,0.748024,-0.202196,-0.515387,5.460913
-2.846995,1.728103,-0.177954,-0.393888,0.088210,0.331452,-0.274498,-1.620758,5.792427
0.390824,-0.099271,-1.194005,-1.332029,-0.126016,0.304230,-0.962814,1.444956,1.435401
0.233035,-1.596691,0.312574,-2.236255,1.210864,0.246548,-0.788648,2.208176,0.971394
-0.005819,-1.611312,-0.327903,-0.138743,-0.600005,0.102154,2.888208,0.971044,-3.063265
-1.304572,-0.095145,0.403949,-1.951638,-0.068651,-0.092834,0.525120,-0.381979,-0.016885
0.484431,0.043346,0.610604,1.191223,0.633159,0.884675,0.276633,-0.727374,1.636923
-1.097237,0.607557,-1.895280,-0.231327,0.350489,1.427989,1.842631,0.663098,3.259740
1.713994,-0.069117,0.081495,1.074084,-0.446703,-0.523519,-0.090259,-0.915601,-2.465343
-1.308280,0.451839,0.403394,-0.681219,0.503190,-0.040411,-1.670471,-0.957126,4.887097
-0.312360,-1.090680,1.237223,1.598123,2.282901,0.170478,-1.429256,0.476131,6.441863
-0.360624,2.161150,0.569643,-1.625240,-1.901076,-2.034440,0.929597,0.568524,-9.153591
-0.048742,0.452238,-0.563332,-0.821606,0.241041,-1.645366,-0.131173,-1.326566,-1.674420
0.853515,-0.230835,-0.586015,-1.428393,-0.440537,0.076176,-0.135145,0.382906,-1.633167
-0.663653,0.234501,-0.136042,0.640744,0.434335,0.065161,1.354317,-0.550978,0.770614
-2.106722,-1.014764,-1.196985,1.436469,1.348545,1.001213,1.064939,1.044908,8.557423
2.082501,-0.435832,-0.255969,-0.720249,-2.295559,0.483582,-1.455643,-1.732370,-1.331112
1.040844,1.407931,-0.977775,-0.264559,0.532355,1.548739,0.776868,-0.666350,-0.093977
2.320248,0.919640,-0.099172,1.073246,-2.294398,0.119448,-0.482339,-0.400569,-4.093353
0.027805,0.082323,-0.697146,-1.371367,-1.730342,-0.100715,-0.455956,1.167373,-1.057952
-0.004072,1.086618,0.451900,-0.343701,-1.477869,-1.794118,-0.402394,-0.676581,-4.254134
-2.062012,-1.073700,-0.544024,1.079806,-0.428223,-1.774300,0.753849,0.338875,2.541849
-0.078825,-0.020307,1.769820,-0.524382,-1.286072,0.145532,0.865516,-0.374270,-3.744591
-0.920395,-1.702580,-1.865747,1.041531,0.667115,0.397299,-0.099550,-1.651091,8.685684
-0.373406,-0.499238,0.954742,0.240864,0.558943,1.438146,1.123059,-0.854741,1.936335
0.325739,-1.095132,-1.207968,0.417727,0.504576,-0.253391,-1.316590,-0.359908,4.904924
-0.829959,-0.216169,-1.852984,-0.401253,-3.144278,1.036790,0.330508,0.078344,2.838117
-0.287536,1.336531,1.226739,-0.549783,-0.961293,-0.889255,-1.832002,0.780516,-1.215235
0.244111,-0.124737,0.917205,1.131545,-2.200165,0.402255,1.490616,0.441218,-3.242761
0.449653,0.815112,0.264608,0.299253,-1.062421,0.639152,1.174637,0.195944,-2.811864
-1.791539,0.032158,0.332143,1.775837,-1.634039,0.816978,1.496862,-0.168181,2.889272
2.437447,-0.482797,-0.249704,0.917274,-1.519758,0.119722,-1.335653,-0.259622,-1.071430
0.654001,0.803179,-0.420366,-1.198128,-2.112802,0.857145,0.444041,0.116091,-2.954603
-1.127150,0.030696,-0.174829,-0.112492,0.009232,0.185432,0.390320,-1.208515,2.703600
-1.569338,0.911910,0.216947,-1.520057,0.388692,1.375228,-1.019789,-0.148976,5.267852
-0.520839,0.612483,0.147538,-2.450188,0.001730,-1.218162,-1.252182,-0.055209,-1.304495
0.045056,0.497977,-0.440451,-0.084591,-1.094170,1.290910,-0.681809,-0.173794,2.873475
-1.455579,-0.108463,0.647211,0.438981,-1.455750,1.112191,-0.222509,0.665094,4.061856
1.386442,0.385058,-0.233407,1.042218,-0.913751,1.560816,0.015715,-0.297188,0.683904
-2.271144,0.787866,1.567828,-0.494546,0.046556,1.263742,-0.979252,-0.741763,5.800736
0.475682,1.425840,-0.795471,1.544729,-0.209140,0.403341,-0.155318,-2.013596,2.058045
0.497638,-1.131966,0.208643,0.432285,-0.355387,0.990599,-0.482305,-0.411440,3.054522
-0.266521,-1.388678,0.664265,-0.102832,1.070324,1.100493,0.504170,0.198340,3.101950
-0.889387,0.435951,0.807368,1.028419,-0.890617,0.350590,-1.381776,-0.466511,4.263624
1.930726,-0.366598,1.688157,1.019598,-3.291178,0.223399,-1.597973,-1.036512,-2.711864
1.591164,-0.065277,-0.749800,-0.614412,1.164029,1.041115,-0.841390,0.774378,1.499145
2.799028,0.089329,1.092388,0.280907,0.030505,-0.259744,-1.120614,-0.221965,-4.221930
-1.771978,-0.708897,0.218371,-0.147562,-0.056807,-0.279448,-2.431200,0.562803,7.574613
-0.261565,-0.349012,-0.845899,0.108034,-0.571337,-1.891120,-0.003790,-0.222303,-0.969813
0.481270,0.717334,-0.724591,0.238408,-0.931970,-1.381180,0.315153,0.244805,-3.411747
0.705526,-0.558464,1.031346,0.215029,-0.299736,2.398174,-1.716023,-0.468699,5.318018
-0.399443,1.195243,-1.110493,2.269365,0.813990,-0.953990,-1.862262,0.731366,5.575012
-0.698960,-0.649242,0.578850,1.140791,1.434727,0.642449,0.791688,2.706756,2.778341
0.489746,-2.344570,0.318763,-2.214848,-1.219787,0.413210,1.600741,0.143375,-3.568309
-0.164365,1.501090,-0.061417,0.356595,-0.650059,0.953609,-0.504523,-0.085386,1.802424
-1.458367,-0.813832,-0.170433,-1.300301,-1.235772,1.712889,-0.612240,0.343324,5.730913
0.861006,-0.695113,1.871100,1.031256,-0.598166,2.432700,0.621222,0.509758,0.639911
-1.107036,0.857519,-0.857593,-0.580553,-0.597401,1.225974,-0.237265,0.623036,4.022152
-1.350003,0.496982,-0.093003,0.348406,0.503729,-0.524445,1.360842,-0.466410,0.499561
0.482700,-0.540099,-0.705870,-1.286767,-0.855205,0.592632,-0.909552,-0.177319,1.599477
0.150230,-0.595215,-0.072310,1.148482,1.684906,-0.313476,0.892426,0.273435,1.084507
0.164927,1.401572,-0.723796,-0.590997,2.624859,0.817854,-1.300774,-0.289616,4.578350
0.022009,0.289067,-0.211394,0.475127,-0.041733,0.637305,-0.245507,-0.101669,2.328129
0.837983,-0.869426,0.892511,0.442237,0.722660,0.893670,-0.488131,-0.560537,2.072481
-0.848258,0.228962,1.637269,0.044187,0.886575,-0.136990,-0.313117,-1.089278,1.431947
2.326285,1.296292,-0.158055,0.777656,1.030114,0.900656,-0.596649,-0.605169,-0.877554
0.443695,-0.321621,-0.814620,-0.270129,-1.562613,1.111034,-0.415407,0.146694,1.996877
0.485356,-0.613638,-0.354789,0.741966,-0.317403,1.230991,0.175580,-1.405472,3.163032
1.021521,0.624903,0.299066,0.821767,-1.892947,-1.469803,0.794188,-0.514946,-6.235650
1.571494,-0.659606,0.705690,-0.200976,0.908487,2.016325,-0.286660,1.375066,1.085631
-2.941960,1.075479,0.273141,-0.778801,0.909144,-2.492140,-1.890300,0.980693,3.733039
1.022646,0.585112,0.351405,-1.985130,0.319362,0.368570,-0.031016,1.627386,-3.852515
0.871915,0.541482,0.888662,-0.530006,-1.478194,-0.540737,0.017877,-0.542395,-4.805375
0.902494,-0.277105,-0.097541,0.874449,-1.683430,-0.425398,1.207366,-0.227144,-3.750953
0.780586,0.012001,1.824002,-0.517187,-1.434931,0.250053,0.811686,-0.648722,-5.281468
0.077757,0.016628,0.503909,-0.547384,3.169629,1.511230,0.673505,-1.127386,3.138143
0.951978,-1.035104,-1.522051,0.230877,0.876005,0.818322,-1.719889,-0.879920,6.612398
0.296476,-0.870181,1.858887,0.393507,0.449169,-0.148060,1.032404,0.798656,-2.803006
-0.304358,1.189858,1.106187,-0.467861,0.065617,-0.632877,1.385313,0.935219,-5.227075
-0.550394,0.705487,-1.346271,-0.479724,1.443277,-0.169566,-0.415609,-1.631356,3.910757
1.204476,0.097823,-0.804263,0.824588,-1.181674,1.853949,0.463572,0.347686,1.056067
0.635557,1.100234,-0.830880,0.597877,-1.064976,-1.240039,-0.253516,0.019489,-2.464256
-0.386468,0.097957,0.950261,-2.058051,-0.856969,0.110897,-1.197591,1.400977,-0.633592
-0.861921,0.078034,-0.911674,-0.060234,-0.233954,0.279918,-0.651631,0.344647,4.298562
0.075901,0.511946,0.276590,0.295349,-0.636129,-1.631125,1.524568,0.810105,-5.853731
-0.294466,1.383044,1.112563,-0.348301,-0.029569,0.560325,0.519085,1.357439,-2.082135
0.049923,-1.745690,0.594435,-0.326317,0.519897,-0.371895,-0.259825,0.350466,1.238451
-1.965485,0.877170,-0.292391,0.627977,0.997235,-0.099962,-0.737349,-0.413105,6.305983
-0.148006,-0.079121,0.134256,0.638155,-0.428227,2.110753,-2.622771,-0.623165,8.929919
0.403273,-1.568000,-0.041342,-0.891507,0.992670,-2.336987,0.930959,0.394090,-4.178218
-0.505099,0.476623,0.068786,0.484500,0.511313,-0.049589,0.415793,0.345367,0.965359
-1.557323,-0.269591,-0.101158,-0.233764,0.437405,-0.283920,1.324356,-1.038400,1.776403
-1.192660,0.438244,-0.496096,1.902888,0.142532,0.352116,0.615254,-0.955383,4.699914
-0.567341,1.163218,-0.009331,0.847635,0.658961,-0.229096,-0.353822,0.628305,1.935359
-0.390219,-0.249561,2.461869,-1.248734,2.497583,1.075410,-0.710606,1.141307,1.912346
-0.030014,0.845053,-1.367228,-0.281804,1.555820,-0.695032,-0.393081,0.352906,1.580412
-0.920518,0.666716,-0.811592,-0.614684,-0.804843,0.078464,0.053965,-0.475130,1.637024
1.172772,-0.372090,-0.388195,0.267090,0.193037,1.369431,0.625886,0.967050,0.286738
-0.247743,-0.519722,-0.324276,-0.312146,1.479785,0.771845,0.195480,-1.763311,4.066217
1.406406,-0.777459,0.047686,-1.099640,1.648739,-2.364118,-0.713014,1.040131,-4.187331
0.846586,-0.501106,-0.383455,0.892889,-0.250242,0.064828,-1.859835,-0.691665,3.857429
1.478738,-0.536695,0.028760,-0.247081,-1.129462,1.158961,0.951220,-0.814235,-2.396212
-1.021737,-0.498239,0.724782,-0.942287,-0.906718,0.736908,1.362187,-0.252135,-0.486230
2.203829,-0.102399,0.215907,1.828504,0.532706,-0.958200,1.338614,2.076899,-6.016084
-0.245521,0.380211,-0.529284,0.777315,-0.874315,1.183428,0.021666,1.445078,2.662899
-1.206287,0.781683,0.341185,-0.104362,0.170077,-0.511612,0.986913,0.846866,-0.956789
0.641188,-0.457228,-0.443542,-1.255660,0.970163,-0.087006,-1.006131,0.829146,1.015159
-0.428689,-0.410253,-0.806561,-1.701366,-0.029598,-0.736786,1.168450,-0.699309,-1.823314
-1.938460,0.037132,0.443110,-1.863754,-0.802356,-0.183768,3.192804,0.982924,-4.513073
0.413206,-0.019621,-0.438798,0.248886,-0.370280,-0.193672,0.319014,0.358977,-0.747077
0.446017,1.725378,-0.491634,-0.690602,0.355292,-1.004114,-0.647254,-0.165959,-2.211299
0.806741,-1.625183,0.491839,0.081852,0.175663,-0.576008,-1.907756,-0.612942,2.568296
1.600149,-0.388236,-2.303040,0.480026,-1.351517,-0.281829,0.127806,-1.058780,-0.471345
-0.566598,-0.942526,-0.132749,0.342198,0.457221,-0.334122,-0.776209,-0.804796,4.303188
0.176250,-0.319577,0.296680,0.987689,0.643883,-1.289408,-0.054911,1.354894,-0.804237
0.273769,0.267947,0.701309,0.521026,-0.988114,-0.995716,-0.392966,-0.165679,-2.057518
0.292060,0.456139,-0.095135,1.801534,-0.337768,-0.522539,1.547059,-2.059922,-1.579510
0.017817,0.266056,-0.323324,-1.613627,-1.197333,0.829242,-0.597915,-0.957146,0.912880
2.019530,1.287091,-0.088717,-0.543211,1.242114,1.053227,1.108676,-0.496939,-3.941390
-2.150146,0.692346,-0.317565,0.551827,-0.489189,1.303716,1.259848,-0.633123,4.767180
-1.279657,1.059293,0.092519,1.044420,0.382578,0.488623,1.056839,-0.202129,2.273312
1.333928,-0.967275,0.058668,0.827462,-0.276288,-1.344813,0.698238,2.002565,-4.496031
0.876215,-0.366349,-0.397236,-1.813016,2.586891,0.344554,-1.510492,-1.184092,3.119629
-2.025490,-0.642150,-1.642428,0.082230,1.265865,-0.917828,2.349665,-1.190949,2.894148
1.446276,1.393697,0.620805,-0.773425,0.842930,-0.536508,0.760896,-0.105889,-6.254736
0.999152,0.062704,0.684464,1.716702,-1.415702,-1.395387,-1.511477,0.107212,-1.307585
1.961310,0.423957,1.054456,-2.128738,-1.015168,0.186449,0.861627,-1.336018,-8.096374
-1.295439,0.697805,-1.382360,-0.930544,-0.037056,-1.468034,-1.096701,-0.084253,2.495771
0.322305,0.055940,-0.888131,-1.095706,0.137870,-0.523039,-1.141620,0.822204,0.740213
0.381509,0.659719,1.008774,1.850345,-0.357015,0.160060,-1.930932,-0.696775,3.197700
-0.481857,1.034113,-0.072305,-0.773835,-0.716935,-1.729815,0.203789,-0.633577,-3.495648
0.324279,1.716566,-1.686841,0.532922,-0.473767,2.145800,-0.725507,-0.845578,5.206640
2.253513,-1.493598,0.496433,1.473066,0.494683,0.883398,-0.700120,0.335363,1.291977
0.508463,0.472454,-0.162608,-0.209618,-1.048085,0.963583,-0.529821,-0.231932,0.844613
-0.147562,-0.633255,1.129068,-1.331482,-0.275846,1.134465,1.346703,1.437697,-2.323119
-1.922398,-0.309271,1.471641,-0.892835,0.503104,0.503580,0.657215,-0.102715,2.175545
0.802380,-0.528306,-0.444341,-1.013975,0.533577,0.034648,-0.682591,1.376967,0.140187
-1.457984,-0.421283,-1.576998,-0.017500,0.447160,0.839121,0.324645,0.207851,6.576222
2.366853,-0.048496,1.321907,-0.276268,-0.003372,-0.305203,-0.031946,1.390089,-6.499199
0.947985,-1.807353,1.902927,-1.226850,-0.481829,-0.076495,1.181307,1.857408,-5.920240
0.590402,0.644108,-0.542942,-0.105071,0.223135,0.201357,1.406823,1.458526,-2.906105
-1.429781,0.729532,-0.364601,0.986026,-0.962320,0.056809,-0.780490,-0.814770,5.004515
-1.292701,2.959517,0.049151,-0.570614,0.882771,-1.167567,0.098677,-0.315665,-1.494188
0.581014,0.756785,0.173472,-0.292557,-1.030212,2.288120,-0.069004,0.908331,1.007496
-0.293386,-1.114395,-1.931904,0.085164,0.344308,-0.381367,1.675032,1.116602,0.879047
0.550368,-0.796973,-0.043799,1.027586,-0.840410,-2.309803,-1.337711,-1.283281,-0.367319
-0.345986,0.200473,0.172025,-1.493334,0.174290,-0.149108,-0.632022,-1.372376,0.741259
0.824328,1.815897,-0.574671,0.233732,0.338298,0.712841,-1.283265,-2.389095,2.474001
-0.089552,-0.060207,1.434964,-0.275879,0.844615,-0.269185,-0.188371,-1.617232,-0.014060
-0.343193,0.075939,0.306672,-0.547467,-0.693508,0.359932,0.130952,0.935664,-0.164659
-0.503908,0.371662,1.955044,-0.436368,1.656792,1.039618,0.904445,1.485135,-0.571138
1.631173,-0.287429,-0.417636,-1.062444,0.061181,0.298752,-0.808188,-0.210824,-0.936634
-0.956244,-1.629052,-1.156169,-0.092113,0.855300,-0.750112,-0.967593,-0.404764,6.190062
-1.823847,-0.805441,-0.699972,-0.256839,0.128805,-0.608280,0.935663,0.245454,2.869129
0.656918,0.967537,-0.837359,-0.886766,-0.271301,1.037598,0.951335,-0.627414,-1.397162
0.420347,1.573232,-1.099736,-0.828154,-0.121009,0.381239,0.117883,0.458207,-1.041093
-0.396865,0.202484,-0.688799,-1.098376,-0.016290,0.766878,1.030503,0.581536,0.215964
0.966076,0.271672,0.573140,-0.326225,0.259820,0.600927,-0.587815,-0.940480,-0.102829
-0.671648,-1.226463,-0.246719,2.597057,0.444684,-0.465593,0.657636,1.521998,3.608742
-1.232318,0.970600,0.765957,0.497792,0.018296,0.537695,1.003838,-0.720598,0.977235
1.326010,-0.289375,-1.383439,0.115682,0.933296,-0.154307,-0.705343,-1.358952,1.913713
0.520425,0.118141,0.118274,0.136508,0.115720,1.945576,-0.364550,0.366459,3.152463
-0.630276,-0.864525,-1.240939,-1.257567,0.306964,0.788509,-1.103721,0.258201,5.944320
0.082365,0.896107,1.273709,1.100349,-0.254196,0.844341,-1.023295,0.390765,2.000894
0.162543,-0.279480,1.409203,0.069778,-0.640762,-2.713450,0.949239,-1.330693,-6.908520
-0.720121,-0.292992,1.118504,-1.332167,0.116635,-1.151963,-0.971360,0.470714,-0.628467
-0.272757,-1.195184,-0.768748,0.410100,1.947592,0.821246,-0.982382,0.563310,7.384375
0.077419,-0.883345,1.269309,0.817214,0.107450,0.326101,0.858127,0.079041,-0.246829
0.765646,-0.492192,-1.540338,-1.150478,-0.292639,-0.442212,-0.424529,1.518256,-0.418574
-0.472840,-0.756656,-1.442356,0.510870,-1.719139,0.780477,-1.155744,-0.336862,6.322607
-0.261776,-0.455984,0.425820,1.296230,0.835587,0.614369,0.850119,-0.033309,2.384113
0.300428,2.049560,0.234497,-0.366138,0.459709,0.997609,-1.871379,0.355426,2.411074
-1.256835,0.585448,0.517173,0.489882,-0.044812,0.911046,-0.189878,0.244025,3.972967
-0.548331,0.890567,1.245043,-1.481074,-0.143641,-0.618297,-2.200511,-1.022073,0.923299
0.263936,-0.406815,1.080444,0.847818,0.486994,-2.377454,0.130660,-0.262067,-3.435746
0.867075,1.514417,-1.595137,0.458412,0.693418,-1.108175,0.426577,-0.050037,-2.213045
-0.543807,-0.720438,1.259404,1.479695,-0.961793,0.387047,0.089511,-0.744916,2.273207
-0.851427,-0.421896,-0.013319,-1.166440,1.204636,-0.947302,1.135712,0.969944,-1.279356
-0.634420,0.339888,0.330076,-0.978727,-0.932966,0.597774,1.067307,-1.423559,-0.882467
0.187652,0.086261,0.112054,0.830066,-2.250129,0.749067,0.441589,0.595340,-0.549612
1.563161,0.635643,-0.766122,-1.210173,0.282360,-0.198416,-1.070479,-1.163270,-1.292727
-1.024125,-0.287346,0.972507,-0.534483,-1.152152,-0.551548,1.552675,0.106029,-3.101675
-0.227888,1.203635,1.362481,-0.744015,-0.639252,0.224764,-1.694052,-0.485541,0.502078
-1.262543,1.327606,-1.131362,-0.547175,0.374349,-0.087328,0.260222,-0.813656,2.517880
-0.032418,-0.517988,0.816229,-0.041454,1.057463,0.697667,-1.667099,-0.224835,4.815426
0.200850,0.386738,-1.282919,0.093821,1.722508,-0.433237,-2.913925,0.270303,6.616400
-0.980360,1.005581,-0.190875,0.247763,-0.300900,-0.419464,-0.485000,1.560418,1.267887
0.827988,1.024205,-2.823250,-1.942604,-0.849309,-0.857770,-0.887874,-0.766358,-0.914595
-0.377365,1.711686,-0.327246,-1.457752,-0.268991,-1.180760,0.013254,0.891270,-3.705683
-0.920467,-0.292265,0.347614,-0.448186,-1.823389,0.311900,0.176471,0.869490,0.361497
-0.905714,0.318613,-1.314065,-0.218768,-0.995073,-0.119011,-0.101008,1.171071,2.103160
0.498435,1.052513,-0.486935,1.837225,-0.311466,0.321298,0.410720,-0.127224,0.559946
-0.562270,-1.913993,0.509806,0.467166,-1.633568,0.276063,0.901501,-0.330526,1.182757
-0.404443,-0.426189,0.275681,-0.258099,-0.124966,0.550145,0.791249,0.848757,0.360182
-1.763053,0.156319,0.836853,1.039732,2.021497,0.637933,0.534305,-0.447373,5.534522
-1.050876,0.665657,0.643672,0.713797,-0.756045,-1.157925,-0.572314,1.412547,0.020334
-1.576382,0.247365,-1.334094,-1.044391,-1.111187,-0.033270,-1.038338,0.337886,4.621439
-0.660348,0.455042,-1.406136,-0.613810,0.391549,-0.987982,0.762416,2.028801,-0.814717
-0.127379,-1.435347,1.043533,-1.169456,-1.604104,-0.779538,-0.339400,-1.237547,-1.533932
0.898312,0.491452,1.298782,-0.291926,-0.153057,-0.585936,-0.276820,-2.107009,-3.201188
1.707257,1.608947,0.083625,0.176971,0.171729,-0.730304,-0.575579,-2.010245,-3.589675
0.622605,-0.793710,-0.630616,1.911170,0.555033,1.060490,0.156122,-1.705346,4.975997
-0.316800,0.703018,0.343797,0.301736,0.274327,0.485587,-0.015121,0.433101,1.259250
0.958336,0.671293,1.206510,-0.106943,0.208944,0.927770,0.357265,-0.439613,-2.107348
-0.436292,0.866775,0.238297,-0.448418,0.490524,1.596596,-0.999344,-0.599766,4.609189
-0.986005,0.265186,0.234034,-0.997567,0.224144,-1.018071,0.101586,0.212603,-0.579454
-0.308982,2.554218,-0.341009,-0.670282,-1.651317,-0.591084,-0.343814,0.962319,-3.175653
0.715093,0.756092,2.511342,-2.032393,2.076145,0.248205,-1.216867,-1.954208,-1.655774
-0.042715,0.013364,-1.834377,0.414245,-0.653080,2.594309,2.328357,0.007943,2.741188
0.150763,0.521401,-0.827471,-0.841513,1.136805,-1.027984,-0.609336,1.572975,-0.348273
-0.780119,-0.326481,-0.405392,0.313212,0.814972,0.980735,-0.195732,1.045382,5.093646
-1.606932,-0.629974,1.376654,-0.427907,0.650221,0.018585,-1.097833,0.073035,4.671305
-0.604218,0.930886,-0.145051,-0.104710,-0.515265,-1.346820,1.137688,0.014637,-3.370868
-0.867483,-1.815883,1.102395,-0.490411,-1.623077,-1.709229,-0.417529,-0.237970,-0.924916
1.853468,0.365017,-0.706268,-1.316119,-1.103651,1.460448,0.440334,-0.832066,-2.674174
1.533524,-0.042515,-0.122991,-2.282211,0.544991,-0.665214,0.241488,0.806236,-5.644296
0.828695,-0.446140,1.164272,0.738526,-0.521669,1.502733,0.115231,1.161208,0.203366
0.615683,1.293161,-0.884693,0.167981,0.638992,0.434020,-0.905690,0.887771,1.666960
-1.265976,0.047659,-0.693148,-1.089779,-0.531931,-1.175803,0.480361,0.209164,-0.387159
0.308156,-0.651065,-0.305885,-1.727765,-0.252324,0.537860,1.406052,1.534825,-2.878462
-0.747356,-0.156933,-1.022460,-0.405683,1.323707,-0.544497,0.305708,-0.114259,2.528512
-0.399579,0.799940,-0.024603,-0.476245,-1.014942,-1.087333,1.289885,0.531397,-4.570224
-0.182269,1.027836,-0.096506,0.032122,0.140909,0.388387,-0.204019,-0.098869,1.182248
-2.755843,-0.349132,0.181164,0.000060,0.599505,-0.522886,1.301369,0.938788,3.100091
0.478054,-1.251816,-0.632683,-0.643080,-0.001229,0.477723,0.066714,0.910501,1.264506
0.302160,0.656053,-2.306146,0.223952,-1.372127,0.123967,-1.395762,-0.371932,3.795233
0.241727,0.096915,-0.751185,1.788693,0.479368,0.207542,0.943547,-0.525566,1.782073
1.330126,1.377834,0.604382,-0.778710,-0.304121,-0.330002,0.304261,0.008988,-5.889660
-1.190201,-0.859895,0.982070,0.065545,0.576489,-1.976653,-0.667077,-0.620385,1.250871
-0.668021,-0.855074,0.253810,0.164600,0.435447,-0.309087,-0.210553,0.160819,2.559830
-1.276269,-0.632335,-0.041280,1.044617,-0.172196,-1.070780,0.076812,1.784223,2.139905
0.320638,-2.331592,0.994252,0.023725,-0.863141,1.298161,-1.141270,0.516296,4.153453
-0.528722,0.800508,1.327161,0.067451,-0.149604,-0.309307,-1.896986,-0.084776,2.039170
-0.812278,0.224918,0.629785,1.472071,-0.953781,-0.807739,1.245775,-0.963324,-1.238187
-0.726370,-0.526083,-2.263036,-1.214847,-0.776533,-0.694231,0.576373,0.937643,0.888151
-0.284768,0.016443,0.084484,0.122037,0.713126,-0.526169,-0.519076,-0.238779,1.593805
-0.804494,1.430931,0.176830,0.613199,0.947500,-0.060341,0.220867,0.110328,1.389473
0.548712,0.454354,1.247328,0.029199,-0.298233,0.652454,0.123127,0.954875,-1.843513
-0.177300,-0.893892,-0.590754,-0.210611,1.906415,0.259016,0.174377,-0.109668,3.632239
-0.876357,0.112972,-0.471682,0.785351,-0.333344,0.112630,1.817524,-1.263944,0.618144
3.449000,-0.499672,1.511008,-1.389493,0.512086,0.223043,1.581705,-0.816520,-10.161882
0.910098,-0.952156,0.961108,0.741102,-0.107939,1.325734,0.395981,0.462346,0.584485
0.219369,-0.863667,1.683138,0.585249,1.362242,-1.399526,2.042347,-0.411129,-4.865275
0.398657,-1.450920,0.270478,1.094412,0.472558,0.011829,-1.439284,-1.173067,4.935255
-0.859184,0.196208,-1.081263,1.096606,-0.250258,-1.141464,-0.116367,1.005617,2.216894
-0.629378,0.685526,0.160506,0.580464,1.908158,-0.678321,0.520043,0.996184,0.580289
0.889648,-0.381679,-0.510258,-0.167752,0.936690,0.546264,-0.789010,1.063683,2.039555
0.301762,-1.003872,0.502771,-1.519107,0.978135,-0.401286,0.895938,0.312532,-2.588909
-0.576468,-0.746610,1.670876,0.951917,-1.431924,-0.115330,0.510813,-2.227755,0.049759
0.223036,0.649373,0.159276,0.294015,0.843947,-0.597951,1.738784,-0.324871,-3.498214
-0.969740,-3.388883,1.670768,-0.016743,-0.141037,-2.202194,0.842498,0.045218,-1.337948
-1.571033,-0.839533,0.579761,-1.279195,-0.702760,-1.180470,0.209818,0.039842,-0.289783
-0.573763,0.430764,-0.006150,-1.134256,-1.747266,-0.174312,0.076647,-1.599396,-1.027411
0.425527,-0.249013,0.595083,0.195198,-1.534981,0.274685,1.058357,-0.904434,-2.638521
-0.463205,-0.245286,0.130745,-0.048604,0.702439,-1.761170,-0.557542,0.880718,-0.172341
-0.934659,0.222328,-1.221981,-0.099761,0.192552,0.497873,-2.204068,1.404977,7.613559
-0.681137,1.234378,-1.091582,-0.824988,1.877358,-2.077705,0.282461,0.954408,-1.559483
-0.138907,1.007432,0.819004,-2.024336,0.636223,0.391116,0.259532,-0.241306,-2.200881
-0.432927,-1.074166,0.147020,0.349903,0.795105,-0.188277,0.156146,1.459695,2.083384
0.146430,-0.609897,-0.071338,0.654248,-0.793818,0.267182,0.404170,-1.110885,1.050429
2.262356,1.043185,0.350648,-0.394226,0.292482,1.022951,-0.284492,-1.098608,-2.909992
-1.435043,-1.007525,-0.617342,-0.319564,-0.736385,0.554295,0.025942,0.929057,4.607890
0.432304,-1.142630,1.738184,-1.098456,-1.269472,0.324206,-0.065737,-0.821453,-2.181910
-0.750675,-0.484357,-1.500848,-0.404755,1.317185,0.228375,-0.576970,0.011665,6.044827
-0.116279,-1.100374,0.539318,-0.338315,-0.908620,-0.417947,0.697628,-0.247763,-1.493925
-0.581221,-0.576008,-0.598769,1.338424,-0.776897,-0.120730,-0.689435,-3.120927,5.490978
-3.096516,-1.067220,0.418077,0.218121,0.092145,-0.883515,-0.727396,0.231625,6.897759
-0.042429,1.379965,0.683531,-0.001624,-0.979694,-0.049980,-1.967292,-0.117045,1.158794
1.677071,1.472605,-0.774070,1.470660,-0.374248,0.035948,-0.710708,-0.223189,-0.643749
-0.169826,0.821971,-1.734691,0.091372,0.167672,0.673678,0.492795,-0.972171,2.801665
1.500511,0.795509,-0.254360,-0.518250,-0.438967,0.543798,1.464399,0.321973,-5.178653
1.510006,0.944740,-1.563619,-1.004170,-1.229673,0.794082,-0.600046,-0.117578,-0.960030
1.719847,0.050433,0.246733,-2.285656,-0.520866,0.523197,0.878712,0.568445,-6.321992
-0.060973,0.528635,1.389789,0.380360,2.033303,0.547435,-1.802647,0.298296,4.226359
-0.411916,0.241237,-0.598747,1.137023,0.252602,0.632738,-2.283872,-0.612515,8.022742
0.477328,-0.383334,0.484211,-0.712248,0.502991,-0.850171,0.710671,1.681508,-3.854546
-0.564308,-0.776139,0.640392,0.288331,-0.430053,1.281401,0.460808,-0.049109,2.703472
-0.688044,0.361957,-0.495142,1.308896,-0.344543,1.533356,-0.179864,-1.172575,6.030336
-0.311097,-0.842788,-1.369102,-1.559911,-0.808998,1.777806,-0.897778,0.101227,5.564832
-0.835976,-1.057332,0.963661,0.146648,1.322641,0.725736,-0.053077,-1.586595,4.754671
-0.591416,1.525905,0.063290,-1.389220,0.900897,0.356186,-0.165598,0.549135,0.225666
0.266667,1.196830,-0.624962,1.545744,-0.546905,-0.383106,0.710662,-1.047915,-0.772711
-2.732144,-0.360384,-0.493082,-0.661441,1.916039,0.287366,-0.364032,0.649832,8.091226
-0.532448,-0.384609,-0.650395,-0.611572,-1.472535,-0.762836,-0.615591,-0.470208,1.032207
2.018048,0.076656,0.591661,0.278346,-0.366994,-0.412950,0.124468,0.420713,-5.060282
-1.036945,0.667926,-0.305060,1.416906,0.757804,-0.602404,1.481564,0.019865,0.772421
0.005308,0.819698,-1.346530,0.453743,-0.238735,1.727140,2.349804,1.292123,-0.039655
0.361607,-1.106834,0.427194,-0.159827,-1.682675,0.752337,-1.609182,0.972547,2.594543
1.025712,-1.338901,1.184692,-0.636512,0.923621,1.319437,-0.051122,1.115046,0.312463
0.278724,-0.303796,-0.238799,0.735541,0.852021,0.365424,0.535708,1.174769,1.189835
-0.179429,-1.149001,2.119997,-1.068623,0.949915,-0.178160,-1.428397,0.093912,1.253689
-0.540134,2.189718,0.545052,-0.967732,0.855052,0.367577,1.005657,-0.073016,-2.252727
-0.207127,-1.175670,-1.523398,0.109095,-0.478939,-1.369470,1.460481,-0.726681,-0.873272
0.264711,0.545468,-1.302354,-0.689653,-1.384030,-0.475759,-0.616006,-1.453015,0.121389
-0.036576,1.357210,1.831997,-0.572703,1.711767,0.132959,-1.373736,-1.757230,1.019696
0.796463,0.982585,-0.704541,0.393226,0.972115,0.366798,-0.669697,-0.844292,2.068925
-0.534256,-0.824413,-0.366947,0.962329,1.150463,-1.130392,1.206030,0.753449,0.450746
-0.906013,1.037452,1.298518,0.911587,-0.428842,-1.052368,2.753554,0.022773,-5.743099
1.397591,0.655957,-1.440065,-0.227731,-0.065054,-0.608240,-1.101009,1.105843,-0.825171
0.600331,1.037725,-0.348145,0.252187,-0.589154,0.592144,0.230077,0.044596,-0.812992
0.837983,-0.590729,-0.978100,-1.000948,0.408089,-0.443633,-0.260714,0.938502,-0.644208
0.902276,-0.978949,-0.584328,-0.214935,-0.407827,1.548093,0.624852,1.320258,0.866528
0.449983,-0.035076,-0.119548,-0.016887,-2.349237,-1.775074,0.165479,-2.313632,-4.189849
0.151775,-0.869558,0.412835,2.985904,-2.465349,0.970133,-2.172320,-0.496009,6.900584
0.878163,0.330202,-0.221998,0.402284,-1.491757,0.413955,-0.324458,-2.067054,0.038683
1.039578,0.550542,-0.593660,-0.575798,-1.744653,-0.940116,1.021124,-0.615213,-6.050859
-0.551490,0.334974,2.504238,-0.217978,0.070211,-0.169147,-0.195390,0.235565,-1.625446
-0.830085,-1.283465,0.468406,-1.114981,0.808314,0.921714,0.517092,2.100544,2.175161
1.965910,-0.162535,1.347709,-0.913394,-0.179275,0.633938,0.753657,0.948771,-6.149736
-0.860605,-0.522859,-0.015237,0.245560,-0.810497,-0.586365,-1.116973,0.428359,3.110029
-0.467881,0.164187,-0.387369,-0.633398,0.399320,1.624599,-0.232526,-0.365109,4.384900
0.630916,1.229440,1.943633,1.395976,-0.979163,0.142846,0.758555,-2.110861,-3.625056
0.386507,0.377378,-1.570068,-0.346224,1.293120,0.825683,1.606803,-1.669796,0.977437
-1.347851,-0.601154,-0.764895,-0.331537,-1.598035,-1.055121,0.970431,-1.822154,0.336480
0.255409,-0.663939,0.320119,0.284699,1.391758,0.872716,1.525344,-0.635070,0.651307
0.638215,1.500686,-1.977158,-0.051325,-0.026935,1.146103,0.469551,1.601350,0.523595
-0.403861,0.863268,-0.766921,-1.611413,-1.346285,-0.167939,0.174676,0.987712,-1.992964
-0.264767,1.470123,1.887932,0.613259,-1.004758,-1.304428,0.372008,0.900474,-5.365964
0.493505,-1.477929,-0.698971,-0.500357,0.512430,-0.031156,1.565550,-0.031003,-1.106107
0.255525,-1.559924,0.048772,-2.013979,1.971194,-0.936046,1.625730,0.397891,-3.289807
0.575357,-1.442091,1.894588,0.649544,0.498741,1.043161,-2.243191,1.813208,4.355566
-1.635462,1.258130,-0.070720,-0.785766,1.283881,1.680710,-0.102410,-0.949158,5.916273
-0.318230,1.510848,0.666110,1.853561,-0.416039,0.327883,0.018767,-1.317754,1.452377
-1.831814,-0.277828,-1.070545,0.280772,0.465992,-0.276284,-0.782110,0.430592,6.820327
-0.016570,-1.630394,1.606371,0.092277,-1.339016,-0.689507,0.563686,-0.040857,-2.531278
-0.323662,1.242723,-1.913798,2.226365,1.534558,0.140479,0.296755,1.438094,4.635697
-2.202371,-1.464430,-0.710407,-0.728238,0.725510,0.157357,-1.522342,0.108981,9.468302
-0.409705,-1.087422,1.082355,0.411855,-1.406876,0.346863,-1.970559,-0.470340,4.425901
-0.546776,-0.785256,0.302766,0.284318,-1.483203,0.100630,-0.215447,-0.013213,1.648091
-0.577189,-0.245649,1.635683,0.173852,-0.607745,-1.431313,0.142639,-1.190286,-2.283577
0.293793,0.211881,1.496933,-0.964819,0.728267,1.679735,1.264618,0.157712,-1.839108
-0.414825,-1.206574,0.086853,-1.362842,-0.802767,0.128229,-0.498538,0.048756,1.358796
0.505074,-0.378713,-0.511664,-0.367355,-1.690462,-0.605268,0.375884,0.366763,-2.713954
0.570668,-1.804227,-0.747285,2.728518,0.609991,-0.949937,-0.036715,-1.008213,3.807328
0.012315,-0.004414,-0.755788,2.296582,-1.734514,-0.212956,-0.586228,-0.913030,3.172880
-0.717542,-2.892774,-0.414786,-0.743986,0.995878,0.114008,0.442179,0.312256,4.300984
0.320213,0.781014,1.246614,-2.181475,-0.558880,-0.417669,-0.331925,0.406062,-4.839875
-0.273241,-0.030604,0.980251,0.831254,-0.575210,0.663444,0.382599,-1.373688,1.271254
-0.372853,-0.085570,-0.356136,-3.258671,-0.214606,-0.617968,-1.016121,1.053282,-1.086876
-1.231317,-0.505339,0.279110,1.065105,-0.050571,1.342417,0.220492,0.455935,5.625854
0.971562,0.803645,1.308746,0.575736,-0.586412,0.683816,-0.293448,1.994191,-2.394470
0.139171,-1.886900,1.836459,-0.340583,0.325381,0.555067,-0.280033,-0.116158,1.193173
0.502669,-1.045236,-1.527100,-0.280982,0.839890,-0.947875,-1.662745,-1.331543,4.295807
2.126138,-0.707414,0.588501,-0.143400,-2.619827,-1.317280,-0.265743,0.666957,-7.365955
0.096096,0.099254,-0.579268,-0.049493,0.684045,0.695909,-0.030146,-0.328204,2.586979
-2.676656,-0.199732,-0.730140,-1.215054,-0.988613,1.194749,2.673101,0.354187,2.073952
-0.170683,1.042727,1.927793,-0.739867,0.334098,-0.785242,1.522711,-1.890373,-5.847765
0.479964,0.343421,0.218367,-0.302443,-2.388418,0.174837,0.296113,-0.052619,-3.141260
-2.034746,0.091465,1.020814,-0.247340,-1.617646,-0.088335,-1.193206,0.153358,3.723457
-0.026898,-0.328012,-0.965599,-1.637699,-1.467525,-0.040594,-1.582087,-0.488458,2.010051
0.059446,1.637928,1.774051,-0.565741,0.895151,-0.837096,-1.058005,-0.866267,-2.117233
-0.330084,0.897666,-0.822703,0.061656,0.390367,0.639623,-1.016207,1.001894,3.976241
-0.700924,0.665754,1.677932,1.446517,0.001836,1.244681,0.051559,-0.498160,2.812404
0.794179,0.376435,1.592895,-0.635809,-0.293557,-0.785366,2.189213,-1.164417,-8.421007
1.087707,0.246212,-0.854935,-0.780377,-0.852547,1.088551,-0.442802,0.823107,0.162593
0.068062,0.365360,0.861436,0.935854,0.692031,1.035453,0.610117,0.292469,1.066279
-0.579843,0.045957,-0.396336,-0.596264,-0.667573,0.515416,-0.571011,0.276002,2.695839
-0.444304,-1.771686,0.719913,0.491550,0.794656,-0.863434,0.380358,0.456905,1.075932
0.106254,0.266248,-1.301358,1.015396,0.480414,-0.344460,0.359905,1.084256,1.363453
-0.677236,-1.111771,0.601275,0.487460,-1.506040,-0.770872,1.515564,0.869514,-2.449052
1.706802,-0.889184,-0.369269,0.310013,0.161069,0.129673,0.658483,0.976062,-2.254451
-0.730262,-0.398428,-0.823884,1.617498,-0.241221,-0.757341,0.331531,-1.685063,3.373263
0.008142,0.575198,-0.755702,-0.053458,0.209626,-1.987137,0.753380,-0.027197,-3.380353
-0.600687,-0.492335,-1.754585,-0.356973,-1.126154,1.311684,2.842361,-1.192143,0.646262
0.068814,0.528274,2.960094,0.727722,0.951298,-0.454247,-0.324873,-0.291781,-2.001143
0.321897,-0.491911,1.328345,0.105398,0.899096,-1.184024,0.155663,-0.526856,-2.330253
-0.097895,0.805587,-0.617049,0.837899,-0.132632,0.282591,0.316487,0.083147,1.294038
-0.689884,-2.153263,0.381967,0.515424,0.378259,0.901017,-0.303258,-0.151208,6.121120
1.262178,0.108610,0.580287,-0.683991,-0.051791,-0.945635,0.220862,-1.206826,-4.785748
1.046664,0.244628,0.953590,0.401449,-0.344208,-0.023578,-0.505882,-1.887383,-1.239140
-0.367535,-0.536126,-0.640499,-2.187165,1.121072,0.570147,-0.885991,1.341470,3.143989
-0.043679,-0.054667,-0.294298,0.452896,1.180722,-0.032489,2.047269,1.318329,-1.653369
2.096847,-0.330404,-1.507074,0.505617,0.317232,-0.198955,-2.021204,1.127692,1.906868
-0.005113,-1.254501,-0.901295,0.210266,0.220927,-1.627095,-0.718412,-0.568176,1.784142
-1.214966,0.912296,1.829517,-1.941975,0.843824,1.437491,-1.297950,1.156669,2.785082
0.464400,0.237699,0.540567,0.310328,1.513244,1.282710,-1.217424,-1.507466,4.742230
-0.839832,-0.133412,0.290861,1.542449,-0.580048,-0.197175,0.707602,0.208533,1.484275
0.137690,1.703951,-1.529035,-0.226432,1.753839,-0.473495,-0.590358,0.550464,1.486399
0.923962,0.008128,-0.757814,-0.589038,1.354503,0.781034,-1.524177,-0.487571,3.872268
0.748850,-0.155207,0.306345,0.750104,-1.706198,0.497190,2.543749,1.185660,-5.234693
-2.699364,-0.646064,0.306811,-1.714291,1.298459,1.026175,-1.074128,0.983803,8.350106
-1.033826,-1.749170,-0.579025,0.145148,0.777850,-1.582113,-0.891437,0.010590,4.382725
0.184454,1.599162,-1.462506,1.584325,0.526390,0.351441,0.790602,1.827857,0.953999
1.076701,-0.185689,-1.432234,0.591172,0.078638,0.439143,0.899753,-0.295639,0.162309
0.674602,0.328115,2.232298,-1.433815,0.988587,0.720472,-0.264285,-1.797386,-2.058853
-0.588857,1.856029,0.242958,0.121356,-1.433050,0.727256,0.205058,0.479999,-0.494726
-0.114812,-0.118304,2.458414,-0.527493,1.281357,1.011302,-0.826682,1.332244,1.120306
1.093364,-1.000607,-0.417054,0.466042,0.767470,0.191464,0.279886,-0.500537,0.754382
1.335918,1.303995,0.669999,0.505128,-1.898069,-0.137896,1.386210,1.715534,-7.749756
0.158578,0.877300,1.166568,0.310216,2.031633,-1.555455,1.375774,0.215630,-4.897681
0.233901,0.422685,2.004831,1.490280,-0.863398,1.080366,1.668064,1.534204,-3.134650
-1.025565,-0.496026,-0.382299,-1.328274,-0.257542,-0.244776,-0.515403,-0.420822,2.499691
0.381200,-0.843381,1.768864,1.352992,-1.224022,-1.975948,0.586901,-1.462986,-4.560956
0.030490,0.517923,-0.231524,-0.489984,-0.729379,-1.235579,1.014344,0.252716,-4.437730
1.197577,0.539040,0.782038,-0.202967,2.732001,1.744564,0.409321,0.897095,0.428545
0.952073,-0.359811,-0.969132,0.243143,-0.867299,0.468783,-1.379351,0.026775,2.820672
-1.235172,0.022491,-1.817636,-0.376110,-0.987304,0.874544,-1.158147,0.619363,6.906221
-1.557422,-0.212715,-0.700725,3.193332,0.057513,1.271090,0.137539,2.173190,8.603526
0.862921,0.339007,1.167396,-1.633579,0.351081,-0.758287,1.209221,1.541649,-7.536586
-0.389209,0.088391,1.873670,0.511350,0.187245,1.516159,-0.368515,-0.165909,2.806382
0.940734,-0.210818,-0.443246,-1.406193,1.705021,0.852223,0.170028,-0.179977,0.424557
0.303893,1.148558,0.604119,0.221951,-0.524510,0.679613,1.503274,-0.018418,-3.372212
-0.315187,0.980352,-0.909633,1.487805,-0.277286,-0.773959,1.150579,1.713498,-1.075850
0.334306,-0.147800,-0.003061,0.749325,-1.310259,0.904267,-0.893238,1.074541,2.301978
-1.571925,-0.018494,-0.518151,0.269487,1.196895,-0.204072,0.512111,-0.071485,4.108029
1.349603,0.123683,0.625007,-0.032204,-1.279734,1.003491,-1.544257,-0.849839,0.654903
-1.177292,-1.458028,0.919760,1.551319,-0.397979,-0.524185,0.312692,0.253433,2.779061
-1.169340,0.801725,0.142774,-0.355095,-0.094911,-1.377594,-0.963165,-0.459788,1.129850
-0.165507,-0.195990,-0.329370,2.721573,-1.182751,-0.510030,0.076469,-0.296085,2.270239
2.202695,0.937885,0.050012,-0.203741,0.986883,0.566686,1.570429,-0.410779,-5.732744
-0.132676,-0.432786,-1.373518,0.904871,1.461844,1.076231,0.780617,1.077081,4.622192
0.896643,0.495082,-0.663484,0.646812,0.908594,0.332350,-0.292251,-0.408943,1.427309
0.514936,-1.363359,0.069935,-0.588481,1.173963,-0.272753,-0.193527,-1.438811,1.384522
-0.387965,0.200469,-0.887625,-1.257819,1.514304,-1.908829,0.885056,0.149857,-2.574775
0.351303,1.327324,0.512387,0.261067,-0.814914,-0.843994,0.187019,-0.522281,-3.627184
-0.915073,1.710883,-0.338113,0.379582,0.231519,-0.908862,2.147526,0.428076,-3.419518
-0.282497,0.327297,0.740025,1.551986,-0.056494,1.130888,-0.077447,2.044404,2.656042
-0.445689,0.923014,0.911100,1.918470,0.487349,-1.602410,1.149833,0.455909,-2.844722
-1.292298,1.434053,0.923785,-0.287087,-0.490715,-1.081390,-0.164356,2.034815,-2.007588
-1.269115,-1.016739,-1.291675,0.060422,1.854647,1.955994,0.097699,-0.148312,9.663710
-0.313916,0.230249,-0.850313,0.719581,0.932158,0.620759,-1.342282,-1.675107,6.921918
0.092794,-0.255169,-2.218973,1.511142,-0.800221,0.278719,0.848207,-1.377656,3.550706
-1.550920,0.133882,-0.798774,0.120247,0.565135,0.138618,-1.404480,0.268216,7.230301
0.228150,-0.787517,-0.580351,0.872738,-0.368202,-1.025092,0.481509,1.897457,-0.922004
1.450551,-0.444802,-0.176764,1.410050,0.327811,0.189971,-0.696428,0.472854,1.240322
-1.968114,-1.470345,-0.230777,-0.111781,1.880928,1.800486,1.181747,-0.914161,8.326856
0.474222,0.796526,-0.992424,0.552912,-0.221932,-0.548721,-0.307682,-0.883962,0.311045
-0.929646,1.744849,0.109023,-0.329843,-0.230670,-0.682475,-1.204626,-1.309800,1.617994
1.528361,-0.616602,-0.072714,-0.869376,0.648345,0.898366,1.200170,1.598196,-3.047571
1.733654,-1.008963,0.672916,1.094106,0.025281,0.256859,-0.450251,-2.508705,0.451241
0.574822,0.403701,1.035012,-0.137153,-0.577639,-0.172103,-0.664518,0.643505,-1.827045
-0.787284,-0.150702,-0.078990,0.070485,-0.166371,0.940613,-0.714073,1.045223,4.497358
-0.654681,-0.888254,-0.788015,0.497407,-1.173973,-0.320901,0.046418,-0.488388,2.710282
0.944795,0.596004,1.204982,-0.945192,-0.260254,0.859269,-1.262812,-0.753984,-0.500270
-1.656078,-1.562549,2.041662,-2.564973,0.161195,-0.439575,-0.816160,-1.117794,1.495947
0.619647,0.024837,-2.289161,0.877900,0.635324,-0.224772,-0.125848,-0.259231,3.158849
0.186737,1.085224,-0.483961,0.448330,-0.506151,0.097957,2.169587,-0.447650,-3.541867
0.963960,-0.470232,-1.575411,0.967846,0.046283,0.133151,0.805802,0.570069,0.514345
0.939776,-1.512501,-0.639388,0.379672,0.837870,-0.607244,0.574313,0.056219,-0.191461
1.307417,0.576612,-1.224675,-1.288633,2.176152,0.743354,-0.033515,0.645179,0.244464
-1.156313,-1.479820,0.416274,-1.245601,0.980909,1.029817,0.611525,-0.087599,3.822740
-0.683570,-0.423048,0.175539,0.374363,-1.123943,-1.187337,-1.287552,0.775296,1.566541
-0.081502,1.266226,0.640302,-0.213843,0.893636,0.593180,-0.925010,-0.971420,2.133013
0.272700,0.355708,-0.193826,-1.217424,1.109101,0.749987,0.804187,-0.638101,-0.421075
0.137865,2.131849,-0.359795,1.184812,0.051882,1.739490,0.385231,-1.671633,2.525776
-0.675069,1.289582,-0.558284,-0.849104,-1.005461,0.882725,0.670776,-0.392123,0.169572
-0.429698,2.077363,0.974813,0.642765,-1.229699,1.460158,-0.899221,0.736316,1.730004
0.053765,0.385441,-0.100988,-0.372108,-0.895744,-0.850287,2.013835,0.226435,-5.525870
0.626164,0.039949,-1.245764,-0.560543,2.676782,0.535951,1.149307,-0.045232,0.981586
-0.825722,0.895656,1.380233,0.586166,-0.291358,0.212194,0.039864,-0.573384,0.584901
0.330908,-0.366548,0.183625,0.871726,0.304639,1.584052,0.733499,-0.291223,2.336464
0.285873,-0.735008,1.031234,-0.454569,1.589930,-1.198571,0.031624,-0.529749,-1.519732
0.709370,1.349172,0.617151,-0.528339,-1.034828,0.825580,0.089150,-0.859523,-2.468451
-2.384922,-2.064874,0.158179,-1.471376,0.764468,0.561841,-1.278625,-0.827454,9.139882
-0.882972,-0.396289,-0.244966,-0.269889,0.130209,0.227446,-1.326271,-0.094800,5.252368
1.802833,-1.586764,-2.048246,-0.147737,0.197404,0.376332,0.798499,0.239154,-0.021339
1.313067,0.644701,-1.205927,1.252831,0.629750,0.608765,0.890981,0.061122,-0.175105
0.384391,1.033033,-0.763070,-1.021270,0.893654,-0.459249,-0.079445,-0.239911,-1.038641
1.473634,-1.326417,1.883505,0.957075,-1.481117,0.793168,-0.362921,0.799981,-1.651988
1.703226,-3.043403,0.025797,-0.453012,0.244479,0.423044,0.782740,-0.971431,-0.506158
-0.313707,1.401915,1.838352,-2.336372,0.695174,-0.431168,0.552901,-0.851671,-5.096956
-1.361671,1.395509,0.350095,0.405206,0.188981,0.519336,-1.516443,-0.258483,5.501919
-1.033200,0.747254,-0.532206,1.269610,-1.210121,0.959203,-1.864757,0.547080,7.222925
-0.104266,-0.974190,0.987675,0.307815,0.057293,0.470340,0.030766,-0.674185,1.836578
-0.561633,0.240186,0.779291,2.010953,-1.467190,1.584608,2.327273,-0.152806,0.125462
-0.571876,0.105554,-0.473004,0.373404,-0.128777,-0.658497,1.209857,0.303481,-0.828271
0.261286,0.477682,-0.503859,0.127030,1.081312,-1.275845,1.979219,-1.684005,-3.718496
0.563904,0.880144,0.851562,-1.298729,-0.691666,0.871736,-0.130503,-0.085817,-2.391426
-0.072653,0.835069,1.109597,0.635625,1.023955,-1.051705,-0.062762,-0.676114,-1.176408
1.257512,0.151056,0.060101,0.390139,1.805801,0.178691,0.434619,0.343203,-0.869015
-1.947700,-0.341752,0.056930,-0.862661,-0.554368,0.164760,-2.214901,-0.062800,7.241853
0.932557,1.987264,-0.313924,-1.734020,-0.147044,0.306644,0.746312,0.439796,-5.251615
0.988622,-1.055013,1.229444,1.632968,-0.023181,-0.741496,0.506239,-0.397295,-2.007317
0.263089,-0.751183,0.230366,0.375675,-0.185719,-0.519248,0.238493,-1.190793,-0.134669
0.753738,0.261544,1.181654,0.833953,-0.118268,-1.041351,-0.277139,0.976647,-3.244463
-0.684204,-1.065345,0.042754,-0.604371,-1.309046,0.680895,-0.179521,0.254707,2.561732
-0.037454,0.367189,0.577028,0.424979,-1.154849,-1.087493,-0.359632,0.290322,-1.967498
-2.046860,-0.077724,0.674211,0.205748,-0.901091,-0.318487,1.308739,-0.044982,0.657803
-1.552447,-0.031610,-0.844507,0.124209,0.615037,-0.408624,-0.150937,0.348119,4.563724
1.981248,0.100626,0.124530,-0.890259,0.143294,0.344267,0.702904,1.334980,-5.178989
0.810154,-1.070738,1.298762,-0.251632,-0.752112,0.055355,1.428986,1.172904,-5.005083
-1.250520,0.623736,-1.049270,0.279563,0.488732,0.708247,0.474267,-0.095164,4.446399
-0.288473,-3.014327,-0.053224,1.153322,-0.108727,0.124443,-0.945938,1.257790,6.323604
-1.088690,1.342359,-1.687322,-0.403290,-0.276838,-0.633751,-1.484537,2.750000,3.326993
0.908705,-1.152456,0.738844,0.912004,0.058157,1.642732,0.930543,-0.157647,1.041593
-0.656057,1.369857,-0.399713,1.999746,-0.441023,-0.926739,-1.931531,-2.393891,5.118550
-0.774051,-0.132123,-0.902021,-1.888063,-0.805050,0.657298,0.859707,-0.032730,0.470516
0.309446,-0.761448,1.146992,-1.006932,0.447358,1.737673,-0.352425,-0.631324,2.382471
-1.521055,0.010255,-0.557860,0.119857,1.367753,-0.290682,-0.436196,-0.730429,5.607628
1.741950,0.287803,0.028287,-0.276201,1.312231,0.807151,0.280284,-1.330811,-1.126129
0.761039,0.003069,-0.480625,0.659620,0.936023,-1.145888,0.068715,-0.576371,-0.770400
0.408745,0.661690,-0.016990,-0.352844,-0.209345,0.220121,1.110554,-1.116711,-2.345747
-0.682902,-0.794958,0.444730,-0.093829,-0.059951,0.845898,-0.479800,1.195656,3.674297
-0.795860,-1.337232,-0.715224,0.168475,0.513094,-0.797640,-0.283120,1.110671,3.489794
-0.869699,-0.906749,-1.453331,1.435796,-0.503890,0.210974,-0.809824,0.309493,7.281848
-0.628255,-1.035662,0.208518,-0.902138,0.492229,1.260165,0.221345,1.008225,3.229516
0.050845,-1.381131,-0.241010,0.705523,-0.520260,-0.039981,-1.243873,-0.346758,4.348614
1.616173,-0.793255,0.634215,1.813977,0.067880,0.784796,-0.785675,0.316032,1.698667
0.697111,-1.270037,-0.226726,0.391848,-0.289041,1.109036,-0.173274,0.309140,2.718509
-1.495399,-0.022044,-0.329347,0.155450,0.535873,-0.070320,-1.167328,0.248312,6.124018
0.506982,-0.677400,-1.122999,2.790635,1.151010,0.046678,-0.188119,-0.456386,5.495147
0.000305,0.327042,0.311138,0.320952,1.086701,0.538017,-0.940133,0.478849,3.246517
-2.351435,1.607613,0.820496,-1.735965,-1.777558,-0.537317,-0.828367,-1.798960,0.820025
-0.714527,-0.419136,-0.482688,0.611172,-1.330126,0.785592,1.445628,-1.088595,1.632216
-0.369398,1.437355,1.127193,-0.296283,-0.492510,-0.865985,-0.153927,-0.450995,-2.919127
0.524562,1.088233,0.193245,-0.136916,-0.058443,-0.468486,1.361033,1.089405,-5.170139
2.102074,0.576934,1.092781,-0.260201,-0.135628,-0.793745,0.934858,-0.107649,-8.226840
-0.930805,-0.910706,1.272986,-0.278330,0.228422,-0.519010,-0.773270,-0.175040,2.107955
-0.381500,-1.715966,-0.300390,1.669086,-0.326719,0.945923,1.244307,-0.723692,4.120808
0.791188,-0.709090,-1.101553,1.551597,-0.761181,-0.519785,-0.083779,-1.118514,1.625511
-0.801386,1.131240,-0.249463,0.172359,0.352174,-0.471941,0.389367,0.270159,0.334512
-0.456810,0.175565,-2.816146,0.584215,-1.515607,0.180154,2.137430,0.970600,0.408633
0.038123,-1.043166,1.264859,0.541418,1.457207,1.276163,1.522833,0.750562,0.741958
-1.189284,0.780586,-0.406723,-0.308351,-0.923773,1.302794,-0.091248,0.236962,3.777315
-0.758508,0.314102,0.179534,0.566971,0.710070,-1.674316,0.468528,1.235130,-1.281995
-1.077826,0.524503,1.745409,0.739678,-0.586582,-1.053500,0.687034,0.575878,-2.467507
-0.275989,-2.182157,-0.733645,-0.912589,0.643343,-1.129501,-0.919035,0.153071,3.101289
-0.866640,0.241493,0.284100,-0.872362,0.427286,0.364066,0.173747,0.170082,1.338992
0.534204,0.488718,-0.720316,-0.533711,0.386186,2.344861,0.671998,-0.357031,2.342780
-0.359105,1.814652,-1.896909,1.166997,0.592558,1.399566,-1.847187,-1.009481,8.792647
1.449510,0.538876,0.865539,0.724083,0.678425,-0.387581,0.892293,0.170086,-4.613598
0.900420,0.050640,-0.545369,-1.556437,-0.474409,1.311259,-0.676712,0.528890,0.582198
2.180914,1.075427,1.285202,-0.881427,0.026216,-0.267054,2.429680,-0.290574,-11.190584
-0.796276,1.107331,0.614149,0.749952,-0.261510,0.260048,0.069810,-1.448025,1.660079
-0.772857,0.354729,1.565410,-2.159348,0.334425,0.045332,0.269988,-1.806369,-1.740135
-0.422896,-0.678689,-1.489167,-0.309617,-0.105997,0.151688,-1.534526,-0.953854,6.346707
0.695775,0.817457,2.271451,-1.713351,-0.442198,0.484691,-0.318338,0.134151,-4.695956
1.324357,0.237625,1.641959,1.356010,-1.145888,-2.791056,-1.271810,1.588226,-6.283143
0.153074,-0.368754,0.441453,0.451076,0.892874,0.251631,-0.419840,-0.619523,2.431626
1.316893,-0.506386,0.068174,0.672216,0.352164,-1.125133,-0.316528,-0.087151,-1.940976
0.607438,-0.358718,-0.546888,-2.318594,0.157009,-0.817253,-0.696239,-1.005939,-1.576272
1.537599,-0.333119,-0.007213,1.267462,-0.915699,-0.584040,-0.561521,0.156257,-1.515471
0.715705,-0.109035,-0.034964,-0.687147,-1.280354,1.323051,1.733820,2.149210,-3.703713
-1.373184,-0.471920,0.141092,-0.262059,0.001799,-0.172142,0.969514,0.195867,1.236877
-0.249368,1.348977,-1.992199,0.058128,-0.225689,0.199822,0.175331,0.613993,1.735864
0.137479,-0.424150,1.174692,-0.132325,0.187515,-1.640226,-1.335170,1.929423,-1.635541
0.494128,-1.242463,0.041596,-0.912230,0.509580,-0.937507,-1.451845,0.710695,0.892799
-0.341532,0.766831,0.627995,-0.270023,-1.480981,1.486059,-1.830874,-1.269738,4.286726
-1.100014,-0.503372,0.511750,0.835675,-0.062378,-2.273242,0.118238,0.128917,-0.483616
-2.337475,0.651489,0.388262,-0.874882,-0.241141,-1.090423,0.850204,-0.947306,0.221278
0.368903,-1.785527,-0.401101,-0.323413,-0.799795,-0.366830,-0.057172,0.625036,0.307886
0.249878,-2.541670,0.544041,-1.913829,0.239233,0.069732,0.340411,0.745781,-0.574407
-0.667843,-0.554814,0.579331,0.246576,0.080569,-0.799897,0.354851,-0.382401,0.233681
-0.411741,-0.235267,-0.215294,0.210842,0.184583,-0.794744,-1.819003,-0.256665,3.951792
-0.072144,-0.346809,-0.171063,-0.755245,-0.070435,1.504612,0.583764,-0.728748,2.042093
-1.328046,-0.235508,0.325310,-1.122442,0.413588,0.072565,0.884963,-1.284819,1.283495
-1.237963,0.721985,0.395051,-0.390839,-0.814991,1.561947,-0.521276,0.881609,3.880587
-0.920727,1.375446,-0.231147,0.161379,0.255400,1.996122,-0.934582,1.352905,5.922315
0.426440,-1.117185,0.229656,-1.168996,-0.800581,-0.449911,0.412674,1.839071,-3.056210
0.327413,-2.568535,2.379132,0.353408,0.189815,0.655493,-0.281128,-1.306855,1.980875
-0.993177,-0.310556,-0.206240,-1.928703,-0.320036,-0.056387,-1.200864,0.210913,2.694859
0.286823,0.428489,-0.714164,0.027993,0.745784,0.104878,-0.942191,-1.597194,3.214289
0.555832,0.492626,-0.222233,-2.048151,-0.602198,0.710661,-2.217085,-0.078648,1.705093
-1.119534,-0.988769,0.328374,-1.697611,-0.790283,0.876717,0.879821,0.169275,0.864988
-0.469768,-0.276846,-0.053073,0.820615,-0.161015,0.379623,-2.514860,1.361588,6.683140
-0.650487,0.304220,-2.123693,0.126135,-0.123926,0.567315,0.538061,-2.172642,4.543529
-0.023334,-0.519342,1.038387,0.225783,-1.115575,-2.820031,1.352708,1.484315,-7.683144
-1.059939,-0.618659,0.804147,-1.477901,-0.552526,1.564564,1.451374,1.074325,0.130429
-2.382879,-2.144549,1.572716,0.459464,-0.668840,0.862737,-0.918736,0.592201,7.942946
-0.711858,-0.532164,0.077082,0.692034,1.557427,2.031793,-1.178592,1.837945,8.673147
-0.799766,-0.532958,-0.577075,-0.788061,-1.104511,0.448690,-2.047485,-1.265003,6.186010
0.480468,-0.698158,1.083238,1.052106,-0.791996,0.587766,-0.875892,-0.386812,2.038499
0.241712,0.500668,0.637377,-1.498992,0.686291,-0.046619,-1.298982,-0.156932,0.114432
-0.303745,-0.108945,0.490416,-0.160491,1.063021,0.620071,-0.544253,2.605475,2.273552
0.049542,-2.272710,-0.276371,-0.477074,0.511737,1.840712,0.007197,-0.235394,5.778114
-1.457596,-1.735516,-0.443626,1.888739,0.079143,0.665090,0.108672,1.215271,7.683447
-0.136231,-1.205449,0.407530,-0.729978,1.208589,0.994916,0.607953,-0.897677,2.414885
0.322578,2.078184,-2.372137,-0.057299,-0.494328,-0.246180,0.322694,0.433427,-0.834925
-0.554029,1.052515,-0.230481,1.392393,-1.726867,-0.139665,-0.233086,-0.837728,1.489972
-0.485515,1.619968,-0.733062,-0.790056,1.748983,-1.085864,-1.738214,1.383372,2.075122
0.541898,0.027161,-1.706201,1.680473,-0.363720,-0.695885,1.064444,1.493173,-0.595735
-0.810667,0.648633,1.937016,1.879427,-0.599809,-0.000279,-0.080035,1.164996,0.517596
0.161298,0.605221,-0.680318,0.384320,-0.966993,0.904754,-0.746165,-0.876036,3.048251
-0.525446,-0.224906,0.690703,-0.301334,1.112029,0.288909,-0.955188,-0.713953,3.793824
0.401165,0.278319,1.228994,-1.141162,-0.612670,2.568204,-0.672335,1.311434,1.443741
0.743673,-0.205977,0.445650,-0.510942,-1.476235,0.170472,-1.137200,0.390712,-0.720211
-0.622684,0.384262,-0.302712,1.151015,1.345228,-1.115568,1.595097,0.640875,-0.819168
0.871938,-0.838164,0.681249,-1.774382,1.311794,-0.185357,1.603410,-0.988389,-4.403393
-0.369094,0.958330,-0.542036,-0.265565,0.380742,1.348415,1.305225,-0.443420,1.079125
1.195634,1.588078,0.199809,0.140661,-0.411572,-0.619015,-2.117276,0.134019,-1.099843
-0.680137,-0.999866,-0.430684,0.506855,0.683384,1.033165,0.459126,-0.556960,5.259878
-2.084711,-0.341497,0.607528,-0.247946,-2.359196,0.196010,0.045206,0.432833,2.340345
-0.923024,0.689068,0.467530,0.706371,0.215591,1.707031,0.013487,0.797487,4.463159
1.227431,-0.297339,-0.439157,-0.047200,-0.791953,0.337363,0.199277,-0.295542,-1.416165
-0.148554,0.087377,0.658397,-1.193149,0.943738,1.331170,0.173923,-0.633876,1.535597
-0.533222,-0.535535,1.072166,0.791684,0.117407,0.229580,0.749051,-0.628514,0.969412
-0.113249,0.427244,1.255485,-0.265051,-2.170880,0.227946,-0.732793,-0.155137,-1.111632
0.126545,-0.758070,0.598424,-0.458450,-0.138146,0.441188,2.682987,-0.580792,-3.731997
-0.879954,0.939163,-0.560701,-0.702747,0.999306,-2.538825,0.502844,0.343532,-2.835679
-0.871072,0.000107,0.552035,-0.842626,-0.756997,-0.218076,-1.274681,0.188165,2.059444
-0.010985,0.863845,-0.299674,0.486491,-0.560178,1.162951,-0.088000,0.058572,2.118008
-1.561042,0.348103,-1.206785,-0.560383,1.340569,-0.685258,1.413640,-1.970023,2.159572
0.411743,-0.018755,1.224603,0.950440,-1.194328,1.184076,0.871316,1.413733,-1.505392
0.927561,0.277912,-0.049554,-0.543757,0.280586,0.378849,-1.091873,-0.007960,0.622049
-0.676999,0.495742,-0.767149,0.329235,1.325727,-0.707596,-1.368102,-0.194535,4.656687
1.046375,0.766883,0.945210,0.389429,1.323699,-0.267963,-1.180488,-0.008682,-0.274467
2.106996,-0.892939,-0.364970,-1.921781,0.804271,0.916196,0.067227,-0.123370,-2.147180
0.286550,2.506233,1.123050,-0.244266,0.596693,-0.427806,-1.166276,-0.173100,-1.969309
-0.572086,0.114004,-0.755246,1.033312,0.211243,1.391949,0.720388,-0.350787,4.651086
-1.817143,-0.736790,-0.432421,-0.720781,-0.716275,-0.037236,1.247436,-0.216535,1.895177
0.932008,1.324729,-0.146300,0.767308,1.429023,1.070446,-1.454351,-0.888930,3.810924
1.505963,-0.674428,-0.441017,0.713443,-1.895286,-0.554955,-0.987258,0.860841,-1.305228
0.436653,-0.029987,0.185171,-0.531518,1.039337,1.752854,-0.945971,1.905510,3.556177
0.385633,-1.373717,0.547000,-0.548555,1.042536,0.949049,0.861352,-0.707903,0.994678
-0.853340,0.138026,-1.218309,-0.169376,1.427679,-1.286264,2.317943,-0.667741,-1.346986
-1.363863,0.686222,-1.083176,-1.760518,0.109724,-0.504718,-1.173764,-0.850048,3.574348
0.942136,0.151014,-1.455447,0.315016,-0.093445,-0.687245,-3.266728,-1.288501,5.242457
-0.364838,0.715918,1.497053,1.077887,0.072388,-0.104703,-0.017260,-0.164683,-0.043760
-0.519782,0.561465,1.203698,-0.646418,0.784166,0.167683,-0.297032,0.039925,0.378669
-0.719509,-1.879701,-1.886099,0.886764,-1.786590,3.082784,-1.508443,-0.782753,12.810409
-2.010776,0.338602,0.006687,-1.815090,0.234980,0.057498,0.454031,-0.355553,1.957514
-2.015891,0.706114,0.767714,0.192325,-0.279948,-0.233030,-0.272767,1.025541,2.687321
0.653542,-0.068399,-0.138316,-0.120411,1.012256,-1.657141,-0.637683,1.436784,-1.807292
-0.742339,1.132239,-0.413258,0.945929,-0.370777,0.779382,-1.267957,1.713853,4.858855
-1.615771,-0.015490,0.935307,0.544990,-0.106290,0.657039,-0.615935,-0.021161,5.099476
-1.907129,0.799685,0.016203,-0.540426,0.737141,-1.404342,-0.641250,-1.020086,2.605984
0.324548,0.290732,-0.082122,-0.635616,-2.183371,-1.407813,0.184933,-1.753596,-4.330576
0.948667,1.400421,0.784562,0.039127,1.905326,-1.348011,-1.678642,0.607496,-1.442453
0.222466,0.245213,-0.171229,-0.602263,0.553256,0.672429,0.097181,0.638490,0.643422
-0.417116,-0.430835,1.485299,-0.105890,1.155434,-0.815364,-0.439591,-0.686950,0.429225
-1.283492,-1.384566,1.847132,0.434030,-0.935626,0.817780,0.380795,1.509164,2.076580
1.497022,0.195470,-0.653286,-0.368266,-1.125074,0.855346,-1.559169,1.450486,0.628714
-0.057930,1.121470,0.485353,0.097171,-0.349862,-0.538732,0.848686,1.023464,-3.635004
0.700625,-0.222991,-0.138372,-0.424584,-1.343645,0.085820,-0.092164,-0.794957,-1.214301
-0.275040,-0.368152,0.730990,-0.443863,-0.627980,0.132762,1.803272,0.247979,-3.173142
0.354014,-0.926549,0.401171,0.384688,-0.658982,-0.634868,0.649272,-0.366660,-1.819407
2.014480,-0.374248,0.177750,-2.142653,-1.044398,-0.045707,0.373889,-2.453090,-5.827714
0.140567,-2.254148,-0.173193,1.961350,-1.694529,0.622736,-0.233765,1.644573,4.003503
0.616684,0.655799,2.568652,-0.661010,-0.620018,1.587115,0.352231,-1.050498,-2.874587
0.035400,1.243759,1.656337,-0.129633,0.388297,0.058459,0.671708,0.632186,-3.506238
-0.770962,-1.772828,-0.801736,0.809249,-0.632438,0.934239,-0.599240,-1.428544,7.789166
-0.773723,0.765626,-1.365171,0.036780,-0.447338,1.173256,1.226065,1.151199,2.088144
1.484081,-1.106697,-0.129331,-1.043373,-0.302989,0.238548,-1.637963,0.120533,0.688620
-0.365861,-1.326867,-1.077087,-0.620240,0.667744,0.609909,-1.230502,0.023477,6.396270
-0.332560,-0.431960,0.261743,0.637226,-0.836911,0.359665,-0.597207,-0.867519,3.110801
0.965259,0.115295,-0.240005,1.011280,-0.269750,0.782818,1.296435,0.564634,-1.486993
1.321579,0.755362,1.601104,1.185007,0.051782,-0.148048,-0.549499,1.186544,-2.984150
0.733513,-2.526882,0.220621,-1.400545,0.994829,-0.252694,0.731237,-0.905333,-0.800528
0.353808,-1.035121,-0.789976,0.811865,-0.630391,1.064963,-1.159236,1.317199,5.249704
-0.148744,-1.114631,1.001863,0.531225,0.734922,1.223034,-0.536779,0.591771,4.463340
-0.154358,-1.090905,0.775948,0.244294,0.837700,0.802162,-1.407770,1.554871,4.880633
-0.702506,-0.437720,0.714679,0.526742,-1.134719,0.406847,0.846959,0.880638,0.159969
-0.883843,-1.015090,-0.170429,0.213431,-0.053732,-0.754200,0.385031,0.224605,1.603300
-1.400720,-0.727520,0.336220,1.504517,-0.268889,0.069254,1.867534,0.826166,1.429563
-1.095376,-0.163337,0.856352,0.446796,1.658024,2.186756,-1.339658,-1.574828,9.464661
1.893372,2.015743,1.087879,-0.004826,-1.047938,2.426491,0.343528,-0.062665,-3.472120
1.411871,-1.277823,-0.454667,0.202082,0.278815,0.726024,-0.394145,1.134859,1.375192
-0.592820,0.293157,-0.922835,-1.666798,0.286390,-1.529222,0.639674,0.142461,-2.472154
-0.645462,-1.199670,1.270177,-0.808920,-0.145229,1.012248,1.027252,0.121380,0.469316
0.573831,-2.217562,-1.591638,-0.293746,0.643454,0.880255,0.100390,0.758779,4.396218
-0.442610,-1.820092,-1.208236,-0.744740,-0.471399,0.873630,0.143849,-0.067831,4.465739
0.776767,-1.046081,0.381199,-0.032092,-0.687044,-0.482305,-1.415234,-0.009159,0.682600
1.570636,-2.097604,-0.870611,-0.943415,-0.384455,0.563427,0.955616,-0.091128,-1.416925
0.840556,-0.111907,-0.217939,-0.427455,-0.426718,-0.633472,0.853422,0.217579,-3.875282
1.257261,-0.212457,-0.730220,0.042456,0.467585,-0.252575,-1.522188,-1.213574,2.065867
0.401684,1.298952,-0.064276,0.255272,0.530512,0.280234,-1.604199,-0.833297,2.693420
0.008376,-1.040730,-0.712139,-0.512279,-0.308409,0.358016,1.902453,-1.682389,-0.488797
-0.872140,-0.972966,-0.221512,0.739572,-0.904857,-1.822683,0.420497,-2.156235,0.550357
0.362327,0.741094,-0.882792,-0.183776,-0.599284,0.137830,0.821122,-0.540996,-1.466485
-2.219199,-1.202458,0.759993,-0.400789,-0.371074,-2.693810,-2.527119,-1.315746,4.686342
0.835149,-0.297777,0.000483,1.297966,-0.429962,0.076674,-1.130612,1.199502,1.830125
-0.973808,-1.889689,-0.641119,0.349659,-0.479304,-1.386324,1.493787,1.065181,-0.060469
0.777286,-0.418545,-0.565767,2.043763,0.296770,1.071762,0.042309,1.359082,3.502852
-0.115298,1.160624,-0.200268,1.042444,0.875230,-1.098736,1.961667,0.601139,-3.546907
0.114282,-0.027456,1.472243,0.303176,2.207381,-2.439311,0.247488,-0.290994,-3.596056
0.386249,-0.107738,-0.496278,0.240068,-1.423182,-0.214085,-0.046684,-1.597502,-0.058672
-0.268845,0.971615,0.751097,-1.537682,-1.037979,1.201901,-1.444467,-0.105099,1.456160
0.223267,0.474473,0.619557,0.762005,-1.490224,0.464397,0.393032,-0.778214,-0.966044
1.522023,-0.926466,0.112185,0.437902,-0.246185,-0.305459,0.937527,-0.688422,-3.196281
0.775596,-0.304509,1.040993,0.360836,-1.508252,-1.221891,-0.558477,0.040235,-3.553989
-0.169010,0.686279,-0.653508,0.688500,-0.616406,2.326658,0.772326,1.188773,3.149698
0.166520,-0.459185,1.584999,-0.190408,-0.529741,-0.258854,0.950130,-0.155631,-3.591164
0.202681,0.825067,-0.668976,-0.391302,-0.298337,-1.627135,1.020103,-0.024890,-4.662854
-0.414110,-0.324841,0.483107,0.522060,-0.694314,-1.410478,1.421822,-0.606108,-3.264716
-0.613243,-0.098064,0.135169,-0.101975,0.865147,-0.299561,-0.259496,0.663827,1.912612
1.707631,0.353950,-1.405114,-0.687945,0.869824,1.856865,-1.134641,1.035771,2.897010
0.251535,-1.192435,0.091147,0.666569,-0.517372,-0.865421,0.727196,0.520283,-1.346937
0.520225,-1.605290,-0.356219,1.848174,-1.904398,1.214148,0.445539,0.009801,3.014311
-0.101472,-1.526476,-0.437680,-0.608886,-0.408586,-1.025140,1.327130,0.342819,-2.184691
-0.140424,0.693647,1.752407,1.990147,0.841523,-0.350836,-0.050061,0.186332,0.277227
-0.974729,-0.546039,-1.697140,-0.401065,-0.594389,1.287024,0.164325,0.469588,5.610072
0.331773,-0.671283,-0.183048,-1.293832,0.104030,-1.730901,-0.975985,1.594635,-1.949697
0.112752,-0.648547,0.473897,-1.296688,-0.030291,0.008542,0.038855,-1.355675,-0.504040
0.028949,-1.200370,-0.055043,0.804999,-0.253555,0.508500,-0.560523,-0.203101,4.076682
-0.388911,1.004262,2.389120,-0.344174,-0.874255,0.068361,1.113074,-0.180925,-4.861466
0.314753,-0.775844,0.353158,0.965131,-0.489505,-0.805479,-0.947703,0.713267,0.992477
0.055865,-0.690278,-0.878223,-0.009821,-0.457586,-0.088480,-0.424295,1.304134,1.841155
-0.250081,0.946222,1.418778,0.436410,-1.906690,-0.450242,-0.373060,2.714696,-3.299911
-1.004938,-1.448970,0.147263,-0.778490,1.031028,-0.462850,0.526620,-0.668121,2.240369
0.712013,-1.004775,1.313427,-1.000411,0.327085,-0.815119,0.644315,0.078065,-4.478531
0.916159,-0.182655,0.925960,-2.553276,0.021207,-0.197216,-0.193571,-0.656092,-4.237218
-0.817529,-0.617203,0.629144,0.225743,-0.858578,-0.620224,-0.245439,0.258082,0.986174
0.294652,-0.373024,0.038251,0.886597,-1.585424,0.203498,-2.615162,0.501053,4.563228
0.418328,-0.833833,-2.023867,-0.808119,0.065944,-0.759702,-0.602429,1.148214,1.523726
-0.156468,0.947544,0.430340,-0.224038,1.106481,1.243744,-0.780029,1.541761,2.829791
0.295858,0.493507,0.683033,0.132655,0.408221,0.039107,1.303520,0.062382,-2.941335
-0.814326,-0.160796,1.703613,0.235385,1.597894,0.727576,-0.208475,-0.842722,3.530125
-1.727835,-1.958922,0.693593,0.451975,1.029160,-0.872826,0.219412,-0.685044,4.402430
-0.055854,1.658541,0.498498,0.072988,-0.850904,0.534176,-0.312609,0.026862,-0.675608
-0.392200,-0.180206,-0.013911,-0.235762,0.098165,-1.788712,-0.047344,0.290416,-1.547999
-1.264684,-0.642543,-0.126048,-1.284656,1.718940,-0.280812,-1.754673,-0.354903,6.259791
-0.352452,1.212834,-0.642193,1.668064,-0.073941,0.113972,-1.055733,-0.184059,4.407091
1.198508,-1.117838,-0.228025,-0.315696,-0.545601,-0.729914,-1.512715,-0.266107,0.314909
-0.962384,1.295812,0.175985,1.875500,0.074916,0.709391,0.084512,-0.694343,4.059386
0.253991,1.476655,-0.512288,0.980627,-0.868906,-1.477744,-0.835388,-0.421945,-1.105816
-1.372790,0.989274,1.409566,0.172245,0.609186,1.338897,0.222633,0.974616,2.664729
-2.408957,-0.619745,-0.407114,0.769359,0.085337,0.679077,-0.343070,0.993269,8.237509
2.326195,0.191547,0.917273,1.392238,1.626211,-1.760938,0.701804,-0.766643,-6.227856
-0.062450,-1.639993,-0.795189,0.742826,-0.546884,0.401665,-1.342068,1.252297,5.830959
0.341796,1.373249,-0.832260,1.213091,1.163856,0.843060,0.795265,-1.316063,1.932677
-0.265601,0.594409,1.785742,-0.167081,-0.488883,0.592030,0.842567,0.714985,-2.549844
0.082198,-1.599255,1.157200,-1.475763,1.910434,0.552065,-0.913276,0.487664,2.701998
0.420075,-0.000774,-0.616056,-0.779769,-2.418867,0.440013,-0.223319,1.426444,-1.403368
0.493435,0.008118,1.289503,0.403788,0.419032,-0.573494,-1.595147,1.669359,0.111650
0.981941,-1.094998,-0.716757,0.747076,0.337827,0.514171,2.387731,-1.010338,-1.411167
-1.821089,0.856289,1.868684,0.460124,0.377694,-0.854740,0.013130,-1.545081,0.922840
-0.083818,0.876046,0.186266,-0.878059,0.202088,-0.169720,1.535280,-1.593712,-3.223894
0.280220,-0.994130,-0.708130,0.094642,0.145414,0.351067,-0.264664,0.487013,2.730314
-2.829006,0.435518,0.767325,-0.974726,0.903044,1.016620,-0.563698,-0.654617,7.032126
0.411496,1.012560,1.054100,-0.915772,1.031104,-0.239459,-1.114464,-0.015733,-1.066882
0.232999,0.663979,1.637099,1.739116,0.063370,0.409282,0.841978,0.570579,-1.514649
-0.307566,0.095095,0.631803,-0.481298,-0.751804,1.465881,-0.242033,-1.301820,2.468203
1.257080,-1.128316,0.708566,0.770953,-0.696766,-1.116474,0.241958,-0.105383,-3.440412
-0.549052,0.634107,0.197340,0.229618,0.505771,1.738956,0.378551,0.464002,3.381536
-1.034118,-0.503284,-0.783180,1.169696,0.536127,-1.197617,-0.664247,0.206159,4.436766
-0.867656,0.597541,0.545915,0.263378,-2.254256,-1.100799,1.802573,-0.060214,-4.875781
-1.257818,0.100144,-0.769967,-1.269830,-0.663519,1.011841,0.879703,0.368392,1.977536
-2.016595,0.503649,0.511482,-0.468154,0.128283,-0.795600,-0.261077,0.599137,1.983059
-2.653870,1.125458,1.741772,1.000277,-1.006298,-0.029876,3.371099,-1.304187,-2.283290
1.800822,0.032302,0.180770,-0.097244,-0.929655,-0.462196,-0.339977,0.777397,-4.295196
0.294779,-0.902218,0.297542,2.406777,-0.950504,-0.186709,0.486564,0.354155,0.831292
-1.036935,0.922102,-1.389665,1.378462,1.949640,-1.525850,-1.256901,-0.449059,5.866222
0.795809,-0.264674,2.172941,-1.558866,0.882275,-0.695579,1.547683,1.780603,-8.139205
0.001690,-0.811677,-0.296592,1.220182,-0.640643,0.338047,-0.088437,-0.471171,3.153075
0.747705,-1.527683,0.860478,-2.299522,0.083166,1.754870,-0.605034,-0.791079,1.475501
1.777414,2.323175,1.102697,-0.346442,2.084007,1.171152,1.148869,0.539183,-5.224700
-1.400111,0.520216,0.009779,-0.146831,0.639371,0.580257,1.124847,0.845800,1.767223
0.265330,-0.155962,0.492371,-0.049007,-1.099644,2.511993,1.189827,0.773183,0.534112
-0.411557,2.944412,-1.548694,1.427062,0.850885,0.729851,-1.759691,-1.040359,6.701205
-1.659746,0.037898,-0.712322,2.770915,2.095479,-1.076973,-0.817283,-1.310791,8.714698
-0.970032,-1.638134,1.018751,-0.239546,-1.294740,-1.526790,-0.302708,1.575898,-0.788055
0.751428,-1.041923,-0.051259,1.474027,-2.446741,0.400256,0.230284,0.256972,-0.078560
-1.336679,0.042208,-0.236924,-0.404252,0.303162,-1.540689,-1.769239,-0.709131,3.838354
0.851033,0.875699,-0.444507,-1.072578,-0.796521,0.671518,-2.389645,-0.444548,2.196483
0.083282,-0.942247,-1.011236,-1.913070,-0.882187,0.471864,-0.033019,-0.923146,1.040205
-1.899693,-1.089455,-0.540909,1.703876,-0.672174,-1.201881,-1.249926,-0.110971,7.087348
-0.201828,-0.090260,0.430090,-0.151949,1.580479,-0.860235,-0.255320,-1.929110,1.192403
1.846588,-1.501914,2.238635,0.008870,1.086797,1.057572,0.327529,0.780285,-2.429201
0.185614,-0.659868,0.164134,-1.248204,-0.442094,0.911379,-1.066914,1.497189,1.904159
-1.632132,-0.695393,1.196977,-0.121123,-1.898416,0.263844,1.859803,1.286673,-1.510396
-0.554550,-0.665654,-0.641821,0.011322,-0.580637,0.527031,-0.245773,-0.896097,4.070537
-1.996801,0.075843,-2.529370,-0.214614,0.436278,-1.905540,-1.076561,-0.394488,6.040748
0.052870,-1.242050,-1.236187,0.922445,0.138220,0.413169,-1.671243,-1.181948,7.660131
0.440956,-0.262409,-1.205511,-1.796618,1.362105,1.988628,1.515223,0.824951,0.816488
-0.353984,1.250253,3.364431,1.910966,-0.269935,0.101930,-1.417088,-0.440706,0.627208
1.155046,1.428722,-2.477688,0.020894,0.715191,-0.417452,-0.558878,0.745109,0.384678
1.364749,0.179155,0.543031,-0.880786,-1.229242,-0.409902,-1.653633,1.015871,-2.789092
-0.683729,2.127859,-1.791983,-0.031562,-1.566025,1.792097,-0.204506,-0.081819,4.011879
1.902384,-1.381198,-0.401026,0.850077,0.518948,-0.139899,1.865712,-2.256855,-2.794978
1.242974,1.943307,2.037487,0.253907,-1.162698,-0.857267,0.131707,0.479214,-8.165879
-0.296924,-1.562193,-0.779161,-1.004045,1.114035,-0.104763,-0.295318,-0.148745,3.554992
-0.796226,-2.278058,0.965743,0.607795,1.127989,-0.320906,-0.124720,-1.157314,4.569745
0.905995,1.212693,1.460400,0.636473,-2.197219,-1.029781,-0.220258,-1.565983,-5.663131
0.090079,2.739623,-1.030338,0.237926,1.070868,-1.455206,-0.358038,-0.629585,-1.393901
1.720271,-1.699457,0.768135,0.980481,-0.363443,-0.789305,1.370303,0.058370,-4.892936
-0.915467,2.010134,1.880131,-0.927313,-0.805708,-0.199702,-1.611773,0.010232,-0.625639
0.034829,-0.627759,0.606253,1.314806,-0.504259,0.015926,2.048180,1.283728,-2.596605
-1.094042,-0.777888,0.664792,-0.180396,-0.515402,-0.248352,0.373993,-0.961934,1.420182
0.853151,-0.810651,0.404891,0.928698,0.426031,2.881763,-0.611060,-0.675862,6.139600
-1.218164,1.353944,0.174508,0.346964,-0.039386,-0.424550,0.434553,1.195358,-0.010309
0.985206,0.028861,2.137760,0.375225,-1.825762,-0.767903,0.621433,-0.177534,-6.841384
-0.436154,0.181679,0.902214,1.532492,-1.589441,-1.058220,-0.765984,1.215213,-0.273185
0.454821,-0.428873,1.097544,1.487906,0.276138,0.053291,-2.448354,-0.589260,4.864321
-0.660477,-0.313628,0.768540,-0.367740,0.512529,-2.132570,-0.248859,-1.360063,-1.250123
2.247226,-0.037535,2.124486,-0.875018,-0.947622,-0.294661,-0.471073,0.159845,-7.304374
-0.304971,-0.491709,0.552859,0.266165,-0.588646,-0.776710,0.532970,1.951481,-1.961664
0.818847,-2.034212,-0.502776,-1.844096,0.985403,0.704463,-0.454590,-0.752529,2.368084
-0.223625,-0.981104,-0.199487,-0.641549,-0.192440,-0.466053,0.985324,0.770584,-1.142489
-0.956304,0.477319,0.190870,0.108694,1.017613,0.782386,-0.659600,-0.543322,5.128416
-0.083141,0.202328,-1.536132,-0.287272,-0.050230,0.809171,-0.281138,-1.831048,4.176761
-1.379844,-0.380159,-0.083386,-1.233467,0.812479,0.248318,0.976428,2.388615,1.139949
0.604448,1.148759,-1.167605,-0.619584,-0.094084,-1.066885,1.124395,0.385831,-4.648345
2.007879,-0.652897,-0.091084,-0.378455,0.195586,0.651879,-0.112646,-0.136901,-1.507072
-0.319414,-0.844500,-2.109288,0.741219,0.022076,0.734418,-1.737799,2.935221,8.068782
0.446217,-0.854770,0.158584,-0.257740,0.473105,0.584257,-1.012525,-1.802220,3.488940
0.605930,0.919391,-1.059593,0.574564,1.971938,-0.066929,-0.795059,-0.380033,2.968578
-0.691322,0.416862,1.497619,-1.072692,-1.350259,0.100153,-0.702553,-0.716256,-0.607614
-1.029768,-0.369381,-0.606731,-0.321208,-0.376550,0.946231,-0.667538,0.362105,5.463295
0.721914,-0.267601,-0.971659,-2.095751,-0.994657,0.739947,-0.281103,1.268631,-0.934082
0.317749,0.917628,-1.861920,1.210354,-0.391511,-0.521401,0.006660,1.124651,0.876069
0.557093,0.457012,0.318488,-0.553552,0.142652,-1.806562,0.071604,1.380422,-5.096488
0.210443,-0.237412,-0.165747,1.560058,-0.691270,0.257187,0.637489,-0.536888,1.118952
0.866584,-0.290086,2.149174,-0.692127,-0.393781,0.541154,-0.614996,-0.784014,-2.006536
0.681431,0.587330,0.248264,0.501940,1.376233,-1.877579,0.758828,0.680839,-4.488821
-1.255335,-0.227689,1.602408,2.022522,1.424039,0.530069,-1.043485,0.662913,6.619302
-0.413805,0.877425,-0.394180,0.290439,0.367168,0.100404,0.974633,-1.692781,0.565652
0.059165,-0.501351,0.224288,1.388870,-0.361001,-0.152567,-1.305005,-1.769454,4.242577
-0.553011,-0.280318,1.354955,-1.578150,0.516379,-0.563724,-1.256525,-1.673637,1.070089
-2.155187,0.626371,0.708958,1.017389,-0.356366,0.430029,-0.403218,-0.469672,5.685766
-0.764964,0.706366,-0.647322,1.793823,0.237352,0.685919,0.872718,-0.305357,3.625547
0.146182,1.003859,0.500639,-0.787399,0.976706,-0.373413,-1.413671,0.803690,0.220283
0.342413,-0.581394,0.671613,-1.290232,0.951314,0.191258,0.672727,0.238477,-1.716583
1.028576,-1.046752,-1.575888,-1.459056,-1.621956,-0.506860,-1.204752,0.783724,-0.279398
0.537594,1.127707,0.916923,-0.588158,1.797846,0.215018,-1.381286,0.664322,0.643752
-0.553348,-0.186324,-0.902034,0.802425,0.458672,0.979760,-0.340559,-0.927062,6.227880
-0.692848,-0.032580,-1.286953,0.565358,0.841597,0.132019,-0.650684,-0.954262,6.067828
0.357299,-0.390049,0.791822,-0.365020,1.256532,-0.562409,-0.188198,-2.034253,-0.079293
-1.572821,0.113264,0.067707,0.213421,-0.250682,0.521007,-0.693000,0.549456,5.165032
0.404717,0.561506,0.512247,-0.799616,1.114043,-0.714423,0.536021,-1.000864,-2.958275
-0.792294,1.032217,0.764911,0.466323,-0.335159,-1.061884,0.626324,-0.432230,-2.094028
-1.065806,-0.363570,1.521988,-0.160261,2.247396,-1.555325,-0.290115,-0.482696,0.772914
0.569640,0.644891,0.737056,-0.444003,0.420267,1.514544,0.190888,0.957423,-0.387620
-0.545539,-0.322128,2.085098,-1.638708,1.221344,-0.425855,2.234537,-1.954992,-4.846424
-0.247198,0.558887,0.633478,-0.446595,0.352678,1.767569,-0.078940,-1.245324,2.830666
-0.677514,1.423538,0.395081,-0.131777,-1.431097,-1.078900,2.095061,0.210740,-6.255936
0.300744,0.387986,-0.525272,-0.229007,1.190501,1.001711,-0.584578,0.271263,3.286987
0.060154,0.853687,-1.010815,0.335956,1.611599,0.418711,0.067874,-1.104851,3.196357
0.611588,1.885874,2.024756,-1.157806,-1.145788,0.971773,0.117879,0.807124,-5.398067
1.454955,0.334671,-0.296393,-0.854399,0.642533,-1.852118,0.217561,-0.999223,-5.551978
2.003089,-0.244491,-1.244129,-0.785669,0.055229,1.916858,-1.160495,1.276077,2.208786
-0.498276,1.083279,1.379829,1.193943,0.164640,-0.446478,0.863105,0.435783,-1.963960
1.480910,0.360240,-1.963640,0.164249,0.009966,0.708133,-1.892471,-0.431235,4.109086
-1.421840,-1.442110,-1.971621,0.496163,0.106460,-0.460859,1.124334,1.082433,4.391453
1.573119,0.382804,0.214082,0.083673,-0.026380,0.188227,-0.703779,0.386890,-1.608609
-0.525548,1.109509,-0.655488,0.099416,1.359919,-0.103335,0.322315,0.758714,1.362368
-1.789716,0.592698,0.240138,0.621449,0.024665,0.179828,0.527618,-2.591023,3.948664
-0.481735,-1.481583,0.571976,0.294975,-1.347550,2.799258,0.742703,1.210676,4.228807
-0.743438,-0.819084,-0.034267,-1.670151,0.830946,-0.112324,-1.224653,-1.477849,3.953040
-0.017561,1.675397,0.330805,0.142298,-0.906772,1.348383,-1.346216,-1.261722,3.018932
0.818744,-0.032837,-0.151871,-0.015475,-0.429534,-1.894585,-1.171486,-0.974467,-1.792765
-0.160969,-0.332246,-0.149385,1.907725,-1.568447,0.501059,-1.168023,0.144210,4.698321
-0.864231,0.649717,-0.003685,-0.252153,-0.153930,-0.673715,0.892681,-2.201521,-0.545363
1.525731,-2.200696,-2.086041,0.485261,-0.528814,0.163862,0.003618,-1.043098,2.637987
0.083960,-1.232219,2.764952,-0.681053,-0.745574,1.763637,0.154982,-0.324221,-0.139709
-0.531899,-0.351488,0.824652,0.559269,0.533668,0.733560,0.988715,0.135526,1.311475
2.352571,-0.684678,-0.219277,-1.598241,0.135542,-2.213665,0.993549,1.415506,-9.914162
2.373899,0.935762,0.806798,0.360665,-0.817640,0.120562,0.223208,2.385682,-6.832280
-0.979391,0.855268,0.069840,0.766497,1.184681,-0.426183,-0.969067,0.379598,3.966155
-0.319777,1.574148,0.701796,-1.870593,-1.811309,1.939381,1.004103,0.420540,-2.855619
0.341561,-0.335925,0.647174,0.600024,-0.624072,2.314178,-1.354159,0.291670,5.335657
-0.793236,-0.418211,0.178563,0.489958,-0.617309,1.273571,0.709245,-0.130058,3.106547
-0.405129,0.490829,-1.048926,-0.194365,0.037390,-0.447188,-0.030845,0.001689,1.168680
1.013686,0.568174,-1.682572,-1.264961,0.759580,-0.203839,-1.646924,0.541017,1.566391
-0.777161,1.207600,1.518705,0.701362,0.272712,-0.596830,-0.660644,0.520091,0.063987
0.484721,0.634063,-1.237382,2.628042,-0.980718,-0.758466,0.647153,-1.287329,0.436881
-0.354192,1.182829,1.115830,-0.059936,-0.655814,0.246163,-0.776689,0.265328,-0.053523
0.061886,-0.134604,-0.038477,0.556443,1.433956,0.229737,0.031449,-0.403697,2.471188
0.479319,0.841153,1.121994,-1.262282,-0.456820,0.025375,-0.476825,-0.118486,-2.964611
-0.298006,-1.057840,0.272953,0.447948,0.494938,-0.140072,0.854957,-0.936772,1.177846
0.638829,-0.232930,-1.242306,-0.994280,-1.044116,-0.704526,0.542684,0.136493,-2.805298
-0.265123,1.263870,-1.883403,-0.865101,1.492607,0.546491,0.245602,0.267765,2.639972
0.237239,-2.348689,-0.338494,0.157618,1.668944,0.894840,-0.157221,-1.422259,6.075168
-1.253742,0.059475,-1.415787,-0.221315,-0.460766,0.352837,0.810954,-1.646296,3.623040
0.157358,0.660028,-0.410627,0.096965,1.435449,-0.307029,-0.116424,0.393989,0.783546
0.678312,0.185083,0.062560,0.572122,0.809276,-0.856565,-0.743162,1.506181,-0.444677
-0.172963,0.113472,-1.158692,-0.747641,-1.352739,-0.272182,-0.088496,-0.578681,0.285468
-0.103988,-0.059521,-0.393504,-1.260043,-1.445966,1.576748,0.355185,0.593577,0.623680
-0.501339,-0.029346,-0.812458,-1.121996,-0.414028,0.360032,0.566244,-0.703868,0.903046
-0.361495,0.687354,0.600509,0.558034,1.337728,0.244899,-0.695289,-0.975015,3.245435
0.357049,1.745589,0.467652,-0.091919,-2.034262,0.400484,1.236332,-0.032412,-5.232944
-0.956632,-1.854574,0.391373,-0.861589,1.321672,0.469907,-1.896691,-0.847032,7.864656
1.196196,-0.256699,0.649522,0.379129,0.817917,-1.595463,0.004083,-0.207565,-3.765523
-1.295211,1.061191,1.005238,-0.545917,-1.461434,-1.016727,-1.173927,-2.043895,0.405364
0.223366,0.251781,0.000428,0.142810,0.046430,-0.000660,0.004304,-1.520078,0.568096
0.438938,-0.109154,-0.973287,1.062234,1.618365,-0.298822,-0.565227,0.580920,3.307942
-0.690907,0.493630,0.110316,0.694474,0.859495,2.605217,-1.181317,0.435145,8.458263
-1.612119,-1.868681,0.546970,-1.986504,0.563843,-0.256536,1.220961,1.043951,0.370200
0.578860,-0.270957,-0.751405,1.274221,0.181830,1.414583,0.594119,0.216670,3.086375
-0.197543,0.191613,-1.020411,0.460829,0.074184,0.145645,1.168723,-0.878558,1.049459
-0.515613,-0.397134,-1.542779,0.230959,0.754091,-1.220399,-2.261543,0.580363,6.065950
1.225733,-3.075847,1.237949,0.352273,0.796858,-1.001093,-0.516290,-1.695149,0.316932
-1.608925,-0.097862,0.419006,-1.246059,1.372912,-0.928987,-0.267307,1.312905,1.558242
-0.850749,-0.222811,-0.655036,-0.784892,-0.844815,-0.465906,1.698512,-0.176585,-1.676972
1.195871,1.152906,-0.960753,-2.135122,1.396265,0.654171,0.394939,1.475590,-2.721504
-0.668453,-0.866973,-1.464685,-0.368345,0.705875,-0.585888,2.481619,-1.399033,-0.174344
0.722656,-1.110760,-1.223756,0.774816,-1.051118,1.754771,-0.252757,0.454377,4.512737
0.918198,-1.846490,1.250970,-0.074729,-1.299133,-0.160544,-0.037473,1.263964,-2.407117
-0.581975,-0.709252,-1.611428,-0.885379,0.060285,0.499785,-0.827563,1.122641,5.068181
0.296866,-0.637506,-0.607757,0.824089,0.004666,-0.474375,-0.698377,-0.849280,2.751687
-1.832760,0.013049,0.031974,0.320561,-1.140904,0.435125,0.349953,2.200938,2.960215
0.052360,1.019517,0.568952,-1.112619,1.507805,1.046836,0.248625,0.036989,0.167229
0.441946,0.062733,-0.379581,-0.052988,2.455520,-0.829697,0.443197,-1.268536,0.173895
-0.307377,0.941669,0.273055,1.022011,-0.964556,-0.609501,-0.219643,-0.193159,-0.268578
0.013774,-0.106399,0.227473,-0.606584,-1.892389,-0.927051,0.830281,1.246931,-4.707287
-0.676980,-0.637584,1.142247,-0.207778,0.276723,0.047988,-2.167242,0.171273,4.692841
0.196969,1.392016,0.799387,-0.484685,-2.207977,-1.595892,0.467064,0.155706,-7.153531
0.841184,0.184380,0.333573,-1.935418,0.214491,1.005643,0.523130,0.033883,-2.495506
-1.323368,0.996493,-0.427226,-1.115336,-0.014525,-0.323265,-0.937085,1.297523,2.185967
1.265758,0.399999,-0.371543,-1.101344,0.681126,-0.480228,0.431601,0.706760,-4.055081
0.420309,1.073315,1.574993,0.362690,1.095666,1.728027,0.061833,0.758743,0.436907
0.042138,-0.296575,0.374260,0.831369,-0.789459,-1.764192,0.144502,1.074938,-2.816958
-2.098447,0.439838,0.326100,-0.146622,-2.416838,-0.991278,-0.412578,-1.036843,1.448949
1.210352,0.157058,-0.490771,-1.331893,0.889392,0.701848,-0.230551,1.255583,-0.897496
0.172295,-0.195406,2.429087,-0.634051,0.789974,1.903470,-1.057770,0.360342,2.278694
0.682739,1.106239,-0.555433,-0.934368,0.966531,-0.021134,-0.030359,0.370662,-1.411454
-0.620490,-1.095226,0.664022,0.062856,0.561203,1.041309,1.154760,0.350894,2.060342
0.115942,-0.475205,-0.669097,-1.146309,2.057622,0.114632,1.467025,1.708119,-0.844089
-1.380806,0.426574,1.051586,-0.452661,0.060845,-1.079307,0.917630,-1.744249,-1.439859
0.316496,0.413966,-1.983449,-0.123135,1.092359,0.497307,1.288269,-0.102515,1.120609
1.673062,0.506603,-0.800823,0.120412,0.770969,0.989524,0.389430,1.197697,-1.059912
1.469953,0.258121,0.902876,-0.419469,-1.575806,-1.245262,-0.004563,-0.521887,-6.826870
-1.168318,1.103204,-0.927409,0.019956,-0.584684,-0.669395,-0.479812,0.154005,2.059012
0.363536,0.071514,1.815733,1.071400,0.873770,1.134735,-0.682123,0.730782,2.013807
0.401045,0.737746,-0.423198,-0.868309,-0.195757,-0.870108,2.274885,-0.985288,-6.178731
1.053534,-1.105653,-0.764606,-2.134269,-1.161082,-0.903023,-1.006244,-0.504674,-1.989527
0.627583,-0.661786,1.008715,-0.516381,-0.559435,-0.090830,0.790318,-0.290843,-3.339010
-0.838788,2.005326,1.078676,-0.711300,-0.496257,0.696633,0.553197,-1.073422,-1.390217
0.413044,-1.302345,0.675495,0.241514,-2.089558,1.098670,1.315859,-0.425432,-1.295988
-0.806430,0.956470,-0.773169,1.612913,-0.537536,-0.303252,-0.324893,-2.017856,3.900324
-0.519131,0.467838,-1.824726,0.589465,1.318261,-0.750699,0.014361,-0.790797,3.682119
-1.129467,-0.515875,0.827397,1.085421,-0.041524,2.606053,1.109671,-2.649996,6.363841
0.013283,2.099144,-0.922162,-2.941164,0.859288,-0.697011,-0.403882,-0.607558,-2.760255
1.002742,0.332742,1.336135,-0.154341,-0.978259,0.146332,0.462315,0.431118,-4.690444
1.375532,1.825733,0.650860,-0.215692,1.242496,-0.202066,1.738656,1.360769,-7.394042
0.589137,2.022735,-0.128615,-0.057167,-0.731965,1.192676,-0.180100,1.044562,-0.960082
1.377496,-0.711442,-0.338155,-1.813168,-0.622260,0.735605,1.035596,-0.286832,-3.635068
0.640405,-1.754190,0.401652,1.324555,0.419509,-0.123385,-0.166251,-2.769093,2.963041
1.145295,1.593448,1.092942,0.201193,1.090902,0.312147,0.532709,0.088312,-3.695581
0.060552,0.856797,-1.187304,-0.649209,-0.524587,0.452601,0.334092,0.243910,0.070504
-1.051068,-0.067021,-0.982888,-0.733437,-0.647045,-0.769718,-0.204163,0.856799,1.375080
0.299936,-1.180865,-0.514478,1.057232,-1.426645,-1.267954,-0.757610,-0.599601,1.042176
-1.297940,-0.307190,-0.924222,0.161422,-0.661919,-0.400129,0.937352,0.006428,1.871281
0.162204,1.344786,-0.217698,0.041935,0.687047,-0.295952,-0.354876,-1.038229,0.267363
-0.943650,-0.551436,0.809398,-1.602403,0.091140,0.364355,-0.233843,-0.022292,1.500329
-2.286208,2.541399,-0.602056,0.081711,0.872402,-1.144657,-1.480757,-1.063165,5.036731
-2.292386,-1.114994,1.271593,1.878775,1.191852,1.289246,0.845448,0.386439,7.639331
0.999896,-0.455181,-0.529656,1.905355,-0.396587,2.189912,0.113215,0.856708,4.120633
-0.093324,0.273799,0.179289,-0.987869,-1.446203,2.283281,-0.681457,0.565408,2.921027
1.983432,-0.756376,0.156747,1.809178,0.531275,1.486948,0.421836,0.190090,0.972290
-0.572284,0.792229,0.783686,0.109286,-1.599074,1.331220,1.899676,0.003625,-2.007333
1.048601,-1.344728,-0.203916,-0.017011,-0.342003,-0.009693,0.208262,0.236075,-0.674732
0.442312,1.224001,-1.448010,-0.723714,-0.362270,0.016417,0.620343,0.582410,-1.878596
-1.067228,-1.292305,0.888358,0.398250,1.111405,0.004004,0.454452,-1.434202,3.580997
0.765282,-1.004502,0.692871,2.328125,-0.565050,-0.828747,1.083299,-0.328579,-2.025581
0.012479,-1.217495,-0.989295,0.648260,-1.807719,0.003104,0.362090,1.304018,1.031406
0.622738,-0.817236,-0.628958,-0.688007,0.679892,-0.262602,0.611627,1.064041,-1.113365
-0.363881,-0.431256,1.170930,-1.324847,-0.007044,-1.447168,-0.240204,0.709247,-2.976523
0.073729,-1.071294,0.431757,-1.093898,0.234798,0.824604,-0.751437,-0.280301,2.665759
2.018337,-0.687839,0.740177,-0.390435,1.056892,0.366456,-1.101376,0.952010,-1.064271
0.548908,-0.733425,0.948299,-2.307343,0.334182,0.775030,-0.839702,-0.393688,-0.069021
0.531486,-0.283612,0.561007,-0.027871,-0.191797,-0.769132,0.694117,0.108523,-3.378175
-0.029210,-1.470349,1.020841,-1.351283,0.344318,-0.070379,0.315537,-0.510084,-0.703856
-1.070739,0.436454,0.023230,-0.270392,0.295752,-1.587869,-0.341287,-0.151139,0.360955
-0.462427,-1.058459,1.020251,-1.488343,0.590776,-0.059417,0.550694,0.380713,-0.864284
-0.746622,0.667552,0.820261,0.221031,0.629898,-0.189200,-0.942780,-0.438547,2.532693
-0.509486,-0.734250,-0.223644,0.029104,-0.016949,1.809953,0.799876,-0.111691,4.059335
1.028478,0.453443,2.259177,-0.268150,-0.407943,0.016716,-2.074544,0.538126,-1.665327
-1.866966,1.474885,-2.014158,-0.064924,1.277204,1.407960,-1.177183,-0.717305,10.291313
-1.463647,-0.247959,0.682138,-1.147523,-0.744430,-1.651535,0.132683,-0.738414,-1.363353
-0.979161,-0.329576,2.348660,-0.838659,2.550073,0.324012,-0.017703,-1.508440,2.083068
-0.089482,1.862074,-1.815151,-0.653676,0.484806,2.453599,-0.562406,0.128135,5.575192
0.725833,-1.073721,1.249311,-0.784101,0.435620,0.519732,0.290546,-2.280384,-0.611076
0.793832,0.351370,0.821171,-0.685380,0.229925,-0.530768,-0.245760,0.041820,-3.078130
-0.191694,0.184678,2.047333,-2.517275,0.128846,-0.866194,-0.537740,0.480635,-4.454735
-0.461181,-0.384326,0.480799,0.749184,-0.297529,0.290700,1.551523,0.879746,-0.574162
0.066480,-0.439662,0.020323,1.784960,-0.339800,-1.854590,-2.485327,0.625239,3.254916
1.917976,2.134169,-1.018709,1.129957,0.436072,-0.832972,-0.258399,-0.125578,-3.307514
-0.558047,1.282990,0.320342,1.376676,-0.102390,0.283527,-0.588739,0.480044,2.649778
0.476615,-0.019533,-1.151330,-0.765326,-1.862873,-0.308113,-0.078693,0.357913,-1.591731
-0.480096,-0.962794,-1.216795,1.124152,0.775595,-0.095379,-0.236683,0.885438,5.200635
-0.618594,-1.715126,-0.752915,0.924789,-0.423612,1.505515,-1.474668,1.055998,9.167274
2.876440,-0.323870,0.828232,0.033208,0.566505,0.228253,0.336861,-0.426434,-5.179558
0.851226,0.683495,0.230915,0.315017,0.194707,-1.513221,-1.399073,-0.760815,-1.342809
0.202151,-1.473342,-1.882537,-1.260373,-0.428165,0.633859,-0.262851,-0.258677,3.600557
0.361281,0.542768,0.231078,0.101821,0.459907,-0.608010,0.455405,1.081384,-2.522988
-0.844216,-0.224517,-0.855262,0.597178,0.659640,1.024797,-0.217622,-0.880157,6.685860
-1.417703,-0.630157,1.746696,0.081698,0.994365,-0.293709,-2.974536,0.245497,7.103810
1.665812,0.085258,1.358315,2.102146,-0.581296,-0.189885,-1.022774,0.184680,-1.346054
-0.431397,-1.742085,-0.051701,0.053001,-1.854118,0.201179,-0.688558,-0.004659,3.160289
1.273518,-0.100132,-1.181648,-2.059933,-0.404624,1.375812,-0.055085,-0.813675,-0.229221
1.706414,-0.556618,-1.530192,0.445057,-1.189976,-0.363003,0.010945,-0.301579,-1.428166
0.888158,-1.236591,-1.268748,-2.025901,0.327169,1.999136,-0.955363,-0.561970,4.569915
-0.532369,1.226435,-0.802513,0.264820,-0.162217,-0.229445,0.278682,2.148742,-0.002605
0.785078,-0.282361,-0.055230,1.042941,-0.324379,-0.845837,0.639403,1.740340,-2.811433
-0.271554,1.815171,-0.994318,-0.299379,-2.469294,-0.027181,0.395617,-1.373644,-1.778103
1.270616,2.845481,0.948245,0.335280,1.432760,-0.116030,0.482538,0.286571,-5.055942
-0.828355,-0.332521,-0.641909,-0.186769,-0.161643,-0.374076,-1.461329,-1.929664,5.307024
0.068383,-0.002864,-0.772868,-0.819895,-1.247439,-1.875576,1.100076,0.170207,-5.155488
1.894853,1.333581,-0.456544,1.163931,-0.359479,-0.113516,2.020555,-0.219042,-6.335820
-0.065135,0.113934,1.732967,0.662293,-2.310674,0.478850,-0.106582,-0.485216,-1.259975
0.174525,-1.730201,-0.498249,0.110395,-0.397957,-0.702797,1.528054,0.881388,-1.774525
0.789541,0.896298,2.235026,-0.339726,-2.172792,-1.921328,-1.812031,0.321790,-6.355933
0.479157,0.779626,-1.514784,-0.211574,1.056172,2.886339,0.042748,-0.929514,5.890104
0.837889,0.019845,-0.467199,-1.822169,-0.142483,0.152169,0.631381,-1.119270,-2.879548
-0.005297,-0.372101,0.716464,-0.031432,-1.218453,-1.842925,-1.715512,0.060655,-0.911547
0.933080,0.092036,0.277976,-0.082604,0.025180,-1.823361,2.337854,1.323592,-8.831620
-1.644170,0.964933,1.954017,-0.378048,1.655021,0.981941,-1.063477,-0.719310,5.004262
0.361039,-3.331354,0.118409,-0.137669,-0.902336,-0.181773,-0.181651,0.445635,1.808740
-0.706424,1.718941,-0.533380,1.904898,0.795151,0.285781,0.528910,-0.121447,2.917209
0.975776,0.521606,0.747516,-0.334665,0.206445,-0.387722,-0.076394,-0.302825,-3.111888
2.791483,0.401444,-0.740337,1.392876,1.579469,-1.692484,-1.559004,-1.176770,-1.579887
0.339995,-0.080305,0.897684,0.485249,-0.409675,0.421150,1.745058,0.093216,-3.052201
0.687147,-1.061023,-1.913976,-0.508207,0.476125,-1.168589,-1.354105,-0.715458,2.790888
1.212532,-0.625297,2.030470,0.004171,-0.288381,0.911214,-0.509640,-0.433016,-1.257703
0.357418,0.121252,1.264409,-0.419775,0.891541,0.708106,-0.928983,0.181917,1.153788
-0.204191,-1.079992,-0.693539,0.113184,-0.397900,0.709495,1.260011,-1.821724,2.069132
-0.125473,-0.135035,0.309392,1.538631,1.218544,2.195875,0.782913,-0.901365,5.329494
-0.006693,-0.790765,-0.114952,0.479248,-1.662794,0.481606,1.163732,0.641123,-0.667608
-0.326171,-0.566716,-0.904737,-0.159549,-1.103349,0.754704,0.697497,-0.438071,1.927219
1.969184,0.739946,0.736687,-0.699625,-0.942099,1.010020,-0.141703,0.275925,-4.224794
0.442279,0.460379,-0.320259,-0.391215,-0.253797,-0.468773,3.434215,0.886501,-7.580751
-1.620261,-0.215014,-0.488993,0.503430,2.480831,-1.296099,-0.656039,-0.384786,5.679408
0.473864,0.041071,0.151304,0.537563,-0.281999,-1.732131,0.602170,-0.651004,-3.809022
0.777758,-0.458980,-0.980406,0.425598,1.354572,0.250380,0.899266,1.352375,0.351022
-0.607488,-0.988589,1.018340,-0.336952,-0.014137,1.065658,0.947262,1.464123,0.836383
-1.436683,-0.667368,-0.102617,0.632668,0.526183,-0.130231,0.610560,0.135226,3.660313
0.029140,-0.366333,-0.815394,0.240069,0.107619,0.661072,1.254489,-1.443877,1.491766
-0.180175,-1.065590,0.132233,1.164929,1.296295,-0.602847,-0.779411,1.262245,3.673138
-0.351244,-0.434989,-0.106694,0.956732,-0.013789,0.456007,0.780066,-0.919143,2.324600
0.944972,2.316140,0.967362,1.673543,1.334198,-0.009870,0.748404,2.233401,-3.846950
0.806652,-1.028537,2.008038,-1.032211,-1.916263,-1.977911,2.523318,0.053451,-11.927664
1.352464,-1.222031,-0.430202,0.655642,0.006017,0.664245,0.538814,0.067590,0.281256
0.446791,-1.251034,-1.026944,-1.077830,1.251423,-0.315835,-0.608334,0.765342,2.032728
-1.482917,-0.893521,1.761423,-1.049531,1.320527,-1.141596,-0.236308,-1.166165,1.160563
-0.172549,-0.433653,0.575707,-0.441227,0.452832,-0.503653,-2.829066,1.737082,3.950649
0.665891,1.066670,-0.162579,1.076839,1.232650,0.088838,0.442555,-0.090751,-0.049249
-2.592382,1.664935,-1.307796,-1.643355,0.346814,-0.275701,1.220016,-0.635528,1.905325
0.420773,-1.350354,-0.959520,0.687820,-0.281005,-0.796422,0.120952,0.838038,0.849775
-0.305173,-2.262836,-3.111280,0.204589,0.592257,-2.004563,0.957226,0.696326,2.295452
1.298365,1.544004,0.000901,1.534084,-0.667811,-0.562051,-0.207500,-0.195804,-2.938356
-1.335546,-0.646017,0.656584,1.739072,0.030109,0.302670,0.804417,1.692646,3.246409
0.791297,1.012603,0.410333,-0.185875,-0.171596,-0.243625,-1.586129,-1.124668,0.043866
0.132144,-1.892904,-1.388204,0.633926,0.295234,-0.509242,-0.441901,0.425087,4.184065
0.135843,0.575611,-0.871411,0.504313,0.297512,0.927947,0.459763,-1.422034,2.604858
0.794898,1.367314,-0.468876,-2.021270,-2.109930,-0.414399,-2.143742,-1.392474,-1.778682
-0.458614,-1.797576,0.546150,-1.219520,-0.820629,0.234256,1.066479,0.894671,-0.881557
-0.819737,0.294682,-1.792783,-1.413888,0.567916,-1.813468,0.277245,0.789789,-0.642748
-1.107037,1.109710,0.714307,0.150297,-0.498542,1.541923,0.541944,-1.929233,2.766673
-0.931370,-0.369195,-0.930778,-1.275289,0.134083,-0.300963,0.872052,1.846953,0.099943
-0.706922,1.877211,0.619845,-0.377914,-0.106379,-0.405291,-0.101359,-0.437691,-1.242457
-0.088249,1.258721,0.141421,-0.264639,-1.904251,0.113700,1.128655,1.359302,-4.277960
-0.410521,0.647158,0.865578,-1.251205,0.666284,1.479973,0.815523,-1.466955,0.535173
0.906813,-0.041326,0.149010,0.031451,1.456962,0.252600,1.800300,0.275954,-2.854600
0.167242,0.086243,-1.814605,-0.356366,-0.213302,0.904513,2.302357,1.426753,-1.096521
-0.934989,-0.234008,0.387509,-1.615623,-1.260193,-0.975868,0.863951,-0.063065,-3.283619
-1.570937,-0.827136,-0.020897,-0.154141,0.568525,-0.542623,-0.160517,-0.613078,4.117127
-0.281383,1.182388,0.064430,-0.567667,0.371972,-0.737386,-0.212628,-0.203873,-1.069256
0.197281,-0.211511,0.092018,-0.060753,-0.043682,-0.053193,0.748912,-0.515463,-0.939103
-0.776316,0.920990,-1.001218,-0.191222,-0.676673,-0.282789,0.468649,0.638883,0.241894
0.872475,-0.505004,-0.810585,0.762396,-1.579332,-0.207244,0.206398,-0.311648,-0.780269
0.645211,0.223339,-1.663542,1.053028,-1.295561,-0.496657,0.042117,-0.180297,0.210138
-1.001811,2.106839,-0.855716,0.145535,0.334961,-0.034647,0.308305,0.716394,1.134206
0.261950,-0.443581,-1.152947,-0.421591,1.401010,0.043779,-0.107272,1.969151,2.011663
2.186511,-2.311685,0.022554,-0.969919,-0.095765,0.106570,-1.221293,0.726254,-0.552689
0.207211,0.304329,-0.457095,-1.312009,-0.171350,0.587706,-1.340712,-0.645568,2.366623
-1.015739,0.405105,0.626039,-1.391386,0.767203,-1.087417,1.183704,-0.682787,-2.798453
-0.634761,1.615516,1.768249,1.003713,0.363154,-0.746782,0.987879,-0.110895,-3.261695
1.318326,0.096483,-2.003649,0.980463,0.267028,0.196716,1.487881,-0.811864,-0.531554
-0.687916,2.434301,0.184237,-0.114607,0.838971,0.493373,-0.687303,0.428991,1.713786
1.267078,0.469227,-1.089539,1.496672,-0.846827,-0.115481,-0.951616,-1.106591,1.467896
1.234320,2.558287,-1.314203,2.336295,-1.844308,0.403953,1.414125,0.575678,-3.536765
0.356108,1.831596,0.692410,0.156443,2.222837,0.434264,1.645646,-1.151592,-2.418581
-0.042168,0.868971,-0.256038,-0.968800,0.097064,0.543618,0.357012,0.266916,-0.578365
-0.717543,-0.316125,-1.731039,-1.312949,-0.375888,0.425581,1.272135,-0.452067,1.297029
0.211139,0.996890,-0.316781,0.641317,1.452071,-1.323239,-0.416720,-2.466388,0.686034
-0.676919,-1.684712,-0.051741,-0.464419,0.877922,-1.144633,0.280795,-1.058662,1.704378
1.384915,-1.590597,0.637871,0.042836,1.469526,-3.105215,0.467068,0.087269,-5.935080
-0.479575,0.936000,0.970833,0.665591,-0.342691,-0.810911,0.787893,-0.228576,-2.600846
-0.583323,2.717787,1.173041,1.097418,-0.067671,0.039728,-0.502318,-0.478032,-0.106470
1.307848,0.230239,0.257630,-0.143938,0.355509,0.873840,0.854012,0.112619,-2.420572
-0.693891,-0.174584,-0.908821,0.686818,0.698466,-1.130759,0.041895,-1.021914,2.697129
1.406949,1.274977,-0.490029,-0.390486,-0.014366,-0.861623,0.272246,-0.383164,-4.770722
1.410392,-0.623232,0.520757,-0.651879,-1.014912,-0.126142,-0.033741,-1.880924,-3.085532
-1.268342,-0.608391,0.992918,-0.846869,0.652677,0.077997,-0.298079,-0.172467,2.721309
1.201432,1.260003,0.291638,0.033067,1.067939,2.849944,-0.668535,-0.085551,3.126153
1.318560,1.720493,1.067446,0.569851,0.098605,-0.844949,0.241865,-0.013950,-5.812550
0.316877,0.626846,0.749925,-0.563107,0.490183,-1.087498,0.529395,1.190462,-4.673906
0.177806,-1.141961,0.586624,1.139543,-0.801763,1.877267,-0.190317,-0.645193,4.694419
0.635682,0.566337,-1.673765,-0.597024,1.733249,-0.162226,-0.404658,0.615112,1.647654
-1.676327,-0.102691,-1.222123,-0.576796,0.379106,-0.845342,-1.091728,0.330585,5.301320
-1.053230,1.113657,1.846771,0.210397,-3.155522,-0.146813,-0.319931,-0.178099,-2.181403
1.266808,1.453294,-0.629313,-0.734640,0.222937,0.357900,-0.950315,-1.065380,-0.570819
0.977739,-0.368818,-1.288926,-1.280594,0.998289,-1.068707,0.692503,-1.254386,-2.470714
-1.652649,-0.759589,-1.512056,0.263933,-0.343805,-0.554671,-0.077919,0.275186,5.170278
-0.846800,-0.982403,0.778753,1.029527,-0.473796,1.653773,0.986363,-0.844167,4.081500
-1.902453,2.013476,-0.608523,1.485593,1.203342,0.249351,-0.665226,0.329901,6.592151
-1.165298,0.549470,0.325429,-0.082189,-0.155049,-0.149721,-0.542383,-0.206542,2.420252
-0.852802,-1.832478,1.042121,-0.388204,-0.481053,0.273023,1.254981,0.719202,0.094959
-0.695629,-0.551808,-1.140515,-1.862289,-1.255279,-1.732079,-1.451627,-0.185316,0.720389
-0.070437,0.342823,-0.743359,0.919215,0.017746,-1.233575,0.810616,2.142138,-1.867862
-0.975991,-0.431612,1.775124,0.337928,0.216945,-0.997730,0.103148,-1.249833,0.007320
1.171172,1.052766,0.701021,-0.824633,-0.406642,-1.548296,-1.656110,0.267351,-4.171613
0.164075,-0.424171,1.003532,-1.808848,0.187679,-1.804804,-0.353131,0.834754,-4.547719
-0.233063,0.958771,-1.443568,-0.456681,0.337663,-1.468014,-0.901012,0.467296,0.550272
1.581528,-1.164393,0.296894,-0.520283,0.000648,-0.044237,-0.593684,-1.044134,-1.070149
-1.286422,-2.760395,2.304526,2.072703,1.869038,-0.510054,0.437362,0.571999,4.530591
-1.421016,-1.204271,0.101022,-0.203534,0.913225,-0.326557,1.357112,0.498112,1.834007
0.680025,1.466236,0.725889,0.964566,0.342641,0.622457,1.264338,0.440658,-2.890736
-0.964544,0.358847,1.002616,1.270139,0.149265,0.796350,1.162861,0.123339,1.515580
0.286489,0.828681,1.348711,-0.520751,0.172736,-1.636504,1.139141,-0.638531,-6.905271
-0.712758,1.055190,1.699196,1.109595,-0.292694,-1.847106,2.003918,-1.055724,-5.890930
-0.145842,0.338874,-0.153046,0.037191,-0.211215,1.381105,-0.581505,-0.213040,3.911251
0.350130,1.042685,0.451935,0.283578,0.855130,-0.393331,0.609987,-0.284183,-2.165939
-0.511129,-2.240465,0.468490,-0.660205,0.150821,2.182025,-0.053331,-0.176787,6.056530
0.506116,0.836283,0.203460,1.026947,1.268829,-2.483757,-0.463789,1.022790,-3.094170
-0.782200,-0.462388,0.456722,-1.993520,0.682683,-0.822287,-0.239955,-1.344580,0.033426
0.642962,1.147138,1.908618,0.590919,-0.080957,0.285223,0.436883,-0.968217,-3.283191
0.321867,-1.444773,0.452047,0.496702,-0.877199,-2.239375,-0.488486,1.359585,-2.581003
-1.200242,0.002577,0.340518,-0.200890,0.718656,-1.233545,1.528605,-1.468682,-1.304749
-0.994220,0.524678,0.393105,-2.677108,-0.328367,0.594290,1.107559,-0.112705,-2.145366
-0.160712,-1.356278,0.106645,1.048308,0.940550,-1.808310,-1.983569,-0.500799,4.236896
-0.509713,-0.365187,-0.795855,0.708972,0.131355,0.004320,-2.534982,1.736798,7.164705
-1.353063,-0.842213,-1.361971,0.654650,1.098750,-0.038209,-0.313023,-0.965687,7.582896
-0.277796,-1.439550,0.977198,1.073176,1.411600,-0.044429,0.050340,-0.406219,3.280538
0.340312,-0.531211,-0.613594,-0.646661,1.681277,2.620686,-0.635478,-1.323319,7.264503
0.084067,2.346086,-0.164284,-0.394365,-0.939492,0.227963,0.315181,-1.366797,-2.400359
1.166806,0.573917,-0.470770,0.890584,-1.293661,0.360679,1.295703,0.327780,-3.398178
-0.782861,-1.239800,0.583776,-0.303683,1.220776,0.584129,0.059538,0.216266,3.831764
-0.127818,0.229480,-1.276958,-0.992652,-0.654477,-1.065207,1.333836,-0.211179,-3.223965
-1.110206,-0.137230,0.509573,0.671418,-0.611011,-0.109578,-1.193195,-0.991438,4.486310
-0.229557,1.072271,-1.061305,-0.313351,0.816713,-2.052999,-0.363775,-1.016037,-0.836937
0.491608,0.801582,-0.620191,-0.510248,0.419441,0.175140,-1.451821,1.364051,1.661651
-0.271247,1.719574,0.352705,-0.082281,-1.869986,-1.937431,-1.232013,0.039506,-3.301730
0.378324,-1.584616,-1.557788,-1.591275,-0.058071,1.076040,1.560363,-0.559245,0.787256
-1.663324,0.063707,0.310481,-1.192802,-0.015086,-0.032895,-0.939081,-1.188136,4.061639
-0.925265,-0.695582,-1.951327,-1.039522,-1.722232,0.034781,-0.993926,-0.125488,4.592999
-0.269220,0.075225,-0.282003,-0.536774,0.502711,-0.366368,-0.043355,-1.955946,1.265457
0.630735,-1.099088,-0.164075,-0.432580,0.339624,0.635467,-1.219232,0.295895,3.314444
1.447423,-0.453863,-0.129380,-1.932496,0.463075,-1.825680,0.413020,2.340195,-7.521699
-0.616031,-0.418813,-0.205483,-0.642610,0.437301,-0.890745,-2.039701,0.656758,3.879445
-0.399969,-2.285009,1.054252,2.165707,-2.017677,1.688982,1.139414,2.131121,2.944082
1.515844,-0.757232,1.139854,-0.180576,-0.427848,1.515308,-1.821179,1.236959,1.672423
-0.155279,0.166964,-0.736527,-0.959705,2.352570,-0.663350,-0.165584,-0.063982,1.501144
1.045244,-0.793685,-1.689505,0.106022,0.648458,-0.350408,-0.364459,-0.541195,1.883216
-2.021980,-1.061889,0.867902,0.747855,-0.308402,0.030621,-1.547583,-0.210763,7.519850
-0.390074,1.856482,0.448053,0.212256,0.830707,-0.500715,0.978965,-0.413407,-2.314322
1.262772,1.008058,-1.389331,1.553901,0.468001,-1.035834,0.690929,-1.004738,-1.858639
1.051177,0.182388,-0.245932,0.761077,-0.196430,0.881603,-1.269509,-0.298626,2.804685
1.687893,-0.543898,0.911845,0.204978,-1.332000,0.372205,0.483133,-0.163803,-4.127549
-0.616759,1.509396,0.599174,0.771995,0.839197,-0.071609,0.522380,0.685688,-0.209008
0.573847,-0.726011,0.282626,0.463093,-0.885674,1.589834,0.385438,-0.984480,1.825846
0.317594,0.170588,-1.176061,0.287086,-1.054730,-0.787380,0.299215,0.576665,-1.230100
-0.475852,0.772260,-0.085930,-1.485191,-0.880270,-0.233988,-2.196454,-1.361628,2.534889
-0.836582,-0.320468,-1.341384,0.230305,0.472175,2.120946,-0.572996,1.791803,8.168078
-0.808638,0.392329,1.280074,1.472822,0.218951,-0.199256,0.307670,-0.915081,1.345775
1.431906,0.283253,2.506397,1.391817,1.503343,1.390278,-1.255761,0.614157,1.154389
0.095845,0.044545,-0.140394,0.221441,0.402785,1.357416,-0.595922,-0.216858,4.201174
0.501279,0.723943,-0.981790,-0.986051,0.890830,1.160983,-0.035752,-1.949046,2.227069
0.707443,-0.042443,-1.351759,0.448582,-2.277716,0.884246,-0.354277,-0.445905,1.722288
0.038192,-1.630879,-0.157411,0.474229,0.833955,0.640869,2.441857,-1.785500,0.678843
0.583291,1.107931,0.661891,-1.494475,0.131818,0.335541,0.171210,0.528978,-3.519265
-0.100209,-0.148994,0.414914,-0.091481,0.089035,0.633007,0.400888,-0.045949,0.773649
-0.225891,-1.092328,0.593712,0.091075,-1.190198,0.214196,0.942364,0.574163,-0.818217
-2.087803,-0.872791,0.109816,-0.018942,-0.949843,-0.799128,-0.827071,-1.443394,5.131422
0.829341,-0.315541,-0.878979,-0.811103,0.237657,-1.469536,-2.053754,0.616688,0.459011
-0.536321,-0.985373,0.789478,0.448045,0.978385,0.815417,0.774742,1.406055,2.294174
0.561252,1.667306,-0.309958,-2.259596,-1.460320,-2.160341,2.198498,-0.613469,-11.679266
0.546933,-1.146482,-0.599196,-1.234274,-1.085532,1.834298,-1.689021,-0.193278,4.918365
-0.730082,-1.107604,-0.466741,-0.566780,-0.697654,-0.229879,0.728603,1.260096,0.460084
-0.715724,-1.873781,-0.993702,0.369412,1.219485,-0.371136,0.971802,-1.435052,4.180513
-0.167360,-2.062700,0.353263,1.782764,-0.590994,2.311244,-0.701613,-0.335792,8.496898
1.824149,0.214441,-1.357741,-0.098577,-0.623144,-1.763452,0.612111,0.688338,-6.165486
0.239401,0.570797,0.305700,0.143576,0.047443,2.150462,-1.199778,0.240524,4.676337
0.007058,-2.120905,0.129055,-0.611438,1.165821,-2.072939,-0.795412,0.024901,0.638611
0.638006,-1.545202,1.445801,1.030530,-1.411621,1.064992,0.821297,-0.955786,-0.227419
1.836737,-0.122103,1.265269,-1.858294,-1.471218,0.906172,-0.800666,-1.296382,-3.873683
-0.401813,0.558099,-0.098292,-1.559352,-0.834724,0.864701,0.568540,1.306071,-1.141970
0.218387,0.873942,-1.419040,1.710628,-0.026382,0.239841,0.770907,-0.727330,1.963606
-1.121646,-1.453676,0.801731,-1.031100,0.286413,0.235372,0.304263,-0.513125,2.383227
1.563003,1.615944,-1.196857,0.562656,0.081307,-1.537711,-0.810326,-0.168585,-3.037981
-0.127669,0.179854,-0.371300,1.078050,-0.926466,-1.340569,0.483608,1.288424,-1.888362
0.093654,-0.972153,0.570122,0.330270,1.300458,2.183280,1.442591,0.192807,2.848617
0.334549,0.466181,0.133053,0.483325,-0.600591,-1.431753,-1.086448,0.276445,-1.158214
-0.280205,-1.302823,-1.021597,0.414167,0.260060,-0.431268,0.302306,0.214160,2.749220
-0.192577,-1.070453,-0.248584,-1.451191,1.507752,-0.761916,0.605193,-0.273702,-0.312475
-1.129093,1.267498,0.300285,-0.824287,0.378756,-1.431817,-0.330915,-1.966681,-0.338910
0.650117,-1.604795,1.352396,1.030498,-0.092025,0.450857,-0.379348,1.725062,0.945684
-1.279064,0.575379,0.700977,1.476551,0.081187,0.566735,-0.064429,-0.120068,4.206598
0.716835,-1.129686,-0.291807,-0.910251,1.566260,-0.322548,0.197341,-0.312493,0.043390
-1.457430,0.236946,-0.653473,-0.671284,-1.167503,1.066900,1.110735,-0.185624,2.273522
2.158504,1.510306,0.589834,0.544553,-0.837256,0.434171,-0.442680,0.847128,-4.523998
2.126587,0.055360,0.227518,1.953188,-0.751928,0.040631,-0.224298,2.302878,-2.760459
-0.837499,0.443704,0.380641,0.616392,-0.352531,0.011396,-0.289515,-0.207763,2.198111
-2.529143,-1.807146,0.833493,0.712661,0.100880,0.569466,0.580177,-1.263417,7.054042
-0.426620,0.650444,1.231973,-1.414236,-0.573831,-1.313542,0.277106,1.549597,-5.335086
0.739264,0.980379,0.976625,0.854130,-0.557374,-2.215648,0.050306,-0.611986,-5.801035
0.671855,-0.534508,0.992896,0.428794,-1.562092,-3.166863,-0.729796,0.758129,-6.016878
0.664248,-0.470492,0.060724,0.394362,-0.650213,-0.443270,0.194521,-1.611301,-0.977233
0.351580,-1.149016,0.225561,0.056000,1.506172,-0.936473,-0.433885,-0.152655,1.018740
1.009765,0.501810,0.318373,-1.247304,-0.128033,-1.819019,-0.193328,-0.523823,-5.853448
0.148607,0.199571,-0.510253,-2.656030,-0.316008,-1.070210,0.098927,0.277434,-4.039895
0.219134,-0.701016,0.170881,0.274544,0.150275,0.648996,-0.689119,-0.788033,3.344007
-0.557840,1.708211,0.708631,1.390349,1.274889,0.200200,0.512346,1.120160,0.583596
-0.164713,-0.946705,0.475584,-0.005800,0.245425,0.076103,0.071914,0.470024,1.288543
0.464376,-0.481203,-1.522060,1.068581,0.941126,-0.521584,-0.028446,1.072301,2.290378
1.153635,1.166697,0.631253,-1.862200,-0.290338,-0.354347,-1.078501,2.737413,-4.950452
-0.863320,0.602835,-0.332804,0.831377,-1.420163,-0.892702,0.090088,-0.309333,0.291012
-0.782401,0.541524,0.536939,1.448012,0.179672,-1.076234,-0.641647,0.350058,1.714877
-0.368091,-1.642030,0.885878,-1.099792,-0.009544,0.077278,0.015423,3.459874,-0.197728
0.703628,1.325134,0.360699,-1.816131,-0.020952,-0.555117,1.799250,1.002328,-8.363888
-1.078603,0.836648,1.424281,-0.092323,-0.397842,-0.533546,-1.282018,-0.817181,1.464249
-0.903970,-0.780124,-0.289430,-0.831283,0.521071,0.565906,0.408860,-0.072441,3.129952
-0.780474,0.099135,0.064805,0.615300,-0.279076,0.571303,-0.213677,-2.603712,4.294307
-1.177313,-1.912460,-1.096651,1.086532,-0.029564,1.570030,0.145033,0.509447,8.784818
-2.698489,1.253552,-0.123331,-0.195212,-1.178609,0.245867,0.529701,-1.129101,3.548883
0.380393,0.552581,0.198637,-0.119601,-0.203276,0.461646,-1.327919,1.911346,1.247312
2.210539,-0.931742,0.222737,-0.697638,-0.668460,-1.527472,-1.211664,-0.584763,-4.329044
-1.151277,-0.533955,0.178774,2.082988,1.766778,1.575695,-0.378090,-1.363670,9.752712
2.236217,-0.506021,-1.835552,-0.094858,1.579217,-2.133861,1.906611,-0.925502,-6.394607
0.514261,0.053898,-1.094290,0.684654,-0.641499,-2.280734,-0.188806,-0.971749,-2.047781
-1.072005,-0.046154,0.613912,0.044568,0.293802,-0.717315,1.085331,0.328839,-0.836943
0.074135,1.055833,-1.605316,-0.307955,0.288281,-0.361285,-0.247794,-0.250615,1.060673
1.152240,1.762093,-0.611527,-1.187994,0.348653,-1.307873,-1.918633,1.000871,-2.564491
1.304772,-1.865873,1.502474,-0.932054,-1.702391,-0.163805,-0.275332,0.901732,-4.061716
-0.176438,-0.753285,0.444505,-1.710211,-0.829862,0.432585,2.062552,0.585496,-4.057181
-0.486747,-0.450470,2.069115,-0.463573,-1.191151,-0.486599,0.843138,1.809188,-4.332774
-1.728303,-0.964814,-0.777528,-1.202207,0.594569,1.299916,1.710532,-1.512484,4.526804
-0.778961,-0.758831,-0.626353,0.006629,0.784389,-0.173895,-0.147210,-0.828122,4.216351
0.140380,0.060497,-0.430857,-0.173203,1.765200,2.198787,-1.040335,1.331295,6.573113
-0.908824,-0.498485,-0.136773,-1.305983,-0.020786,0.173383,-0.687024,-1.204453,3.404418
-1.379857,-0.015683,0.397213,-0.371441,-0.061232,1.141171,1.669172,-0.098750,1.360601
0.442237,-1.244612,0.635004,0.778292,0.327605,0.416776,1.834841,-1.439061,-0.869681
-0.148548,-0.929236,0.046676,-1.352351,1.435281,-3.324566,1.106755,-1.133033,-5.303354
0.434711,-0.401100,-2.082335,-1.534445,2.360813,0.737613,0.208233,-0.417748,3.551210
-0.932300,1.635672,0.595978,0.082647,0.672204,-0.448059,-0.179699,0.529325,0.195329
0.319184,-0.104783,0.230586,0.288400,0.774222,1.273895,0.228562,-0.295017,2.333586
0.040522,-1.150036,1.409502,-0.875309,0.073043,-0.515552,-0.067858,1.241296,-1.904216
-1.410825,-2.396302,-0.724106,-0.257856,-1.989423,-1.229333,0.301475,0.334159,2.026981
-0.157741,1.196026,1.758636,-0.052210,0.746011,-1.179868,1.226232,-0.683016,-5.292270
-0.409374,-0.925089,-0.830867,0.255286,-0.712365,0.991780,-0.155449,-0.792129,4.849383
0.887275,-0.415412,-0.806429,1.952084,0.769187,0.490149,-0.061096,0.865290,3.115319
-0.408732,-1.209511,-1.048856,-0.148895,-0.313973,-0.436513,-1.052948,-0.994830,4.645980
-1.132851,1.044034,-0.227009,0.307301,1.334237,0.718361,1.749418,0.716496,1.184803
-0.404329,0.240851,-0.637347,-0.404859,0.945533,-0.130966,-0.501653,-0.772565,2.961286
-0.235680,0.243544,-0.316177,0.028869,-1.205125,-0.809269,-0.170667,0.512811,-0.900475
-0.249810,0.359864,0.751562,-0.691349,0.679843,1.161939,-1.314895,-0.075617,3.658208
-1.076415,0.466545,1.678137,0.545287,-0.012949,0.169560,0.217189,-0.834930,0.957376
0.439547,0.035877,-0.910764,1.015446,-0.813907,0.174279,-0.841114,-0.296417,2.871635
0.353011,-1.774151,0.520913,0.095614,0.598370,-0.751353,0.618189,-1.947035,-0.151443
-1.919964,0.417749,0.954243,-0.101960,-0.317862,-0.717571,0.545920,-0.560609,0.576780
1.453762,0.510002,-0.267444,-0.527076,0.240041,0.571752,-0.703439,2.472647,-1.393415
-1.009192,1.130684,-1.043822,-0.999268,0.165044,0.119448,-1.373246,-0.360736,4.368657
0.696910,1.408598,0.781352,0.567046,1.165394,-0.204056,1.189010,-0.332955,-3.768927
-0.106123,1.572062,0.622065,0.172491,-0.022420,-1.189847,0.191632,-1.251477,-2.941194
0.522339,-0.027472,0.434635,-0.436722,-1.967889,-1.346876,-1.647743,0.603908,-2.184546
0.153805,-3.027954,1.066220,-0.655956,0.424722,0.939442,1.568425,1.437464,-0.039820
0.290035,-0.160585,-0.709118,-0.129563,0.069684,-1.139336,0.127057,0.912301,-1.461079
-0.522507,0.005048,-0.313930,-2.543125,-0.899506,-0.631542,-0.721427,-0.111009,-0.852053
-0.188228,0.477486,-1.560298,-0.589499,-2.053328,-0.044681,-1.081428,1.273801,1.537908
-0.095997,-0.475922,-0.946077,-0.327029,0.899429,-0.524152,-0.742882,0.403669,2.847553
0.354414,-0.332589,0.543797,-0.197849,-0.251445,-1.059809,0.170972,-1.370632,-2.311933
-2.739204,-0.575688,-1.268035,0.168714,-0.385885,-1.595974,0.650661,0.066271,3.934349
-0.386381,1.379293,-0.056344,-1.157892,1.973662,0.385566,-0.919033,-0.331452,2.648965
0.340322,-1.562829,0.250218,-0.198949,-0.292962,0.780627,-1.121246,-0.571227,3.925294
0.862724,0.231375,-0.171430,-0.195293,-1.375096,-1.121385,0.204279,1.580633,-4.874752
-0.010689,-0.513310,-0.507722,1.189510,-1.686402,1.969802,0.146503,1.149692,3.957507
-0.073195,-1.200261,-0.218218,-0.980748,-0.811053,0.132794,1.590388,-1.080783,-1.581640
0.507822,-0.057477,2.229230,0.748665,-0.214901,-1.679010,0.822571,0.305787,-6.295779
-0.238379,0.282209,-0.559287,-0.421396,-0.357020,-1.216785,1.515302,0.148712,-3.730752
-1.794254,-0.359670,-0.649571,-0.465028,-0.319274,-1.137520,0.318937,-1.079327,2.283387
-0.166021,-1.797429,-0.958618,-0.435726,-1.029592,-0.620533,1.173070,1.726203,-1.045124
-0.330149,0.868242,-0.037077,-0.469847,-0.253612,-0.793935,0.103638,-0.516730,-1.425778
-0.194855,0.190395,1.366679,0.861811,-1.353484,-0.960388,-0.560686,0.517715,-1.651977
2.154057,0.709868,-1.260279,-0.498369,-0.326887,0.118156,1.290256,2.174230,-6.023951
1.461714,-0.135111,-0.997408,0.000193,0.979043,-2.189897,-2.616200,-1.163125,0.889305
-0.128805,1.251000,0.401060,0.538491,-0.278123,1.332819,1.269474,0.719868,-0.682692
0.138839,-0.116389,-0.353929,-0.921987,-0.451562,0.198886,1.005673,-0.637858,-1.601753
-1.096482,-1.681189,-0.642624,-0.980924,0.118623,0.416852,0.029394,-0.272168,4.758021
0.239563,-0.790007,0.635632,-0.363781,-2.170961,-0.751411,-0.842428,-1.157599,-1.142710
0.608652,1.097507,0.336616,-1.467131,0.792929,0.886532,-1.125076,0.291494,0.412739
0.890003,-0.992355,0.871207,-1.537303,0.649437,0.144606,0.026699,-0.182701,-1.934128
-0.875100,0.396286,0.875907,0.959975,-2.196362,1.273404,-0.391778,-0.363663,3.015653
1.516929,0.187230,-2.465755,1.050300,-0.513456,-0.912693,0.135694,0.088559,-0.882912
-1.778841,-0.129168,0.405402,1.616516,1.030098,0.712955,-0.030850,-0.364836,7.234221
-0.444746,-0.119131,-1.704277,-1.485827,-1.444130,-0.935439,-1.194028,0.232179,1.489276
0.162543,0.067954,-1.057949,-0.796731,-0.249138,0.783081,0.956657,-1.271130,0.445453
0.737279,1.150639,0.266627,-1.195939,-1.237880,-0.317300,-1.409055,-0.178356,-2.248653
0.830649,-0.591952,-1.302905,0.076582,-0.380761,1.768825,0.344740,-0.856174,3.251178
0.722124,-1.078636,0.173342,-0.131358,-0.430712,-0.291532,0.500070,-0.186208,-1.627289
-1.154085,-1.225918,1.510516,-0.891970,-0.962617,0.313447,-0.561461,2.747478,1.231172
-0.102259,-0.035583,2.001082,-0.740266,-0.371141,0.402543,0.997351,0.491239,-3.586093
0.746088,1.071394,-0.294281,-1.507882,0.418441,-0.259616,-0.479092,-0.393477,-2.056502
0.095710,-0.440406,-0.882959,-1.679704,-0.769151,-0.257553,-1.039771,-0.844354,1.244669
-0.394039,0.243947,0.494227,0.844886,-0.316074,-0.930829,-0.571499,0.774533,0.261805
0.670427,-0.405567,-0.091726,-0.781775,1.258351,1.372312,-0.475645,0.684870,2.530576
0.165506,-0.730090,1.578196,1.352994,1.377338,1.215517,1.498520,-1.265125,1.302019
-0.047126,-0.185022,-0.035598,-0.360091,-1.837084,1.347132,0.825265,-0.611746,0.207696
-0.338477,0.130285,0.524804,0.648624,-0.921441,0.261981,0.535837,-0.829185,0.232962
-0.317647,-1.731235,0.431448,0.013713,-2.391579,-0.304732,0.259004,-0.580157,-0.190511
-1.473209,0.032727,0.540252,-0.869604,0.480310,2.078641,-0.915675,0.268712,6.889464
-0.346136,0.040482,-0.765078,1.033355,-0.782234,-2.309070,1.097060,0.710483,-3.138459
-0.217145,1.158587,-1.731816,1.424220,1.166318,0.549673,0.330571,1.799479,3.820776
-0.027669,-0.717813,0.725735,-1.622509,1.226366,0.426260,0.080445,0.245533,0.291751
0.456887,-0.067279,0.158441,0.741838,-0.205546,-0.907093,-2.831712,1.013361,3.101070
0.281849,-1.253237,-0.388436,0.736660,0.205185,-0.511391,-1.024484,-0.462471,3.402368
-0.720423,0.682652,-0.772314,0.522413,0.566963,1.641225,-0.459537,-1.389939,6.872136
1.717312,-0.448574,-0.549524,-0.050797,-1.783720,0.292461,0.155171,-0.385276,-2.613551
-0.931035,0.697221,0.331966,0.893544,0.262060,-1.272522,-0.517569,0.112207,1.217279
-0.822513,0.166177,1.720505,-0.319024,-0.145405,-1.063406,-2.041109,-0.310381,1.467784
2.022613,0.713561,1.000310,-0.662241,0.446227,-0.270242,-0.079748,-0.592550,-5.438804
-2.889632,-0.897992,2.104885,-0.046880,1.073537,-0.497372,-2.505679,-0.765034,8.823769
0.654641,1.572949,-0.850155,-1.327413,-1.424668,-0.452273,0.303672,0.861869,-4.889993
-1.021151,0.363901,-0.053548,0.316187,-0.887286,1.071090,-0.571154,0.761311,4.260668
0.409288,0.764976,1.701992,-1.036033,-0.695240,-0.851509,1.475431,0.911779,-8.286000
-0.502075,-1.539865,-0.681246,-1.170012,0.352244,-0.293334,0.397787,0.229667,1.626229
-2.342863,2.424883,1.642491,0.886098,0.106834,-0.665655,2.294862,-0.138094,-2.885832
-0.177728,-0.580272,1.571373,0.236680,-0.502763,0.529031,0.955592,-2.113829,-0.549081
-0.395185,0.015941,0.032348,0.467924,0.267652,-0.802206,0.330884,0.351729,-0.086976
0.242886,-0.252464,0.568716,0.870652,0.857351,-2.071447,0.426626,0.230852,-2.885644
1.555141,0.837964,1.874467,1.426298,-0.303677,-0.301697,-0.714275,-0.925357,-3.147671
0.798468,0.162691,1.119888,-0.318793,0.146736,-1.553868,0.624690,-0.925132,-5.833983
-0.724368,-0.345859,-1.289584,-0.159048,0.177781,0.202760,1.655132,0.128023,1.194408
-1.962326,1.568673,-1.905579,-1.836000,0.022434,-0.155102,-0.483986,-1.223069,4.247993
0.017464,1.897057,-0.783167,-1.070219,0.516743,-0.535123,-1.603284,1.149982,0.512450
-1.533001,-1.569277,2.932254,-0.843678,-0.717179,1.181787,1.973048,-1.592818,-0.630994
1.307245,0.038709,0.966784,-0.513620,-0.230287,-0.246516,0.292907,2.398939,-5.252796
-1.190045,-0.554473,-0.621631,-0.792371,-1.995206,0.962359,0.156569,-0.310908,3.118267
-0.459983,-0.297305,0.042312,-0.249953,-0.700505,-0.781408,0.103797,-0.674228,-0.337825
1.418424,-0.398434,-0.746679,-0.352943,-2.243617,-1.252844,-0.504805,0.505004,-4.102566
0.020285,-1.389647,1.355545,0.491125,0.744354,0.283020,1.387101,0.184069,-0.662937
0.227962,0.949967,-0.068634,2.139503,0.191476,0.432339,-0.619910,-0.147752,3.283189
0.241021,1.471586,-0.508749,1.042220,1.424148,-0.698400,1.840728,1.480432,-3.233405
0.279402,0.056852,0.827152,-0.641353,-0.416727,-0.840820,1.699069,0.060007,-6.093288
-0.563903,-0.744533,-0.048894,1.253116,1.758624,0.848474,0.526467,0.101538,5.237536
0.730392,-0.357711,-1.094547,-2.264360,0.979311,-0.510434,0.088503,-3.323608,-0.787789
-0.985140,-1.880789,0.596147,0.274608,-0.328971,-1.117335,-0.743224,-0.536873,3.145998
2.370504,0.711791,0.091113,1.488393,1.320058,-1.204115,0.413713,-0.365920,-4.846402
0.883806,0.983176,0.522446,-0.217594,0.050987,-0.038619,-0.026543,-0.410535,-2.635549
-0.331980,0.493466,-0.286074,-1.232245,0.446833,0.964193,0.440326,-0.120652,1.056645
-1.543520,0.444505,0.819701,1.484194,-0.936859,-2.172399,-0.305753,-0.259104,0.027678
-0.977318,-0.426891,0.168875,-1.170618,0.231218,0.935494,-0.392104,-0.128051,3.786485
-0.457528,-0.003611,-1.531038,-1.533508,0.288089,1.057578,0.710949,0.308962,2.270757
0.910025,-0.043401,0.106133,1.232914,0.487403,-1.270623,0.267393,1.230604,-2.643200
1.685846,-1.318712,-0.070664,1.454634,-1.067859,-0.416762,2.517468,-0.123900,-5.518442
0.989287,0.681211,0.824084,1.457969,0.174032,0.284049,-1.310869,-0.436880,1.334487
-0.319841,0.381043,-0.611558,-0.303810,-0.495671,-0.009938,0.806082,-0.805854,-0.230647
0.127549,0.515867,-0.005319,-1.220014,0.807326,0.665372,0.904545,-0.272150,-1.118528
-0.396733,0.519094,0.033339,-0.112923,-0.116239,0.665162,0.153585,2.233765,0.747376
-0.234524,-0.662875,1.078821,1.166334,-1.949398,0.024167,1.424252,1.464036,-2.638623
1.589555,1.673641,0.445771,0.302072,0.324288,-0.158791,0.266719,-0.014425,-4.599230
-0.771570,-1.699773,-0.992459,1.471582,0.225763,1.863226,-0.903757,0.250795,10.559777
-0.256901,-0.517615,-0.123474,0.194238,0.092953,0.709943,1.148763,-1.789370,1.724611
-0.646528,-1.514560,-0.957050,0.184584,-1.544437,-1.247212,0.898757,1.399082,-0.611572
-0.097220,0.171435,-0.763391,0.900520,-1.377563,0.160912,-0.335488,-0.451424,2.278568
-1.638934,-0.739872,0.146112,0.480569,-1.175233,0.097340,-0.855420,0.947334,5.004711
1.410246,1.185490,-1.831335,-1.621450,0.410843,0.761049,-0.622182,-0.706514,-0.071446
1.034650,0.604130,-0.743983,0.586763,-0.269800,0.776908,0.062888,-0.764250,0.559799
-0.895885,-2.537043,1.165050,-0.542174,-1.249825,0.268624,0.660986,-0.113466,1.224780
-0.585394,-0.776854,-0.504404,0.151314,0.262258,0.469633,0.368839,-0.337469,3.480706
0.540719,0.215320,1.006020,1.220561,1.428102,-0.808294,1.213446,-0.264738,-2.840624
0.876279,1.227139,0.836999,-1.149744,1.186288,-0.344974,-2.927162,0.128968,0.933720
-0.425456,-0.146297,-2.303444,0.444866,0.592652,-0.694741,1.718804,1.168037,0.627486
-0.321081,-0.713484,0.275591,0.866923,0.035623,0.535183,2.943489,-0.644489,-1.344864
-0.879898,0.369761,0.879507,1.151867,0.436108,0.122019,0.767677,0.542506,1.162140
0.268603,-0.692140,1.669474,0.899927,0.710881,-1.000225,-0.802609,0.540544,-0.245627
-0.942504,-1.578374,0.333030,1.113286,-0.647700,-0.104307,0.890247,-1.273307,2.777579
1.411538,-1.096116,-0.196783,1.708471,1.157504,-0.824555,0.893609,-0.309157,-1.156127
0.960547,-1.943087,0.343048,-1.810416,1.440591,-0.979206,-0.662300,0.352338,-1.148898
0.208527,0.783911,0.806135,0.437119,-0.847368,0.903048,1.093312,-0.710734,-1.684897
-1.063201,0.741798,-0.425805,0.779554,0.477970,0.088059,-1.343373,-1.051401,6.249228
-0.894238,-0.460720,0.353479,-0.525513,0.447844,-0.589127,-2.691685,0.815123,5.399279
0.725283,-0.600978,-2.893267,-0.097049,0.980926,0.749287,-0.334779,2.478322,4.478082
-0.773493,-1.074033,0.029322,2.133134,1.716440,-0.667656,-0.274900,0.828356,5.311547
1.484061,1.214315,0.444404,0.321295,1.684905,0.382649,2.518841,-0.080589,-5.896877
-1.487687,-0.324282,1.709569,1.645931,0.981222,-2.020516,0.317512,0.394227,0.173624
0.928767,1.941814,1.273405,-0.112356,0.572340,-1.718644,2.005933,-0.390486,-9.849695
-1.983745,0.889018,0.228108,-0.741305,0.808527,-1.203625,-0.136721,-0.284550,1.499331
0.025062,0.746618,1.237499,0.091068,-0.207337,-1.755170,-0.323820,1.312825,-4.286024
0.186055,1.068603,-1.255440,0.382201,-0.716813,0.518699,0.424735,1.040163,0.358602
1.417813,-0.188351,-0.245056,0.128523,-1.546998,0.731113,-1.681060,0.328408,1.147327
0.859725,-0.420695,-0.868233,-1.180563,0.217221,0.064043,1.137937,1.607993,-2.969500
0.471042,-0.319011,0.817885,-1.258991,-2.056461,0.168936,0.158472,-0.827109,-3.214289
-0.182033,-0.479910,1.479211,-0.831783,-1.382043,-0.255427,2.710892,1.645920,-7.431778
-0.361923,0.446986,1.322205,-0.343270,0.465887,0.099524,-0.614239,-0.246907,0.565287
0.625456,1.483212,1.081365,-1.377122,-0.887219,1.323863,0.911192,-0.195514,-4.402478
-0.912084,0.167550,0.711844,0.696624,1.248065,0.141307,-1.072060,-0.203344,4.918432
-1.355123,-0.190365,0.950660,0.008507,-1.516886,0.253151,1.487087,-1.162479,-0.502670
-0.700623,0.154317,1.043696,-2.671265,-0.122204,-0.430431,0.083392,2.604798,-3.603771
0.618081,0.181937,-1.376951,-1.097960,0.861262,0.816894,1.066913,1.644295,-0.697229
0.309654,-0.581503,0.031481,1.165210,0.844079,2.680035,-0.830939,0.444812,7.721083
-0.620005,-1.271059,0.177392,0.395428,0.937308,-1.147172,0.582588,-0.895286,1.226750
-0.752043,1.104191,-1.342804,-0.877380,0.119383,0.012492,-0.529834,0.661060,2.550775
0.318349,1.498840,1.415030,2.020561,1.042952,-0.576421,-1.110205,-1.255148,0.963204
3.303693,-1.730662,2.508907,0.811504,-1.005595,-0.301231,-1.447941,-0.784116,-4.809108
1.093012,2.272100,-0.804748,0.546704,0.598930,-1.251239,0.687923,-0.030024,-4.881978
-1.783949,0.103894,2.130020,0.286370,-1.105075,0.111986,-0.354189,-0.737881,1.927213
-0.204866,1.503328,-0.469307,0.024271,0.099020,1.148727,-0.785860,1.808053,2.824204
-0.533784,-0.505613,-0.726194,1.463545,0.124923,0.186391,0.968874,-0.279634,3.092413
0.318046,-1.442206,0.244135,1.860892,-0.940484,0.157897,1.493135,0.626820,-0.334837
-0.293675,-0.540495,1.178839,0.716094,-2.238211,-0.515152,-0.808245,-1.436375,0.403007
1.162375,0.565109,0.797361,-0.449431,-0.166228,0.080445,0.399822,-0.177976,-4.075696
-1.317461,0.210695,0.854398,-0.900098,-0.274566,0.453190,1.044787,0.543030,-0.305002
-0.024294,1.067634,0.094435,0.145342,-1.041868,-1.012810,1.330173,0.917414,-5.097236
0.458440,1.212990,-0.473211,0.012643,-1.060220,0.959981,-0.334516,-1.414589,0.867688
-1.073690,0.720021,-0.689533,-0.101319,0.591365,0.999566,-0.406015,0.041283,5.192498
-1.025326,0.982279,1.070715,-0.108887,-0.213537,1.491500,-0.391517,1.205302,2.778734
-1.239171,0.195034,-1.149977,1.533292,2.187274,-0.930742,-0.853238,-1.969604,7.557154
-0.814421,0.328457,0.290632,0.111717,-0.885970,0.936406,2.296357,-0.825001,-1.177787
-0.412983,-0.480074,0.216655,0.215811,0.274459,0.261167,0.944676,-1.444752,1.184135
0.083861,1.285611,-0.055065,-2.171528,0.614721,-1.563070,0.198081,1.045169,-5.422415
-0.930149,-0.376834,-0.537679,1.378560,-0.929671,0.400514,-1.204649,-0.589174,6.801026
-0.962934,1.560112,0.976748,-0.695738,0.608290,-0.095540,-0.244108,0.162552,-0.133649
-0.777395,0.516223,-0.354862,-1.069958,1.593694,0.384043,1.274540,-0.201445,0.541472
-1.714908,-0.450197,0.173747,-0.958417,-1.086970,1.003232,1.172442,0.115733,1.987834
-0.456757,-1.261758,-0.121592,-0.616668,-0.348173,0.480713,0.547497,0.876070,1.453518
0.812590,1.953266,-0.154366,-1.678678,-1.462823,-0.929341,-0.881152,-0.818125,-4.960445
-1.774098,1.403637,-0.915620,0.549701,-0.268927,0.854313,-0.158342,2.145404,5.013969
-0.766156,-0.272209,0.721867,1.910534,0.943324,-0.765077,-0.649182,1.199547,3.401627
0.013960,-0.745089,-0.542769,-1.898786,-0.176640,1.080608,0.304593,2.040368,0.464427
-0.546139,-1.481664,-0.242548,-0.705626,-1.072489,0.189997,0.248484,-0.492494,1.859070
-0.897759,-0.700346,2.739409,-1.181787,-0.601383,-1.077940,0.156435,-1.205582,-3.230239
-0.616658,0.002418,0.467714,2.116942,0.106180,-0.474302,-0.226866,-0.178405,2.950195
-0.295070,0.039657,-0.994447,1.897646,-0.649890,-0.076183,-1.196719,-1.279155,5.737663
0.821972,-1.700344,-1.014326,0.527219,0.531616,0.778200,0.215051,-0.777267,3.649215
0.511154,-0.244858,-0.991461,-0.830103,0.244393,-0.495236,-0.074770,-0.934780,-0.053094
0.373215,-0.112781,-1.106846,1.259188,-1.552207,-1.322450,-0.241651,0.484028,-0.495465
-1.326990,-1.378061,1.240492,-0.286772,-1.640265,0.768779,1.212740,-0.640183,0.953755
-0.266352,-0.538603,0.646941,-0.052417,0.888838,-0.320467,0.272362,0.212380,0.453347
-1.433157,1.507322,-0.183914,0.609752,0.278284,-0.515258,-0.257982,-0.474541,2.688120
-0.512659,-0.613486,0.167751,-1.216399,0.809157,0.721554,0.085248,-1.253707,2.722063
-1.536534,-0.042825,0.316406,-0.953447,0.819766,-1.698825,1.733516,0.360920,-2.726676
-0.104074,-0.520640,-2.068480,-0.736299,-0.341296,0.051872,-2.529538,1.034689,6.588144
1.246365,0.787354,-2.091246,0.167288,0.718920,0.307952,0.847450,-0.034379,-0.434089
-0.291294,0.240695,1.761032,1.231078,-2.090167,0.951392,1.571742,-0.626599,-2.302546
-0.489303,0.400438,0.016330,-1.617764,0.041233,-1.685929,0.168703,0.508007,-3.404437
-0.052546,0.055097,0.538522,0.672480,0.757409,0.695775,-0.037166,0.519840,2.148598
0.145881,0.750873,-0.367158,0.073762,-0.528702,-1.392762,-0.992214,0.483947,-0.982492
-0.060114,0.341679,-0.435368,-1.359599,0.185765,0.004941,-0.870172,0.274615,1.041313
-0.168268,0.946772,2.236920,0.822052,0.336830,0.641430,-1.492446,-0.841624,2.311734
-0.559749,0.781636,0.144242,1.542480,-0.874687,1.193335,0.360289,-2.338317,3.637148
0.557888,-1.733482,0.651950,-2.135261,1.094661,0.113099,0.310374,0.510394,-1.392812
-0.796054,0.254697,-0.235944,0.629417,-1.471608,0.669547,-0.388669,0.827065,3.054290
0.075821,-0.456628,1.244670,-0.711562,-0.318928,-0.820300,-0.031040,0.472066,-2.819452
-1.319271,1.478156,-1.735871,0.898060,0.292087,-1.198493,-0.320791,0.507823,3.189359
-0.618371,-1.265032,-1.081295,1.716255,0.534989,0.227884,-1.465472,-1.047898,9.110002
-0.776483,-1.265983,1.112199,-0.151947,0.751604,-1.638562,-0.073489,1.089853,-0.479827
-0.764021,-0.785451,0.048499,-0.395479,0.205604,0.486035,0.266555,0.159801,2.578217
-0.502006,1.491697,0.402684,1.261014,-0.139055,0.580945,-1.542043,2.118496,3.649754
0.387494,-0.058885,1.222530,-1.574896,-1.530990,0.147330,0.688897,-2.217574,-4.303372
-0.539783,-1.184011,-0.728195,-0.010703,0.936360,-1.329782,-0.943070,0.384750,3.444166
0.497926,0.371528,1.996875,-1.351286,-0.007439,-0.758093,-0.592484,-0.224121,-4.259499
0.265252,0.288691,0.395536,0.674816,1.348349,-0.308216,-0.713465,0.711844,1.386520
2.112980,-0.569293,-0.003436,-0.054826,-0.639311,-0.162343,0.825809,-0.124622,-5.126199
0.762616,1.173166,0.137147,-1.183911,-0.138729,-0.784828,-0.432173,-0.026933,-3.815223
0.996743,1.715028,-0.735020,-0.638626,-0.926121,-0.043598,-1.554101,-1.320208,-0.384476
1.405315,-1.398250,0.027808,0.827869,-0.571993,-0.454191,-0.512971,1.277139,-0.791690
-0.295822,0.665938,0.895633,2.069204,-1.756336,0.287627,0.504980,0.795920,-0.357351
0.855902,0.698532,-0.609454,1.574937,0.914332,0.971709,1.085867,-2.055727,1.435380
0.478502,0.666578,2.046316,0.983986,1.643139,-0.476814,0.113238,0.562197,-2.270171
1.532985,-0.306611,-0.966988,-1.026299,0.437309,-0.107714,-0.568568,-1.571892,-0.357836
-0.251943,-1.455435,0.283303,-0.084328,-0.646901,0.630976,-0.069506,1.199914,2.186991
-1.006584,0.554813,0.387829,1.141150,0.908001,0.018554,-0.286762,-0.175085,3.881480
0.925494,-1.257287,1.019494,1.542170,1.686110,0.978775,1.558227,1.049852,0.095069
-0.945205,-0.420875,1.413048,1.171985,-1.053894,-1.960725,-0.481510,-1.193017,-0.392857
0.839920,-0.045250,1.695925,0.089978,0.686300,0.565836,-0.325707,-0.120211,-0.857074
0.795442,1.272065,1.416918,1.779213,0.010732,1.007289,2.061421,1.012392,-4.148237
-0.738921,-0.873812,0.597035,-1.055815,0.411307,-2.501350,-0.527194,-0.619673,-1.423365
-1.210401,0.078880,-0.496599,-0.483401,0.207946,-0.180462,0.604193,-1.217338,2.074116
-0.514927,0.218544,0.566344,0.289032,-0.124535,0.341604,-0.294346,1.343686,1.412935
-0.354879,1.233515,1.057118,2.062317,-0.851798,-1.809067,-0.828512,0.289009,-1.275277
0.707431,-0.826182,0.465744,-0.908670,-2.119992,-1.740621,-0.265126,1.508742,-5.655827
0.337628,-0.154717,-0.459499,-0.326171,-0.104967,0.741536,-0.739829,1.513477,2.104457
0.032151,0.056857,2.345028,0.079339,-0.015677,-1.244796,0.349698,0.941367,-4.908348
-0.062887,-0.601397,-0.655183,0.320960,0.676115,-0.719352,-0.134697,-0.585054,1.888750
-0.561385,-0.194773,-1.586300,0.899140,0.827506,1.525967,0.038973,-0.356997,7.373253
0.373720,-1.693618,0.768602,0.091959,-2.326914,0.391542,-0.486875,-1.971336,0.961351
0.870434,-0.796905,1.169849,-0.931726,0.500169,-0.453605,0.403729,-0.940129,-3.288101
-1.186824,-1.370663,-1.554707,2.152227,-0.502778,0.000457,-1.709305,0.487529,10.169794
0.017264,1.267397,0.468180,-0.104242,0.639728,-0.108970,-0.912078,-1.516552,1.040085
0.681638,-0.354344,-0.288569,-1.152723,-0.300329,0.911549,-0.169046,0.631910,0.185669
-0.049104,-0.358294,-1.553071,0.227303,0.212776,-2.369451,2.450984,0.306266,-4.853014
0.109684,-0.612504,-0.850238,-0.662046,-0.697502,-0.097629,-0.055282,1.000422,0.311476
1.176549,0.859919,-0.176448,1.706178,-0.812208,-0.774028,-0.965256,0.350293,-1.002509
0.289509,2.032773,1.696099,-1.710734,0.954541,-0.775691,-0.977646,-0.444769,-4.035493
0.654207,1.350298,1.854477,-0.108771,0.581765,0.807918,-1.679338,1.819231,-0.211070
0.582796,0.963849,1.774699,-0.396670,-0.201317,-0.301761,0.604652,-0.996259,-5.105457
0.461518,-0.376414,-0.625277,1.205556,-0.668728,-1.237741,1.082316,0.061490,-2.377633
0.517471,0.137610,-0.162868,-0.128980,1.128168,0.095903,-1.026099,-2.876203,2.958892
0.990524,0.413421,-0.845328,-0.781274,-1.173011,-0.485323,-0.707442,-0.482657,-1.786564
-0.693543,-0.828875,1.112037,-0.920280,-0.439982,1.061913,0.543326,0.585379,0.708865
0.279677,-0.400718,-0.802515,0.195104,-2.317218,0.620862,-0.558290,0.839958,1.377011
-0.891033,0.766770,0.608921,0.204006,-1.218299,-0.083231,0.867627,0.158738,-1.424472
-1.154672,-1.395932,0.632204,-0.625579,0.906145,1.670615,0.596470,-0.050395,5.042878
0.851629,-0.659200,0.500093,-0.285116,-0.212199,0.336238,-0.530804,-0.745195,0.188476
-1.701256,-0.215825,2.048249,0.007011,-0.581765,-0.287885,-0.146430,-0.250195,1.106737
0.162980,-0.711353,-0.186734,-0.937131,-0.636911,0.825492,-1.428256,0.726801,3.214701
0.731148,-0.072601,1.500157,2.047891,0.529479,-2.157438,0.661611,0.202371,-4.690607
-1.442685,0.062357,-1.014290,-1.688823,-1.104402,-1.183039,-0.819739,2.611145,0.684889
-0.520173,0.649814,-1.595543,-0.608160,0.385423,1.002464,-1.865068,-0.495923,7.287041
-0.063266,-1.071066,-0.499756,-1.585082,0.201736,0.498074,0.061350,-1.018746,1.845492
-0.166391,-0.208330,1.262984,1.085551,-1.882558,0.918931,0.519209,0.505528,-0.177895
-0.414323,0.520983,-0.103021,-0.245670,-0.167648,-1.471952,0.148963,1.227480,-2.317248
1.667259,-0.795770,-0.595360,0.601184,0.536748,0.132861,0.087610,-0.490711,-0.011737
-0.735425,-1.049338,0.444820,-0.420708,0.965097,1.030167,2.128515,0.577254,0.672044
-0.342433,0.606664,-0.969866,-1.102919,-0.226901,0.090535,-1.144260,0.007880,2.514947
0.802929,-0.353928,-0.814148,-1.109774,-0.777753,-0.207566,0.399536,0.325962,-2.467363
0.017161,0.109345,1.278826,-2.311132,-0.376753,1.570598,0.119821,0.590952,-1.309237
-1.885463,1.541803,0.569975,-1.154665,0.902801,2.180181,-0.761706,1.446380,5.927243
-2.231047,0.392249,-0.902274,-1.091954,-0.569093,0.133551,0.173865,-1.227119,4.276889
-0.212465,-0.501437,0.723039,-0.576276,-1.132883,0.631368,1.165207,-0.514693,-1.436637
-0.898314,1.299309,-0.391399,0.942777,0.882218,-0.125568,-0.283428,0.308576,3.260175
0.367517,1.849411,0.629633,0.821527,0.250835,0.910553,0.600139,-0.397646,-0.933681
0.131467,-1.420709,-0.342532,0.432417,-1.136101,0.463409,-0.067812,-1.621973,2.984467
1.143385,-0.911120,0.226359,-0.562472,1.720793,-0.601583,-0.288067,-0.527138,-0.559968
0.261156,0.861881,-1.233001,0.090569,0.089591,0.508533,0.083795,0.408157,1.349702
-1.484844,0.093475,1.434800,2.444206,-1.374998,-0.247780,0.122113,-1.221491,2.847199
1.003695,1.972392,1.617309,0.740266,-1.126554,0.142899,1.870423,0.113462,-7.952480
0.347143,0.584650,0.242578,-0.804081,0.288515,-0.681751,1.303111,1.446912,-5.163569
-1.799616,0.197181,-0.461445,-0.034444,-0.438004,-0.187992,-1.016051,0.518864,5.163360
1.945932,-1.629871,0.035193,-0.913387,0.343875,0.950018,1.552155,-0.311719,-3.319269
-0.254263,0.637607,-1.057151,0.808857,-1.863383,-0.958184,-0.730174,-0.768846,1.073912
-0.161848,-1.010267,-0.831406,0.383110,-1.480652,0.939083,0.798645,-1.077679,2.481801
-1.088202,-0.575643,0.232843,2.301450,-0.152823,-0.578137,-0.353305,-1.195637,4.953363
0.653690,0.504366,-0.344614,-0.223744,0.773597,1.600862,-0.658590,-0.490784,3.410959
1.209839,-0.868082,-0.213444,-1.304993,-1.187216,0.487045,1.332969,-1.302471,-3.794160
-0.569696,-0.230349,-0.896652,-2.393059,-0.300775,-0.097857,-1.920466,0.527806,3.227530
-1.234469,0.478852,-0.162165,-1.361189,1.543885,-1.163830,0.978434,-1.572349,-0.514790
1.187794,-1.397637,-1.674356,-0.394750,0.123199,0.888259,0.080524,-0.737480,2.596378
2.225296,-0.490279,0.659406,-1.638780,0.188755,-0.652682,-2.034295,0.046793,-3.102445
-0.143924,-0.411809,-0.060908,-0.213154,-1.409917,0.294559,1.144845,0.024254,-1.463236
0.311707,0.271610,0.077847,2.922597,-1.242376,0.064974,-0.349960,2.200410,1.421437
-0.965805,1.762088,0.252634,-1.110228,-1.671585,0.724375,-1.084694,1.073208,0.811060
-1.235206,0.442118,-0.388220,0.411302,1.465206,-1.738786,-0.607887,-0.360541,2.755768
-0.419720,0.413013,-0.761904,-1.666479,-0.048101,0.031915,-1.117480,-0.010729,2.030944
-0.321307,-0.575311,-0.093068,-0.178026,-0.017892,-0.509490,0.073816,1.323277,0.399286
0.165304,-1.916619,-0.398649,0.853120,-0.081948,-0.527589,-0.691923,1.160140,3.167376
0.336731,0.091579,-1.835561,-0.363543,0.579650,-1.879930,-0.060504,-0.289224,-0.873436
1.816015,-0.483097,1.508171,0.102397,0.366013,-0.854696,1.287865,0.269900,-7.382051
-0.735417,0.698342,0.348908,-0.206306,-0.438044,-1.110593,-1.050682,-0.759176,0.675857
0.719818,-1.146777,-1.059161,-0.877698,-0.895878,2.707420,-0.421357,0.577034,4.649953
-1.670776,1.854381,-0.715751,0.230759,-1.160524,-1.611366,0.316725,-0.668583,-0.620400
0.050955,-1.169417,1.681427,0.665936,0.491945,-1.178554,0.939499,0.517375,-2.926360
-0.739883,-0.037493,-1.100838,0.095977,0.770472,-0.989939,-1.502219,0.803569,4.525980
0.067138,0.717287,-0.429619,-0.965352,-0.129601,-0.011583,0.377078,-0.288886,-1.344839
0.459341,0.102559,1.113157,-0.005763,1.346175,-0.448745,0.347414,1.188494,-2.296335
-2.039908,-0.662358,0.422715,2.540478,-0.397254,1.446557,0.347032,-0.516143,8.532930
0.127892,-0.016051,0.651223,0.815060,-2.056504,1.093488,-0.464179,-0.026599,1.366086
-1.119065,-1.174415,0.354945,-1.177340,-0.637759,0.627194,-2.197575,-1.164520,6.732034
1.123195,0.325581,-0.106837,1.676653,1.722965,-0.983584,-1.073654,-1.096786,1.657086
0.013948,-1.697127,-0.060341,-0.243260,1.357546,-0.760316,0.224291,-1.082767,1.744736
1.195249,1.012889,0.833058,-1.489548,-2.054315,-0.495076,0.764197,0.875477,-8.820895
0.602865,2.598402,0.349391,0.874623,-2.380247,1.755885,-0.164652,0.090759,-1.265146
0.743611,-1.560841,0.026277,-0.266086,-0.231769,0.642915,-1.215901,-0.029624,3.185143
0.463212,-1.032545,-0.323889,-0.041536,-2.555023,0.125798,0.719316,-1.397536,-1.386782
-1.786802,0.586691,1.318955,0.887823,-1.102982,-0.856037,1.868627,1.600372,-2.872851
1.751205,1.847147,-1.885905,0.203720,0.481435,0.524842,0.582211,0.141691,-1.981330
-0.109616,1.455203,0.968655,1.772137,1.083147,-0.846310,-0.151666,-0.925969,0.032081
0.028803,0.018520,-0.369898,1.435003,0.532959,-0.709346,-1.774222,-0.178689,4.568280
0.518414,0.811931,0.368102,-1.879368,-0.217712,-0.274377,-1.375645,0.149938,-1.643645
0.824967,1.026123,1.313351,-1.077017,-0.305476,-1.390962,-0.850961,-1.630896,-4.875408
1.991813,-0.214028,-0.604295,-0.304736,0.177554,0.362179,-0.841878,0.021116,-0.549687
0.650733,-0.197953,2.092058,-0.422955,-0.550152,-0.417580,0.232253,0.154035,-4.706926
0.347591,0.918458,-1.386686,0.635354,0.246819,1.107872,0.597030,0.814286,1.868251
-0.573356,0.524887,-0.230081,1.311073,0.294339,0.135066,-0.722011,0.810080,3.997308
0.857322,0.979143,0.830528,2.381444,-0.122610,-0.070850,-1.329722,0.298576,1.308777
0.084154,0.037375,0.900082,0.770539,-2.480183,1.097642,0.180904,-0.324175,-0.146608
0.004394,-0.265370,-0.563751,0.177430,0.965144,0.789864,-0.212447,0.197812,3.686891
-0.121574,-0.657097,-0.968014,0.088453,0.206671,0.389122,-0.780258,1.520711,4.065615
-0.072599,-1.771583,0.484986,-0.003676,0.902883,1.575642,1.105255,-0.251337,3.150159
0.030437,0.010700,0.332377,1.850011,-0.252977,0.050089,-0.831459,0.490646,2.887431
0.225937,0.510340,-0.105376,-0.141170,-0.381031,0.581487,-1.429554,-0.878667,2.982603
1.263783,1.492102,-0.628849,-0.738871,-0.426635,0.794651,-1.601838,-0.622470,0.602316
-0.506820,-0.458408,0.588399,1.306038,-0.268733,0.355020,0.997824,-0.524720,1.448517
0.532550,0.664475,-1.451149,2.626385,0.400876,1.620343,1.813347,0.439603,2.688931
-0.471939,-0.121331,0.460086,0.109098,-0.431102,-0.219563,1.191935,-0.345618,-1.333928
-0.205068,0.425551,-1.172223,-1.389760,0.949551,-0.302482,1.332147,-1.007124,-1.153744
-1.047712,0.139255,2.033367,-1.938316,-0.238078,-0.463393,-3.655678,0.850755,3.266779
-0.644417,-0.133068,1.095715,1.644886,0.246089,-1.355053,0.553099,2.712292,-1.488377
0.198635,0.163351,-0.499896,1.869901,0.730871,0.784493,0.978873,0.275155,2.392496
-1.693908,1.562655,-0.696249,0.627550,-0.237638,-1.260827,-1.015711,0.460414,3.146728
-0.332800,0.642785,-1.156068,-0.299403,-0.307720,2.385334,0.568338,0.142400,4.170339
2.559977,-0.676734,0.428167,0.605931,1.462630,0.368610,0.022559,0.826286,-2.209984
-2.360494,0.123689,0.102019,0.137461,0.044712,-0.031356,0.182247,0.676820,4.427109
0.071577,-0.750802,-0.090046,-0.409931,1.528955,-0.607223,0.422185,0.075329,0.219480
-1.295614,-0.131989,0.668756,-3.742202,0.364266,0.347790,0.064697,-0.206503,-0.287790
-0.544466,-1.250788,1.109959,-1.287302,-1.333004,0.750939,0.894647,1.506162,-1.474783
-1.072335,-0.606946,0.235326,-1.593549,-0.086974,-1.384172,-0.953572,0.807154,0.459533
-0.840157,2.449740,-0.169708,1.878962,-0.705919,-1.092865,-0.337060,-0.037726,0.307447
2.141864,0.705800,1.078830,-2.453358,-1.511737,-0.143380,0.003029,0.502790,-9.039450
1.084577,0.397037,-0.120529,1.702962,1.174956,-0.613328,1.339460,-0.902886,-2.195141
-0.067686,1.177588,0.148737,-2.561954,-0.973314,2.502029,0.289545,0.719558,-0.422968
-0.127129,-0.576852,0.670965,0.070148,1.029615,0.865440,0.164930,1.281705,2.030617
-0.003177,1.320818,-0.567890,-1.912175,-0.515529,0.234948,0.327839,0.114940,-2.311357
1.573452,-0.330105,-1.792676,-0.337159,-1.198066,0.997707,0.647344,1.277167,-1.253751
-1.342482,-0.112779,0.280856,-2.610422,1.244289,1.696688,0.779854,0.951637,2.366058
-0.001908,-0.067200,0.883665,0.471836,0.541630,1.215258,-0.742164,0.304663,3.550491
0.675756,-0.214718,0.187283,-0.005007,-0.163238,0.566392,1.423144,0.963267,-2.563871
-0.388254,-0.621874,1.098014,-0.915219,-2.175381,-1.215897,-1.268060,0.909738,-1.867646
1.470713,0.166101,0.384261,-0.308826,1.095772,0.221237,0.157218,0.298715,-2.344883
0.097275,1.104285,0.655445,-1.096335,-0.155129,1.575556,0.296705,-0.017041,-0.537552
0.518762,-0.053615,-0.214210,-2.267333,-0.834084,0.410463,1.030809,1.032020,-4.263838
1.227806,-0.826003,0.833707,-1.506986,0.716280,0.294302,1.813028,1.715188,-6.013403
0.021298,-0.864664,-0.408860,-2.624771,-0.213603,0.587949,0.663414,0.847836,-1.226816
-0.152476,-0.575439,1.776878,1.377581,0.219547,-0.058318,0.101653,-1.649654,1.112332
-0.476135,-0.481680,-0.132120,-1.156017,0.434183,0.589004,-0.977303,-0.375158,3.860117
0.056955,1.155490,2.073254,0.071716,-1.662250,0.777598,0.789588,0.957404,-4.391194
1.189338,-0.098374,0.895149,-1.277008,-0.706899,0.604311,-0.319743,-0.959191,-2.521057
0.432093,2.489677,-0.258011,-0.780794,-0.746258,1.955613,-0.027160,-1.840284,0.238522
-0.171381,1.387279,-1.855707,0.314209,-0.687280,-1.119824,-0.607970,-0.726616,1.107922
0.617359,0.926143,0.754997,-1.149282,-0.004322,-0.177815,0.532009,0.184351,-4.490768
0.324112,-0.793809,-0.366921,0.975873,-0.067829,-0.972794,0.278562,0.395615,-0.096673
0.918121,-0.696406,0.312736,-0.069204,-0.936053,-0.813997,1.023694,1.244929,-4.873646
-0.431342,-0.678978,-0.380855,1.807321,0.047528,-0.459188,-0.288056,-1.129486,4.282578
1.191246,-1.094758,-0.217378,1.486219,0.023548,0.073946,0.710783,-0.779312,0.048533
-1.997541,-0.005557,0.555781,-1.505300,-0.793157,-0.142206,0.393550,-1.176642,1.303244
-0.044352,0.128111,-0.143175,1.051780,-1.511780,0.632755,-0.027994,1.088559,1.397407
-0.546715,1.355841,-0.325814,1.770398,0.774991,1.837855,0.745219,0.686393,4.366007
1.531147,-0.090249,-0.015980,1.104881,-0.390206,1.306264,0.955090,0.685340,-1.261582
0.670879,-0.052993,1.431457,0.592739,0.859560,0.667042,0.657940,-1.231906,-0.728253
-0.166627,0.680059,0.428381,0.635516,-0.259232,0.991055,-0.553108,0.353222,2.580098
-0.612166,-1.542156,-0.947817,-0.598950,-0.596797,-0.846119,0.090203,-0.462214,1.803741
-0.723791,1.517535,-0.745647,1.410484,-0.559406,-1.238453,-1.117539,1.129480,1.901219
1.176951,0.838519,0.802213,-1.174047,0.387574,-0.804199,-0.090791,0.103429,-5.276936
0.466494,-0.657148,0.271960,-1.537164,-0.294322,2.239496,0.320649,-1.402362,1.694154
0.632906,-1.038351,0.544000,0.011839,-1.656470,0.337810,-0.244657,-1.096436,-0.173415
-0.158802,1.508244,0.263137,1.059484,0.888526,0.573013,-0.087261,1.180438,1.468889
0.965800,-0.917102,0.758618,-0.058054,-0.506094,0.030532,0.292147,0.861506,-2.400427
1.077496,-1.743485,0.969570,0.095570,-0.069739,0.375861,-1.201077,-0.731866,1.779318
-0.621758,0.693420,0.790965,-0.873312,1.445430,0.134164,-0.405290,-0.727765,1.550332
-0.513754,1.838590,-1.807912,0.976631,1.588543,-0.215407,0.176603,1.357089,2.871113
0.106639,-1.261847,0.443467,-0.635938,-0.100621,-0.173562,0.475583,-1.437616,-0.315327
0.840610,-0.276169,-0.698722,1.299897,-1.796160,-1.096354,1.248668,0.397433,-3.983634
-0.711849,1.468117,1.122441,-1.800290,0.441574,-0.887891,2.291513,0.063538,-7.233638
0.931677,2.469154,-0.324148,-1.013620,-1.372832,0.456051,-0.364012,0.904022,-4.033507
-0.472552,-1.308387,0.872894,-0.981337,-0.471702,1.908769,-0.705478,-0.015025,4.679741
0.141753,-0.097056,-1.351518,0.669765,-1.707613,-0.291938,0.658752,0.576164,-0.389386
1.025212,0.492445,-1.198236,1.363816,-0.942596,-0.306592,-0.400598,1.528227,-0.176929
1.483779,1.831770,-0.782884,0.137303,1.256162,0.739235,0.492078,0.879761,-2.046625
-0.192123,1.159339,-0.191216,3.173990,-1.849465,0.109547,-0.904097,-0.536276,3.661805
-0.222943,0.018329,0.906369,-0.077163,-2.215863,0.962422,0.808145,0.968595,-1.780640
-1.812467,0.083428,0.892225,0.999130,0.111009,-1.168329,0.772729,0.550094,0.735873
1.621093,-1.084889,-1.302912,0.423415,-1.029559,0.141103,0.973142,1.001757,-2.057832
-1.502948,0.648908,1.715894,-0.099566,-0.986037,0.519295,0.594054,0.730585,-0.267618
0.084515,0.538624,1.793815,-0.923153,0.213393,0.572924,-1.575530,-3.225734,1.733053
0.018990,-1.145398,-0.119412,-0.688289,-0.853243,0.071599,0.024403,0.177632,0.468204
0.993711,0.830432,-1.726924,-0.885289,-0.018108,-0.611228,0.160960,1.223576,-2.602926
-0.848582,1.491406,-0.965635,0.754605,2.101784,-0.248559,0.472067,1.108737,2.575391
0.290721,-0.657814,0.380049,1.451319,0.093924,-0.488177,0.474584,-0.370649,0.184063
0.345642,-0.585836,-0.848032,1.369195,0.990411,-0.209033,-0.474173,0.270191,3.705495
-0.425306,-1.573648,-0.290096,0.702685,-1.173059,-1.242176,0.827886,0.767628,-0.610268
1.061232,-0.596312,-1.182423,0.936560,0.686806,1.376999,0.326662,-1.702421,3.907734
0.921271,1.204396,0.193857,0.868280,-1.484229,-1.295933,0.211392,-0.122833,-5.188010
-0.916145,1.733671,-0.696077,0.332562,0.651697,0.036212,-0.489539,-0.732524,3.300788
0.502605,-2.066726,-0.002488,-0.909948,0.001078,-0.031557,1.070323,1.382305,-1.607945
1.857870,0.325709,-0.556164,-0.095154,0.288767,0.623061,-1.558726,1.096351,0.642328
0.187810,0.579172,0.227781,0.529422,-0.195530,1.349095,1.023406,0.967814,-0.167515
-0.674813,-0.944294,-2.062094,-1.636097,0.469809,0.372084,0.107715,-0.575702,4.378441
-0.646695,-0.461625,1.848445,-1.046411,0.719356,0.608862,0.125618,0.836825,0.192029
-0.600263,-0.323081,0.389742,-0.492932,0.619494,0.116513,-2.178475,1.321665,4.841020
-0.527973,2.296785,1.574758,-0.152545,1.498973,-0.219520,1.865999,1.167450,-5.103043
0.740884,-0.805521,1.255991,-1.127977,1.596213,-0.856857,1.986029,1.098095,-6.504711
0.581513,1.160368,-0.982601,0.774008,-0.298814,0.204051,0.605709,0.324624,-0.791982
0.842595,-0.485388,0.080070,0.483434,0.211579,-0.551114,-0.193788,1.065357,-0.855033
-0.294296,0.708693,0.023740,-1.518275,-0.632488,0.034715,-0.886096,1.914172,-0.471141
-1.028749,-0.915989,0.883576,-0.074341,-0.221960,-0.667123,-0.412783,-0.318990,1.819288
-2.934108,-1.246700,0.052857,1.812941,1.103256,0.730930,0.668233,-0.180790,9.802129
1.271174,-0.201824,-0.467414,0.222688,-0.945348,0.441608,-0.709102,0.549089,0.124121
1.757127,-0.804206,-0.277968,1.318312,-0.189902,-0.154116,1.655356,-0.186319,-3.560812
-0.201987,-1.169738,-0.811560,-0.242050,1.660501,0.029104,1.672342,-0.066051,1.146446
-0.172142,0.137811,0.039658,-0.102236,-0.455606,1.867995,-0.481740,-0.498137,4.163078
0.293627,-2.145475,0.400476,-2.371126,0.544395,-0.497763,0.758201,0.157386,-2.465574
-0.116625,0.332532,2.114188,-0.379275,0.532539,0.031116,0.110436,0.464658,-2.080921
1.761962,0.461102,1.501881,-1.008745,-1.500750,2.236817,1.571966,1.360142,-6.388962
0.897598,-0.753802,1.401023,0.572363,-0.429955,-0.979099,0.667014,-1.207745,-4.065297
-0.230852,-0.643022,0.599615,1.621907,0.209429,0.556861,0.587402,-0.810609,2.776802
0.901933,1.240407,0.056485,-0.946995,1.359757,-1.397787,-0.343632,1.356038,-4.252175
0.402045,-1.622446,1.734439,1.107844,1.627909,0.615512,0.008516,-0.998896,2.853036
-0.753947,-1.846796,-1.623804,0.550263,0.503263,-0.664295,0.014974,-0.853728,5.530953
-0.408871,0.426213,0.818957,-0.545987,-1.659119,-1.132077,-0.818243,-1.000773,-1.718946
-0.529809,0.451909,-0.039902,0.675576,0.741877,0.640626,0.331571,-0.721960,3.051999
-1.950296,1.402379,0.490441,-0.632511,-0.619423,1.349159,-2.232158,-0.122083,7.264499
0.465955,1.289461,-0.867977,0.813026,-0.669534,-1.617225,0.541593,1.283219,-4.052977
0.896248,1.380213,-0.773919,-0.163042,0.560024,-0.563130,0.565717,1.456896,-3.491052
0.589184,0.596816,-0.720875,-0.328465,0.723889,-0.103438,-0.538476,-0.410181,0.744234
0.147387,1.913102,-1.073082,-0.117956,0.965125,-0.551902,0.716008,0.861723,-1.955398
-0.158564,-0.108972,-1.979878,0.252788,0.363675,-1.506479,-0.440303,-0.049122,2.114192
-1.004215,2.088377,0.342299,-1.292072,-0.232460,-2.627112,-0.405299,1.183512,-5.053302
0.049136,-1.252360,-1.403498,0.218638,0.648872,0.059471,0.607863,-1.081061,3.203136
-0.573668,0.746419,-0.253750,-0.230928,-0.853146,1.338882,-1.284717,-2.188380,5.325749
2.047852,-0.592996,1.023974,0.349517,-1.592390,-1.846878,-0.357182,-2.592431,-6.260096
-0.460453,0.968400,0.146124,-0.518308,0.045687,-0.184984,-1.006057,-0.050076,1.375815
0.939100,0.419123,0.743260,0.361455,1.702608,1.155113,-1.156625,1.162550,2.510709
0.287501,0.513544,0.376534,0.849061,0.038638,-1.233926,-1.071784,1.424335,-0.600126
-0.412075,0.130598,-2.996138,-1.198993,0.412847,0.635152,1.566784,1.055744,1.726871
2.033241,1.301826,0.200055,-0.723786,-0.121266,0.814353,-1.202453,-0.597509,-2.001674
-1.325074,-0.562317,-0.828815,0.530258,-0.943708,0.669746,0.753727,-0.145314,4.278184
-1.051469,1.596527,0.921274,-0.218896,0.127658,0.349106,0.742052,-1.237750,-0.273846
0.085376,1.457516,0.741156,0.607486,0.356193,-0.460575,0.485942,-0.393639,-2.331068
-0.330764,1.066135,1.144401,0.694813,-0.079619,0.072612,2.479288,0.750416,-4.630876
-0.231449,-0.274536,0.024467,-0.817943,0.594473,1.472801,-0.768366,0.163643,4.378060
1.997511,-0.308448,-0.543480,0.444326,-2.336989,-0.381012,1.300844,0.084496,-6.358893
0.611526,-0.058203,0.430724,0.675511,-1.302166,0.934426,-1.168013,0.553657,2.009308
0.328496,0.973960,2.343301,0.183397,-0.604430,-0.548035,0.891086,0.590586,-6.285721
0.507285,0.752473,0.540528,0.666191,-0.484476,0.570401,-0.335435,0.488145,-0.046654
0.960781,-0.747585,-1.032881,0.152906,0.221141,-0.124144,0.431344,-0.530483,0.107480
0.831560,-0.216364,-0.212793,-0.181517,1.042241,0.807734,0.376758,-0.642627,0.868852
-3.289784,1.269626,0.600162,-1.001939,-0.483892,-0.429295,-0.195487,0.604492,3.202562
-0.554733,0.164953,0.841502,0.054183,-0.398728,-0.702952,0.016742,-0.982632,-0.450560
0.336988,-1.129898,-0.587970,0.494422,-3.122762,-1.475999,1.030809,1.755764,-4.714390
-0.951063,0.295844,1.898326,0.835699,0.969999,1.475206,0.393252,0.560440,3.015479
-0.079251,-0.782823,-1.595993,-2.281118,0.909601,0.018365,-0.906967,-0.004900,3.236995
-0.754742,0.580610,-0.214793,-0.625231,0.511867,-0.578296,1.203580,1.779763,-1.965254
-0.614987,-0.345939,-0.761909,-0.163436,-0.765267,0.375848,0.808641,-1.167182,1.800196
-0.830992,-2.404462,0.688567,-0.795315,-0.113446,-0.968091,0.267873,-0.884944,1.064753
-1.385341,0.436956,1.269934,-1.613214,-0.041616,1.033179,-1.476804,0.307246,3.772314
0.473325,-1.718310,-0.599824,0.363692,-0.082073,-1.117980,-1.740348,0.824704,3.044045
-1.362000,-0.150619,0.343431,0.073505,-2.173988,0.664152,0.959531,1.668499,0.429285
0.084022,-0.783180,1.333419,-1.122585,-1.541276,-0.621092,0.547159,0.089309,-4.379597
0.192178,-0.175305,0.580324,-0.424841,0.010010,0.788127,-1.062373,0.542940,2.147232
0.975165,-0.910378,-1.167764,1.008336,0.141912,-0.635629,-1.992109,1.692575,3.716571
0.260006,0.581062,-1.669176,1.054698,1.216694,-0.759069,0.225369,-1.361853,2.115882
-1.087374,-0.639965,-0.847273,0.337052,1.655302,-0.812446,-1.626031,1.079859,6.717564
0.287227,0.994382,-0.617034,1.724753,-0.508483,-1.451609,0.801919,-0.870710,-2.308046
0.116698,-0.044294,-0.868594,0.882116,-0.031845,1.476488,0.204528,-0.177156,4.208754
0.728573,-1.356684,1.347794,0.520767,-1.578234,-0.636764,0.116875,-1.249617,-2.587832
0.930170,0.978194,0.184942,0.137398,0.327736,1.536625,0.719878,-2.258714,-0.066589
0.137460,-0.104819,0.652786,1.700284,-1.488122,-0.834670,-1.380813,-0.077907,1.190897
-1.144436,-0.574532,-0.134150,0.421472,0.395779,-0.765043,-2.482808,0.209965,6.827107
0.045385,0.433038,-0.176712,-2.252171,-1.817030,-0.392910,-0.277902,0.729052,-3.556417
0.466079,1.562478,0.300165,-1.279820,-0.827605,-1.366422,-2.306143,1.466418,-2.608235
0.818919,-0.223250,1.353595,-0.088858,0.808491,0.098410,0.215566,-1.356205,-1.596943
0.114118,-0.459763,0.429678,-1.373135,-1.240499,-0.058593,0.023545,-0.072670,-1.936569
2.001403,3.261670,0.249084,2.193021,-0.038020,-0.806125,0.413762,-1.780023,-5.828959
-1.652895,-0.643225,-1.743129,1.429485,0.732263,0.862655,0.728808,0.067451,8.200523
-1.651670,-1.850304,-0.093522,0.701984,1.563402,1.359198,-1.966266,-0.345765,12.728456
-2.250606,1.157030,0.873920,-0.028082,1.720329,1.288431,-0.697730,1.185460,6.775783
0.045254,0.029993,1.603167,-0.640778,0.251669,0.220301,-0.473285,-0.339686,-0.534821
-0.215947,0.491387,-0.462400,-1.240942,-0.102981,-2.124855,-0.235686,0.357310,-3.268775
0.307745,0.480473,1.221482,2.083431,-1.379745,-0.450874,0.241743,-1.876211,-1.312619
-0.742944,1.387724,-0.484628,0.560421,0.068082,-1.314690,-0.063178,-0.683626,0.145476
-0.706346,-0.871360,-0.063381,0.390477,-1.016017,-0.259759,-0.408298,-0.267601,2.670125
-1.244496,0.386759,-0.476100,-0.982309,0.173044,0.258198,0.025317,0.122847,2.626108
-0.781089,-0.780113,-1.189627,-1.359711,1.045204,-0.037677,-0.967890,-1.828522,5.617925
0.688966,0.320828,-0.926249,-0.835392,-1.164537,-0.611899,1.049541,0.498815,-4.529442
0.626944,0.023132,-0.074617,-0.833195,-0.769654,-1.245817,-0.437166,1.397358,-3.608152
0.728670,0.431416,0.050559,2.241082,-1.123616,-0.730618,0.194804,0.900225,-1.594527
-0.922471,-0.433206,0.632128,-1.427118,0.000455,0.972382,0.002720,-0.039135,2.220202
-0.409524,-0.378739,0.376685,0.142586,-1.523200,0.903800,0.244377,-0.335085,1.386666
-0.406111,-0.003144,-1.053468,-0.220155,-1.601105,1.765895,-1.137425,-2.404186,6.624635
-1.335456,-0.281898,2.028453,-0.562521,-0.035465,-0.952038,1.271683,-1.121187,-2.681193
-0.799452,-0.089637,-0.241494,-1.000363,2.544479,-0.014985,0.033659,0.277965,3.065135
0.637567,0.422192,-2.616352,-1.110115,0.726690,0.907446,0.958430,-1.050992,1.471423
1.774407,-1.104747,0.445389,-0.302361,0.731607,0.240246,-0.782303,-0.605496,-0.196968
0.887815,-0.108892,-0.102105,-0.336758,0.193621,-2.217787,0.663944,-0.540276,-5.522708
0.759330,-0.608023,2.178507,-0.202247,1.386026,-0.469848,1.255330,1.830290,-5.442235
-1.485036,-0.664776,-0.207541,0.015311,-1.629214,0.669001,-0.757284,-1.566935,5.852946
-0.613666,0.195394,0.922721,-0.535071,-0.237780,0.714841,-0.312554,-0.049890,1.591294
-0.587696,1.448659,-1.120596,0.551220,0.377887,-0.638500,-0.113008,0.038094,1.552090
1.013202,-0.057087,2.095169,0.390554,-0.078592,0.309380,1.534712,-0.204776,-5.282720
-0.240090,-1.230165,-1.111472,1.616874,0.728076,-0.081405,-1.469306,1.218627,7.234062
-0.152744,-1.279453,0.101016,0.491320,0.519327,1.751544,-0.574656,0.015507,6.370287
-0.942420,0.901135,0.989026,-1.392563,-0.358913,0.489249,-0.853711,0.942930,0.829055
0.501384,-0.199162,0.750674,-0.485769,1.420695,-0.274520,0.596743,0.217433,-2.005504
0.621298,-1.040893,-0.491627,-1.226744,0.609351,0.434602,-1.326229,-0.150348,3.156972
-1.803507,1.298609,-2.493687,-1.142679,0.377649,-2.222498,0.260565,-0.034587,0.904414
-0.073995,-2.010007,-0.435362,1.261582,0.747972,0.058725,2.338967,-0.971731,1.258388
0.986545,0.721551,-2.488450,-1.206907,0.974027,1.393987,1.235266,-0.726852,0.721723
-1.929111,0.754174,0.031898,1.078476,-0.431894,0.434068,0.410273,0.059414,4.227482
0.505085,1.380330,-0.408897,0.932843,1.167218,0.093580,-1.433559,0.037226,3.156580
1.357109,-0.419064,0.579760,1.122040,0.674668,-1.348429,-2.223606,0.544889,0.676985
-1.369164,-1.318725,-0.313789,-0.220889,0.367457,1.090576,0.071401,0.277852,6.240492
0.608332,-0.912014,3.220339,-0.171098,1.077566,-0.012433,-0.004035,-0.139331,-2.659692
-2.370208,0.871347,-0.453404,0.264377,0.449840,2.898216,1.840615,-0.967090,7.134119
-1.053082,-0.751352,1.562101,-1.365784,-1.105528,-1.886838,-2.006117,-0.743435,-0.071884
0.428525,-0.067904,-0.861738,-2.397184,0.622957,1.075745,-0.452612,0.647340,1.065477
1.783400,1.784518,0.422967,-0.872745,-0.335085,0.922059,0.008433,-0.081308,-4.589952
0.312355,-0.822549,0.396239,-0.668395,-0.274818,-1.362057,-0.368311,-0.660846,-1.939079
-1.953450,1.113535,0.337909,-0.317492,0.054805,0.749287,0.053326,0.075734,3.688088
-0.796213,1.957536,0.595728,0.540224,1.680996,0.194944,-1.398080,-1.073347,4.269445
-0.178316,0.073923,-0.208314,0.250176,0.949710,0.202757,-1.695249,-0.020754,5.079791
-2.213926,-0.191628,-0.971360,-0.275522,1.334005,-0.447205,-0.071839,-0.193318,6.113114
0.423784,0.510917,0.717832,-0.706707,-0.570423,0.964873,-0.178874,-0.559792,-0.663074
0.181601,0.650107,0.133039,1.591914,0.227968,0.249433,1.072932,2.703635,-1.108670
1.852630,-1.189483,-0.023452,1.615483,0.563577,-0.268458,0.122225,-0.256835,-0.549261
-2.618569,0.281303,-0.237773,-0.165067,-0.214295,-0.451703,-0.138138,-0.418791,4.935185
-1.575175,-1.913908,-2.017722,0.269291,-0.302937,0.612165,1.871723,0.607916,5.264531
0.730295,0.532415,-0.146036,0.897315,0.570687,0.173785,-0.518187,0.379775,1.164192
0.914847,-0.686796,0.477691,-1.456645,0.424963,0.561709,-0.043183,-0.526652,-0.989352
-0.116570,0.021946,-0.789883,0.112888,-0.202506,-0.813450,-0.372672,-2.495816,1.774487
0.429719,1.337788,-1.082681,1.852560,-1.040791,1.461015,0.802342,-0.404355,1.925584
0.576132,-1.169066,-0.170894,-1.299835,-1.561056,0.842622,1.162481,-3.299880,-1.162328
0.755683,0.017653,1.558385,-2.008978,-1.043068,-1.786442,2.070435,0.637968,-11.641833
-0.053888,-0.844924,0.791335,0.839931,-1.025137,-0.372889,0.209689,0.968985,-0.656293
0.520807,0.383207,-0.923487,0.969876,0.258985,-0.118612,0.052239,1.558794,0.609151
0.325156,-0.279128,-0.526381,-0.584266,1.253398,0.063169,1.438600,1.362601,-1.653540
-0.693815,0.346921,-0.025250,-0.082661,-1.425288,0.335322,0.422139,-0.707202,0.526907
-0.643053,-1.582179,-0.932831,0.239085,-1.320992,0.273643,0.057273,0.484297,3.692894
-0.518324,-0.248684,0.199431,-0.220964,-1.037669,1.751304,1.938020,-1.068254,0.556582
-0.835789,0.036801,-0.795012,1.644191,1.327308,-0.155132,0.571147,0.665014,4.089103
-2.563680,-0.161248,0.803630,-0.574436,1.054643,0.128674,0.127637,-1.476220,5.308233
-0.763973,-0.520902,-0.406426,0.556518,1.459624,-1.265552,0.076469,-1.004790,2.604718
1.116981,-1.247092,-0.872006,0.688914,0.940831,-0.869275,0.027091,-0.130210,0.476327
1.005855,-0.195105,0.714804,-1.777267,-0.383626,0.976143,-0.793436,0.270847,-1.144822
-0.437349,-1.987754,1.066907,0.658575,0.066579,0.110896,-0.342938,-0.234657,3.479735
-0.469515,0.472719,1.078480,0.029606,-0.609259,-1.281979,0.989237,0.629238,-4.370745
0.583631,-0.615696,0.883567,0.486294,0.199065,-0.014045,0.394767,0.026276,-1.012746
-0.734333,0.278338,-0.659898,-2.547212,-0.108082,-0.947489,1.497788,1.046682,-4.391334
-2.781930,-0.327583,0.067757,-0.087551,-0.505053,0.373197,-0.165477,-0.759701,6.671643
-0.895787,-0.460537,2.291154,-0.520849,0.586162,-0.832773,0.196319,0.873330,-1.796754
-0.839017,0.299783,0.829542,-0.611542,-0.488508,-0.531429,-0.974668,-0.112723,0.850095
-0.123068,-0.292757,0.293098,0.685988,-0.028007,-1.140360,-1.599107,0.263090,2.094461
-0.195539,1.433080,0.053864,-0.551188,-0.233039,-0.847287,-0.644273,0.033010,-1.348671
0.628936,-1.395750,-0.908049,-0.692589,0.120384,-0.521098,-1.819318,-0.794389,3.487227
0.276867,1.529769,-1.658504,-0.743360,1.525627,0.934402,-2.141636,0.880699,5.561910
-0.993807,-0.902146,0.232405,0.554477,-0.724846,0.122297,0.538030,-0.240687,2.372370
-1.976989,-0.179163,-0.252237,0.046613,0.632847,-0.677482,-0.346437,0.366869,4.639849
-0.534012,-0.481925,0.360706,-1.149926,-0.185849,0.665609,-0.426722,1.405206,1.649599
-0.746031,0.103850,-0.086510,-0.419034,-0.793440,-0.181049,0.378055,0.842255,-0.215299
0.693750,0.709959,0.930007,-0.551277,-1.409430,0.595068,-0.482558,-0.466667,-2.045084
-0.130028,1.889338,0.044883,0.694325,-2.806293,0.132009,0.564589,0.156312,-3.099069
-1.225585,-1.232021,0.997672,-0.601835,-0.687274,0.142601,0.959673,-0.385318,0.582090
-1.533779,0.985562,0.212315,1.458245,-0.702159,1.773196,0.318402,1.278452,5.090587
0.922934,0.315084,1.348070,0.297358,0.573503,1.034954,-0.471402,1.329371,-0.217742
0.947129,-1.125332,-1.365755,-0.097667,0.317392,0.635700,-0.475383,-0.910070,3.391974
-1.662256,0.282122,-1.056199,-0.042093,-0.844913,0.462782,1.716688,-0.861103,2.126263
0.252350,0.412780,-0.626083,-1.494123,1.017630,-0.491602,-0.800637,1.042071,-0.142510
-2.048315,1.419675,-0.079983,1.026829,1.178100,0.563201,-0.145576,1.336640,5.750092
-0.542692,-0.693411,-0.099659,-1.464363,-0.891988,-0.713247,-1.500797,0.829504,1.342685
0.738619,-1.130411,1.194777,0.631514,-0.287750,-1.015780,-1.178274,-0.740272,-0.189951
0.796156,0.903070,-1.001584,0.212546,-0.648108,0.770142,-1.546247,-0.643676,3.061769
0.479739,0.522512,-1.782375,-1.138647,0.370576,0.274357,-0.260215,-1.301819,1.657802
-0.493686,-0.857153,-1.194171,0.755689,-0.478048,-0.554051,2.256715,0.024993,-0.630556
-0.196891,-0.603429,-1.565348,0.503940,2.035913,-0.157524,0.425533,0.498050,3.966173
-0.669696,2.039204,-1.198726,-0.580494,1.780060,0.535887,-0.255699,-0.890013,3.605719
-1.162965,-0.029350,0.989940,-1.413355,-2.159489,-0.360909,0.754968,0.791588,-3.271359
-1.131823,1.367940,0.519935,0.815546,-0.142171,-0.242800,0.206232,-0.957989,1.009989
0.496068,1.524410,-0.855156,-0.439348,-0.571366,1.557873,-1.105086,-0.562670,2.843439
-0.580162,1.490611,0.231305,-1.516494,-0.146369,-0.923756,-0.906872,0.189615,-1.516637
-0.323822,-0.669187,1.392420,0.032440,0.504140,-0.284087,-0.398284,0.309055,0.745732
-0.296058,0.757736,-0.711051,-0.397998,0.354494,0.717496,0.514138,1.318922,0.916459
-0.409210,-0.935673,-0.204276,1.158282,2.172029,-1.076124,-0.734002,1.498911,4.053881
0.905848,2.105642,1.527335,-0.031792,1.061402,0.327570,0.011780,-0.897475,-3.261128
0.237887,-1.007690,-0.523746,-0.103169,-0.382744,-0.859077,-0.802255,0.476337,1.040260
0.514971,1.546340,-1.250474,-0.107756,1.710658,-0.959495,-0.598214,-0.159129,0.239005
0.387802,-0.547898,-2.168273,-0.403515,0.185106,-0.002196,0.303989,-1.878681,2.587861
-1.815261,-0.136299,-1.089359,0.989401,-0.265122,1.338458,0.394170,0.290138,7.404910
1.037053,-0.601872,-0.523508,0.326662,0.263512,-0.860143,1.311658,0.412661,-3.453706
-0.053705,-1.574692,-1.281398,-0.014302,-0.691239,-0.076958,-0.135858,0.180067,2.970204
0.507395,-1.016694,-1.920947,0.184129,0.567084,-1.180586,-1.910338,0.156645,4.450855
0.492744,-0.080546,0.681404,-0.609275,0.508952,0.871522,0.072352,0.653015,-0.224444
0.021483,-0.973660,-0.303970,-0.786473,-2.863661,-0.170042,-1.052953,-0.520248,0.574367
-0.544633,-0.001489,0.195024,-0.973766,1.605244,0.021506,-0.303241,-0.582106,2.263451
0.678194,1.208076,-0.184171,1.438603,0.108597,-0.280747,0.045580,0.431966,-0.769684
-0.716114,0.071657,-0.895639,-0.364018,1.884647,0.647522,0.071743,-0.110013,4.778126
1.357514,0.939737,-0.574673,-0.971550,-1.087380,-0.225830,-1.926889,-1.587190,-0.560849
0.562951,-1.048852,-0.089083,-0.237620,2.176810,-0.582464,-0.083572,1.214669,0.690814
-0.311966,-1.885898,-0.609776,1.295840,1.083386,-1.099959,0.277166,-0.755222,3.539881
-0.252563,-0.425832,-0.561278,1.041800,-0.191457,-0.078179,-0.942508,-1.514085,4.775890
0.025503,-0.601486,-1.002955,0.551461,0.617368,-0.299604,0.632509,-0.878600,1.862997
-0.935733,0.555190,1.215194,-0.789424,-1.196914,-0.402783,-0.875615,1.220113,-0.675353
1.333733,-1.054525,-1.155858,0.229997,-0.156804,0.540978,-0.696910,0.642313,2.135402
0.731115,-0.961748,-0.936197,1.033172,0.153032,0.307121,0.438525,-0.110587,1.912981
-1.079146,0.179569,-1.315704,-0.021387,2.060005,-0.251091,0.207820,1.493777,4.123012
-0.120063,0.649787,-1.567294,-1.678399,0.810330,1.104834,-1.134081,-0.757747,4.725915
-0.602980,-1.114982,1.060795,-2.683212,-1.361596,-0.758882,1.598311,0.759497,-6.074758
0.414780,0.358518,1.166034,2.048271,-0.143953,-1.344593,-0.387400,1.063392,-1.796022
0.297871,1.164105,-0.220230,0.292391,-0.345691,0.012794,-0.838779,-0.468223,0.856915
-0.132258,-0.422441,-0.434216,0.318602,-0.608428,-0.102004,1.193044,-1.034616,-0.234518
1.629308,-1.938431,-0.399062,-0.926131,0.782453,1.090406,-0.264054,-0.572861,1.731798
-0.691132,-1.130114,-0.849927,-0.215835,0.371644,0.908962,-0.869904,0.729430,6.576151
0.296008,-1.180184,-1.107182,0.952060,0.093200,-1.192078,1.212346,1.354671,-1.081003
-0.931811,0.854306,-0.502281,0.170017,-2.591856,0.488827,0.114593,-0.510578,1.188765
-0.559366,0.066927,-0.932153,-0.334517,-0.567891,-0.450272,-0.243964,1.546554,1.037508
-1.661111,-0.722948,-1.160879,-0.294950,0.087459,-0.067745,-0.293095,-1.108683,6.159863
-1.500317,-1.309088,0.411273,-1.958642,0.650949,-0.014139,-0.662501,0.861744,3.558481
-1.026952,-0.109840,-1.700679,0.784084,-1.237850,0.334601,-0.314796,-0.675613,5.675516
-0.714335,-1.551963,-2.017569,0.799131,-0.898098,1.121350,-1.370272,-0.215244,9.719723
-1.463054,-1.566905,-0.163809,-0.056969,0.297053,-0.803644,0.881584,0.676974,2.285453
-0.323071,0.795995,-0.323117,0.033830,0.406977,-0.224583,0.412866,0.586543,-0.111383
-0.708190,0.963754,0.307926,0.490745,-0.029389,-0.694710,-0.719461,1.131966,0.859110
0.246539,0.124931,-1.319557,-1.572210,-1.034978,0.333883,1.953822,0.681818,-3.683081
2.677996,0.470240,-1.324481,-0.747364,0.936951,-0.230180,2.726506,-0.743819,-8.184251
2.602962,-1.539841,0.443142,-0.950972,1.534824,-1.947550,0.145937,-0.340739,-6.491939
0.527062,-0.296275,0.636894,-1.472648,0.012870,0.635133,-0.688349,0.898123,-0.429103
-0.159779,-0.568837,1.256223,-0.797090,-0.380884,-0.621952,-2.550535,-0.145090,2.248059
-0.675850,1.254048,0.303120,1.086178,0.677196,1.298307,-0.695096,-2.073923,5.587107
0.090233,0.613778,1.654792,1.057034,-0.032295,-0.376683,-0.937721,1.343921,-0.546764
-0.309151,0.064233,-0.210689,-0.666651,0.142152,-0.254729,0.951371,-0.753869,-0.938652
0.227089,0.457607,-0.057219,-1.302076,-1.392636,-0.402410,1.018041,-0.546598,-4.587333
-2.262641,-0.811228,-0.669043,-0.846474,0.323182,2.023080,-0.681249,1.308470,9.680047
-1.045554,0.715471,-1.459825,-1.895002,0.353865,-0.288127,0.198325,-0.820728,1.442548
1.130405,-0.109336,-0.329794,-1.551841,-0.995787,0.333444,1.105985,-0.217470,-4.530981
1.337713,-0.031745,-0.100293,-0.507800,-1.222616,0.830125,2.661714,-0.051505,-6.266671
-0.239181,1.481293,2.081499,-1.752348,-1.972979,-0.007388,-1.308406,-0.599845,-3.378930
0.209641,-0.451607,0.801524,-0.657232,-0.489862,0.150971,-0.071367,-3.032295,-0.093556
1.271979,3.448123,0.032405,-0.047385,-2.221337,-0.318339,1.798315,0.473638,-10.243891
0.305058,-0.425306,-1.181636,-2.513128,-0.155901,1.323261,2.078218,0.528280,-2.327369
1.037252,-0.625938,0.327015,-0.827889,0.448546,-0.026839,-0.442992,0.907882,-1.323569
-0.664142,1.256295,-0.165848,1.003095,-0.035588,0.230812,0.385141,0.643872,1.332272
-0.279574,-0.334178,0.945979,-1.321940,1.587840,1.158876,1.402858,0.187744,-0.366656
-0.863847,0.773921,0.485918,0.506121,-1.590991,-0.719704,-1.346912,1.698557,0.834122
0.933590,-0.671910,1.138502,0.347251,0.531915,-0.383732,-0.891499,1.338798,-0.776866
-0.091268,0.289342,0.415096,1.932872,0.487728,-1.769164,-1.194500,2.404672,0.629441
-0.901612,1.474242,0.622032,0.608903,2.269771,1.704999,-0.341442,0.685726,5.442894
-1.090907,-0.349360,0.928585,1.991761,0.005319,0.039492,-0.728780,0.144621,5.029288
0.759116,-0.626762,0.746126,-0.029039,-0.417088,-0.322450,-0.766687,0.271786,-0.817791
0.648852,0.427940,0.218768,-1.084932,-1.327057,-0.142784,-0.147675,0.330852,-3.345396
-0.090141,0.878592,0.077285,0.045119,1.168985,-0.410011,0.176063,0.530677,-0.305416
0.395759,-1.112600,1.490829,0.587819,-2.524036,-0.579420,0.583155,0.348716,-4.033967
0.222122,0.661762,0.285989,-1.024423,0.120393,-1.635732,-1.770804,1.782050,-1.848810
0.974976,0.517135,1.431773,0.419261,-0.597824,-0.643566,-0.283279,0.850120,-4.194065
0.093670,-0.909400,-1.132414,1.996328,0.028846,0.638794,-1.315046,0.064076,7.606261
2.146046,1.044691,0.709353,1.488131,0.259252,0.019973,0.133225,0.306207,-3.887332
-0.271269,-0.736513,1.241090,2.052044,-0.777158,0.882782,0.105142,0.295520,2.845823
-0.025650,-0.448146,0.056029,-0.228555,-0.229731,0.148116,-0.305654,0.705874,1.081389
-1.289404,2.836274,0.341901,-1.723746,1.222906,0.450058,1.578938,0.342527,-2.678329
0.180359,0.208851,0.725674,-0.040102,0.523461,-0.075120,-0.158551,-0.267478,-0.269109
1.013446,1.217124,0.833947,-0.232457,-0.202227,1.498751,0.769897,-0.032402,-2.617239
0.076128,0.455206,0.085956,0.612929,0.406964,0.886955,1.758831,-0.302896,-0.600114
1.362766,-0.049433,1.889432,-0.693847,0.429879,0.597622,0.607011,-0.841889,-4.234021
0.457641,-1.292582,-0.089895,0.043552,-0.103051,1.193422,-0.712862,0.338743,3.861114
-1.616834,-0.813300,-0.469627,-1.015479,0.422380,-0.674673,-1.227608,0.499756,5.005670
-0.664686,-1.075109,-0.441598,-0.442078,-0.715386,0.127646,-1.425844,0.972072,4.589830
0.538982,-1.887571,1.692824,-0.619318,0.651862,0.451937,-0.646813,0.087552,0.933751
0.964429,1.472354,0.831419,-0.859713,-0.758563,-0.708657,-0.244034,0.748718,-5.801963
-0.940148,0.009608,1.944429,-0.189147,-0.557813,1.249888,-1.201261,2.153485,2.846525
-1.252838,0.986934,-0.452926,-0.787420,-1.435962,-0.581026,-0.318055,-0.972831,0.717196
-2.056326,-1.855716,-0.968958,-0.007496,-0.578483,0.645812,2.101499,0.031005,4.273070
0.507325,-0.263417,0.904320,0.685739,0.612251,0.921356,-1.430685,-1.841113,4.373944
-0.501900,-0.682334,-0.207814,-0.318957,2.351872,-0.287617,1.227910,-1.058920,1.566647
-0.112443,-0.200799,0.216807,-0.975922,-0.813617,-0.200204,-1.402703,0.264029,1.072592
-1.111576,0.098531,-1.756786,0.397896,0.209601,0.957342,-1.150675,-0.462678,8.598018
0.959830,-0.725982,0.365681,1.051530,0.212663,0.039498,0.393350,-1.063072,-0.169550
0.775505,0.947767,1.626899,0.447700,0.011443,-1.022544,-0.237389,-1.262442,-3.948672
-0.304622,-1.237239,1.034786,1.249849,-0.447796,-0.224070,2.756753,-0.362132,-2.849885
0.394684,0.199611,-1.736619,-0.595766,0.227170,-1.194126,-1.489444,-0.025895,1.589329
-0.666066,-0.735096,-0.270062,-0.878463,-1.849638,1.249222,0.173237,0.447830,2.253420
1.768395,0.853302,-1.023917,0.121825,-0.089358,-1.032402,0.796545,-1.477898,-4.861011
0.481987,-0.019769,-0.977187,-1.212392,-0.617518,0.556477,-1.348530,0.344757,2.080543
0.448167,-1.782245,1.104616,0.144097,0.880980,-0.209060,-0.152056,0.458616,0.619541
-1.011922,1.394552,0.997869,0.174414,-0.255326,-1.269652,-0.183667,1.313662,-1.991966
-0.410765,0.117660,0.788382,-0.155978,1.126546,-0.954400,-1.634444,-0.374528,2.300157
-0.485785,-1.135305,0.246706,0.180170,-1.646550,-0.692370,-0.154990,1.607050,-0.000048
-0.558141,-0.698005,0.027979,0.679830,0.340565,-0.449905,-0.128884,0.813820,2.354723
-0.754703,-1.102341,-0.941834,-1.437630,0.825781,0.254388,0.477965,-0.352064,2.993767
-0.300432,-1.912249,-0.782542,1.377725,-1.817871,-1.033361,0.709907,2.531991,0.175863
0.967174,-0.953045,0.012463,0.558302,1.644986,-0.480457,-0.104306,2.121978,0.049518
-0.339292,-0.040698,0.580860,0.815587,0.322402,0.317466,0.160972,-2.856569,2.739204
1.568351,1.082766,0.412369,-0.199957,0.862270,-0.468544,1.542479,0.845935,-6.917204
0.905626,1.001577,0.604374,0.155985,0.516000,-0.365589,-1.271033,-0.707668,-0.383266
0.536534,0.054883,1.236240,-0.826454,2.655507,0.071898,-1.787234,-0.234394,2.373009
0.231374,0.831130,0.913631,0.500158,-0.678637,0.752019,0.871785,-0.560555,-1.814902
-2.063590,-1.654781,-1.181508,0.176213,-0.834014,0.047951,-1.228829,0.590519,8.780158
1.758671,1.961835,1.073574,-1.381034,0.005926,2.234897,1.877400,0.945006,-6.885410
-0.171163,0.738068,0.535705,0.754665,0.284883,-0.277886,0.176818,2.241032,-0.883904
0.318232,-0.874652,-0.609084,-0.521488,-0.843711,-0.636185,0.423526,-0.338129,-1.242165
-0.747129,1.508849,-0.864473,0.017122,0.487260,0.248471,-0.754208,0.874305,3.342066
-2.176076,-1.223574,0.261059,-0.225219,-0.771347,-2.165049,-0.352843,-1.217169,2.343317
-2.831574,-0.118979,-2.302003,-1.626193,0.464577,0.090517,1.550561,-0.093555,4.963229
0.922522,2.069720,-0.833330,0.246988,0.918860,-2.085201,-0.063770,0.380716,-4.562092
-0.274803,-0.324433,0.566405,0.845524,0.061996,-0.945419,-0.519137,0.574439,0.823458
-0.809608,-0.215645,-0.356089,0.921646,-1.128130,-0.292422,1.888149,1.846221,-1.393414
-2.492684,-0.144943,-0.553987,0.300133,1.502625,0.391099,-1.709709,0.614566,10.632838
-0.057898,-1.182876,-1.396861,-1.138461,0.730764,-1.398401,-2.633746,0.153576,4.806618
0.362716,0.414433,-0.597924,0.107406,-0.485815,-0.004586,-1.053380,1.427581,1.222316
0.612721,-0.598197,-0.203609,-0.767061,-0.281979,-1.099753,-0.253453,0.815703,-2.374235
-0.856136,1.062929,-0.210325,-0.143896,-0.040487,0.279197,0.006498,-0.789838,1.950307
-0.304947,-1.218351,1.248959,-0.660813,-2.249769,-0.140607,0.201326,1.040263,-2.311441
0.897234,2.455307,2.149795,-0.794190,0.732826,1.234392,-1.898773,-1.239567,-0.394100
0.110737,-0.348908,1.385317,0.868481,-0.369311,-2.800743,0.187251,-0.908945,-4.763604
0.031947,0.521587,-1.890254,-0.491028,0.835401,0.125488,-1.580279,-1.522942,5.519460
-0.869037,-0.436502,1.307476,0.359405,-0.375160,0.128630,-1.686898,1.204791,3.882807
-0.300544,1.237760,0.253962,-0.783837,0.391401,-0.350408,0.410523,0.095596,-2.052441
-0.079471,-0.164442,-0.136462,0.160744,0.904669,1.271263,-0.149745,-0.055386,4.047302
1.117432,-0.032399,-0.425981,-0.252585,0.430987,0.562226,-0.855882,-1.360970,1.714856
-0.744930,0.643330,-0.365812,-0.248243,-1.323764,1.828233,0.158236,-2.380367,3.937857
1.507279,-0.891830,-0.714900,-0.468679,0.142797,-1.246332,-0.231334,1.289231,-3.037951
-1.888758,-0.846835,-0.637845,-0.992272,-1.163765,-0.365639,0.446040,-0.975812,2.808391
0.369897,0.034433,0.856256,0.269148,-0.706066,0.182717,0.037192,-0.962639,-0.826375
-0.257856,-0.451238,0.985359,0.591434,0.392413,-0.194936,-0.324396,-1.079240,1.733583
0.449236,0.543127,0.804448,0.104172,-0.999403,0.133210,-1.079668,-0.937252,0.026867
-0.680937,-0.546162,1.635547,-2.191421,0.015186,-0.906694,1.833017,0.812613,-6.232359
0.663306,1.511544,0.502575,-0.360559,-0.031075,0.092693,0.400229,0.081337,-3.534280
-0.830081,-0.170618,-0.898896,0.942470,-0.357505,0.962724,0.776389,-0.324654,4.288520
2.210496,-0.616862,-1.415256,1.260851,-0.900153,-0.376835,0.314422,0.510578,-2.269153
0.218832,0.057264,-0.705557,1.096178,1.402216,-0.373549,-0.740668,0.296695,3.476815
1.241421,0.708786,0.482652,-0.258968,-0.232812,0.200427,1.861558,0.238210,-6.257784
-0.612235,1.265138,-0.861868,-0.874344,-0.636039,0.679555,0.488582,0.301687,0.447447
0.576543,0.621910,-1.042906,0.687212,0.259845,-2.154965,-0.470134,0.574274,-1.869253
0.912755,-0.900600,-0.690667,0.099488,-0.005934,0.093191,0.511006,-0.158760,-0.149760
0.411656,1.866349,-1.008414,-0.608146,-0.559428,1.648464,0.053486,-0.111252,0.804520
0.846415,-0.149824,-0.278402,-1.272817,-0.663251,0.331543,1.349061,-1.153206,-3.624987
-0.051084,-0.038962,-0.387056,-0.506357,-0.796227,-0.449314,0.456045,0.328934,-1.457967
-0.815236,-0.162433,-0.795470,-1.200067,0.058639,-1.792682,1.946263,-0.584828,-3.730357
-1.224431,-0.666810,0.576461,-0.427080,-0.386382,1.695777,-0.397262,-2.724557,6.360179
0.553334,1.410415,-0.339800,-2.183148,0.434639,-0.386895,-0.085141,-0.405211,-3.448060
-0.192434,-1.897800,-1.639174,0.602526,0.616584,0.566524,0.028766,-0.659558,6.415737
-1.451993,1.305009,-0.717470,1.042807,-0.171653,-0.928560,0.505022,0.582236,1.339764
-2.093694,0.386709,-0.449881,0.254400,0.124351,-0.577522,1.328492,0.803125,1.635247
1.135478,-0.327174,0.217040,-0.062891,-0.345728,0.255767,0.279476,0.861198,-2.141452
-2.190559,-0.667799,1.392571,0.211963,-1.046057,0.146708,-0.275553,0.463939,3.798870
1.094134,-1.287694,-0.323312,0.490848,0.237078,0.504853,-1.095373,-0.257745,3.368322
-1.889521,1.132171,0.709774,0.412496,0.498100,0.706099,0.240035,0.032738,3.784920
-1.099112,-1.132299,1.870035,-1.124930,-0.527606,0.474634,-0.310226,0.065161,1.471537
0.206120,0.747521,-0.820974,1.214916,-0.977858,-0.013548,-0.395774,-0.338478,1.470738
0.343921,-0.105847,-0.454778,-0.362826,-0.564724,-0.421567,-0.941721,-1.871377,1.195664
-0.371225,0.578291,-0.287000,-0.043228,0.653337,0.464479,1.263295,-1.331824,0.548495
-0.564007,-0.748650,0.364021,-1.819219,0.840993,1.448757,-1.415919,-1.228742,5.835914
-3.160694,0.241724,-0.370514,0.842770,2.130999,-0.515346,-1.891959,0.130865,11.315329
-0.767660,0.011879,-1.378984,0.768537,-0.109735,-0.777512,0.300590,-0.535992,2.646204
0.515037,-1.207925,-0.489614,-1.819237,1.012508,0.138784,0.069827,0.082373,0.257165
0.273118,-0.811134,-0.366135,-0.881012,-0.190151,1.424350,1.176173,0.986396,0.206859
0.763365,0.776654,-1.012649,0.574315,-0.594184,-0.416357,-0.088859,0.190146,-0.993617
0.629716,-0.095223,2.046348,0.260088,-0.289566,-0.753016,-0.386833,0.992168,-3.683025
0.521539,-0.373766,0.193886,-0.809339,-1.262836,0.052178,1.456162,-1.828609,-3.747977
-1.536436,2.196413,0.086330,1.578503,-0.275843,-1.994892,0.463830,-1.399873,-0.684441
-0.374630,1.410894,-0.652472,0.172098,-0.723672,-0.992505,0.913583,0.609252,-2.934304
-2.196069,0.555224,-0.052329,0.047586,1.083631,-0.068882,-0.578449,1.214942,5.589949
-0.253132,-0.835128,-0.201550,-0.981562,-1.310086,0.949307,0.660860,0.048881,0.489945
-1.087722,1.017183,-1.424310,0.375819,-0.984983,0.373331,0.010193,1.147079,3.223638
1.076877,1.512937,1.140225,-1.771715,-0.226073,-1.186795,-0.790456,-0.016789,-6.527370
0.495465,1.221017,-0.275430,0.470498,1.604134,-0.969523,0.510535,-0.191184,-1.908340
0.149974,-0.584360,1.234022,-0.177104,-1.329384,0.897700,-0.999328,-1.179597,1.681289
1.327009,-0.486652,-0.589127,1.826571,-1.044072,0.966649,-0.946120,2.873757,2.320381
0.703287,-0.402749,-0.070904,-0.319016,0.376436,-0.415861,-1.226070,-1.175241,1.420775
0.714644,0.069519,0.312381,-1.201817,-1.723417,0.478750,0.002751,-0.490053,-2.620460
-1.737572,0.273040,-1.504196,-0.292786,-0.090742,-0.339922,0.502796,-0.485561,3.666268
-0.178753,-1.037353,-1.236797,0.748528,0.170886,0.740280,0.337827,-0.049926,4.665663
-1.755876,1.182567,-0.816247,1.287442,0.326557,-0.563122,-0.309911,-0.348448,4.884575
-0.066092,-0.324641,0.815540,-0.662158,-0.023666,-0.110347,-0.109608,1.064015,-0.923182
-0.336065,0.741056,1.477199,1.221887,-0.742993,0.237276,1.923089,1.241047,-3.566412
0.485240,0.366593,-1.416332,-1.128342,0.768911,-0.497297,-1.352294,0.441410,1.741087
-0.437076,0.186110,-0.988077,-0.099398,1.198414,-0.144113,-0.372807,0.197706,3.311412
-0.810715,-0.705500,0.618994,-0.107830,-1.209050,-0.303623,-0.506081,1.849716,0.913696
-0.382077,-1.963816,-1.382697,2.412157,0.171571,0.625297,-0.772336,0.976077,8.892213
-0.550230,-0.529637,0.210732,-0.650434,0.695986,0.050112,0.752399,-0.954196,0.785287
-0.813124,-0.046952,-1.118494,0.950477,1.801865,1.212409,-0.277055,-0.860018,8.256922
0.406521,-0.765263,-0.193546,-1.124101,0.569893,-0.540294,-0.417750,0.685241,-0.423022
1.761751,0.071548,-0.316818,0.492548,0.287500,-0.557895,0.026311,-1.059970,-2.488764
-0.532978,-0.012044,0.379744,-1.128745,1.187326,0.813954,0.329566,0.679544,1.418324
-0.146149,0.451495,0.129691,1.800094,-0.636203,0.133354,1.066487,-0.628313,0.129893
-0.444238,1.449862,-1.262106,-1.094621,-1.304846,0.328467,1.974209,1.371487,-3.739636
0.302811,-1.083896,2.144799,-1.181679,1.532931,1.367872,-0.549647,-0.004361,1.660410
1.171659,-1.297629,-1.845680,0.554350,1.650172,1.001490,0.407320,0.338113,4.035637
0.740860,-1.403923,-0.117440,0.645149,-0.525087,-1.032718,1.973196,-1.665045,-3.620271
1.192633,0.892104,-1.248107,-1.064459,0.367922,0.088012,-1.893786,0.454315,1.143523
1.380148,-0.600586,-0.985473,-0.562631,-1.120594,1.103847,-1.575695,0.687720,2.317958
0.633012,-0.389638,1.310487,-0.161832,-0.960335,0.402430,-0.520872,0.032602,-1.104240
-0.716942,-0.632016,0.984334,1.583349,-0.107495,0.535159,-0.691903,-1.346709,5.166410
1.309384,-1.784620,-1.765504,0.787067,1.737307,-1.483768,-0.809109,0.053778,2.665271
0.206547,0.017281,-0.397963,-1.068982,0.013596,0.320229,0.878825,0.765200,-1.615496
-0.380677,0.747423,-0.488462,-0.013500,-0.449526,1.424568,0.662091,0.878320,1.657141
0.253058,0.049477,-1.043662,0.745062,-0.299275,-1.457490,1.229274,-1.816287,-2.150611
-1.151407,0.587766,-0.330311,-0.497634,1.081336,-0.212755,-0.917364,1.066861,3.682780
1.013058,0.814721,-0.430802,0.076600,-0.010063,0.745166,0.943205,-0.719864,-1.783097
0.735307,0.909137,-1.201965,0.036302,0.580805,0.313080,-0.306862,1.168087,0.749622
0.942107,1.120186,-0.498276,0.260694,-0.856319,-0.099703,-0.759691,-0.188587,-0.807065
-1.383493,1.171053,-0.084754,0.050009,0.052282,0.570321,-1.418444,-0.141147,5.520052
0.987644,0.129759,0.810612,0.261299,-0.041252,-1.765997,-0.565159,1.208317,-4.371231
-0.331543,0.143451,0.537232,0.726231,-0.704549,-0.936628,-1.318590,1.119120,0.959366
0.233972,0.692557,1.552192,-1.148723,0.826109,-0.527355,-0.438278,-1.839218,-2.257506
0.153279,0.285497,-0.188631,0.318972,0.077037,0.573234,-1.203327,0.990795,3.174366
0.063639,0.055369,1.824992,-0.715777,-0.296971,-0.059934,-2.802442,-0.475096,2.173556
1.538203,-0.161921,0.888835,0.991547,-0.922008,0.647847,1.370270,-0.522074,-4.026674
1.387783,-0.724083,-0.695163,-0.772289,1.456716,0.905575,-0.970947,0.763870,2.390217
-0.935570,0.204926,-0.510314,0.924972,1.077581,-0.918960,-0.115580,1.683605,2.567538
-0.362923,1.047118,-0.249776,-0.728155,-0.083637,0.022599,-0.914520,1.301533,1.057593
0.837904,0.272051,-0.003649,-0.733851,1.025541,0.410436,1.690435,0.068680,-3.315486
-2.102025,0.946710,-1.099110,-0.848806,-0.137047,0.530773,-2.766360,-1.049286,9.747211
-0.548979,-0.642707,0.341896,1.626095,-0.013301,-0.149297,0.190048,-0.137527,2.773480
-1.137298,0.101584,0.798794,-0.885949,-2.000968,0.269196,0.868413,0.871312,-1.781260
-0.649110,0.953850,-0.472224,-1.458902,-0.240140,-0.268092,0.334482,-1.158198,-0.790624
0.119678,-0.581270,0.546054,-0.281180,0.569850,0.884556,-1.103569,0.477711,3.444715
-0.139893,-0.206368,-0.624927,-0.262302,-0.332005,-1.457516,1.128022,0.615951,-3.069038
-0.950961,-1.161707,-0.584972,-2.551104,0.830067,0.003524,-1.572107,-0.912915,5.097632
-0.189808,-0.621614,1.249758,-0.570431,0.071071,-0.599870,1.220292,-0.838217,-3.089705
-0.614904,-0.195721,-2.372289,-0.888649,-0.855556,-0.175502,1.990351,-1.025539,-0.121554
-0.299467,0.069928,-0.476173,0.936267,-0.322367,-1.314432,0.142223,-2.229548,0.594179
1.611840,1.925487,1.310045,-1.524682,-0.261491,0.355577,-0.400410,-0.083910,-5.965773
1.805379,-0.279804,-0.045366,0.660984,-0.677490,1.532691,0.430568,0.321151,-0.795144
-0.180062,-0.605633,1.215308,-0.412733,0.710907,-0.595725,-0.311027,0.073524,-0.231265
0.182251,0.417096,0.512624,1.156834,1.135106,0.833486,1.146067,1.095291,0.260129
0.138994,-0.232972,-0.205610,1.285775,0.994130,-0.195868,-0.571949,-0.719711,3.541993
-0.016947,0.607042,-0.824771,0.122707,0.488353,-0.914117,-0.367207,0.125303,0.546189
1.363555,-0.422059,0.536739,0.067165,-0.045155,0.614235,-1.180537,1.042172,0.422782
1.191622,-0.849026,-0.427357,-1.741455,0.337039,-2.119476,-2.405790,-0.289203,-1.179780
1.143074,-1.018920,0.592100,-1.589268,-0.819600,2.273141,0.928575,-0.232016,-1.403679
0.946467,-0.319204,0.007948,-1.579400,1.475156,0.229873,-0.919586,-0.787883,0.824444
0.174037,0.878397,0.897176,0.392154,-1.138896,0.543483,-1.811530,-0.422400,1.924986
1.616600,0.526323,1.573523,-0.073655,0.660768,-0.475437,1.574477,0.317180,-7.661016
-0.759894,1.003211,-0.532696,0.254935,-1.010977,0.585177,-0.912921,0.400677,3.502954
0.824885,1.123624,1.636883,0.425783,-1.048292,-0.094635,-0.014699,-1.368654,-3.871261
0.068129,1.721104,-1.006017,-1.392825,-0.540736,-0.447816,0.363272,-0.669524,-2.794709
2.720058,-1.222231,0.569300,-0.645235,1.057151,-1.048936,1.334341,0.220425,-7.965267
3.003851,1.180005,0.607622,0.123370,-0.133879,1.107873,-0.013820,-0.127505,-5.100561
0.212153,1.464965,-0.832359,0.068978,-1.292264,-0.356092,-1.028301,0.997701,-0.291079
1.681053,2.081586,-0.561613,1.303824,1.308714,-0.697294,0.096172,-0.018663,-2.987409
-0.091772,-0.796312,0.426699,0.482135,-0.021806,0.518019,0.127646,-0.032167,2.023969
0.216238,-0.010256,0.510606,1.179766,-0.346509,0.849321,0.410175,-0.362910,1.191539
0.175942,-0.603763,-1.366383,0.077931,0.707537,-1.974665,0.105924,0.034187,-0.462274
0.472278,-1.535602,0.446980,0.327204,-0.723981,-1.091965,-0.312506,1.991607,-1.499458
0.371976,-0.759572,0.191371,-1.817164,-0.607656,-0.464555,0.434578,-0.239460,-3.218797
0.901914,0.300036,0.108586,0.644734,-0.203016,-0.905897,-0.656960,2.398150,-2.169405
1.678076,1.770108,-0.259882,0.627096,-1.254086,-0.763094,-0.448710,1.304131,-5.056954
0.813324,-0.426327,-1.049701,1.310593,0.206613,1.080133,1.668840,0.331960,0.798513
0.483818,0.583808,-0.856717,0.335244,1.027299,-2.617374,2.299609,0.270928,-6.868765
-0.467334,1.035715,1.551547,-0.364021,0.130074,-1.653211,0.053515,-0.769505,-3.830903
0.996088,0.759176,0.138637,2.004884,1.848123,-0.560944,-0.825434,1.388344,1.087591
1.212031,0.472938,1.633464,0.949976,0.105421,1.763840,0.131759,1.381938,-0.898508
0.335641,-0.078747,-2.378041,-0.095756,0.238499,-0.665589,1.211961,-0.468456,-0.213446
0.955198,-2.000814,-0.297551,-0.998344,0.253589,1.786961,2.334369,-0.796893,-0.678247
1.703227,0.577778,-1.086529,-2.356977,-0.866229,-0.330475,0.857002,1.346380,-7.220645
-0.201342,-0.277904,-1.253459,1.346664,-0.775304,0.557818,0.353804,-0.433072,3.765675
1.429592,0.600605,0.478498,-1.679625,0.305329,-1.046354,0.402437,-0.285263,-6.830157
-0.164519,-0.815984,0.809998,0.124552,-0.116883,2.121239,-1.553372,-0.209511,6.679771
-0.603073,0.715827,-0.647806,0.362284,-0.213175,1.413712,0.345371,1.559673,3.246124
-0.500113,0.051053,-0.549773,-0.686378,-1.270100,0.828597,1.123693,0.986814,-0.366741
0.104833,2.082273,-1.448835,0.793160,-2.044548,0.134560,0.578540,0.807049,-1.568835
-0.164982,-0.383286,1.116817,0.390821,0.186222,1.375823,0.742279,1.118199,1.065054
1.293831,0.784600,0.402983,0.223027,1.088356,0.086120,-0.484204,0.534916,-1.299899
-1.091357,-0.095177,1.436173,0.008833,-0.764343,1.105807,-1.186613,-1.096900,4.609673
0.473109,-0.023601,0.874240,2.973283,0.193671,1.728917,0.063887,-1.300702,4.737456
0.043754,1.167037,-1.584517,-1.360516,-0.028253,-0.860464,-0.191710,0.277493,-1.296926
-0.661256,-0.960893,0.295021,0.133742,1.732717,-0.189402,1.348991,-0.132086,1.185293
-1.281876,0.835284,-0.360651,-0.759229,1.430640,0.660160,1.070370,1.401528,1.741536
-0.116547,0.664671,0.341391,-0.506943,-0.162818,0.147461,0.278603,0.000989,-1.043820
0.033106,0.969465,0.695873,0.509265,0.270282,0.366643,-1.227268,-0.277707,2.190658
0.560504,1.239317,0.248753,0.530008,1.531893,1.098116,-1.012100,-1.587156,3.565216
-0.461584,-0.538215,0.398920,-0.619131,-1.360797,-0.592327,2.025017,1.214029,-4.761453
0.099302,-0.116485,0.108871,-0.007694,-1.339934,-0.399419,1.082537,-0.305550,-2.919059
0.520897,0.076255,-0.069680,1.587980,0.497147,-2.558647,0.944896,-0.572319,-4.002471
0.320308,-1.177569,1.332584,0.411271,-1.433885,0.461563,-0.748446,0.469887,0.773080
-0.403986,-0.074663,1.342115,1.112130,0.030461,-1.394968,0.255650,-0.811948,-1.379976
0.948624,-0.435838,-0.340304,-0.719747,0.555200,0.597138,-1.214993,-1.125142,2.548468
0.093272,1.083057,-0.199362,-0.455627,0.038880,-1.178512,-0.475707,0.280229,-1.986364
0.596941,-0.436357,0.313726,-1.532818,1.088472,0.956275,-0.497381,0.044118,1.107567
-0.446000,0.515889,1.021682,0.727156,0.682006,-0.913445,-0.713543,3.056990,-0.215357
0.473882,-0.878453,-2.116655,0.059200,-0.823279,-0.276604,0.257206,-0.290557,1.544924
-0.857490,0.792523,0.196737,0.673907,-0.438033,1.444593,0.995225,0.480738,2.069227
-1.492945,0.684264,1.324699,-0.590345,0.593370,0.197195,1.341092,1.631661,-1.248185
0.601655,2.183584,-0.017594,0.234246,-0.001372,0.866836,-1.253074,-0.310411,1.126944
-1.191781,0.626212,-0.309355,-1.649432,-0.549791,0.028053,0.237999,-1.115808,0.636713
-1.139573,-0.865187,-0.584690,0.416082,0.938985,-1.420906,-0.560262,-0.292837,4.077172
-0.515569,-0.649885,-2.343547,1.086096,0.940850,-0.342547,0.037699,-0.341609,5.947261
2.007275,0.859864,1.567757,0.508084,-0.517922,-1.209151,0.954074,0.539881,-9.272606
0.421522,-1.199456,0.152949,1.229879,0.158686,-1.248854,0.437685,1.009098,-1.058593
1.769768,0.617483,-0.553125,0.939782,-1.341220,-1.150211,-0.208808,-1.446239,-3.786514
-0.988630,-0.299927,1.347382,-0.243085,-0.240902,1.065651,1.708235,0.404101,-0.446952
-0.357193,1.927734,0.748100,-2.874080,-1.010490,1.286846,-1.169041,-0.403471,-0.587947
1.420399,1.043136,-0.213286,-1.412117,0.066451,-1.002577,-2.305338,-0.275269,-1.859263
0.133783,3.154380,0.137088,0.422966,-2.315875,-1.603346,-0.623127,0.693307,-5.591541
-1.504335,0.009668,-0.467010,-1.124947,-0.782035,0.443343,2.169543,-0.430524,-0.448220
0.366150,-0.583583,0.948948,-1.256538,-1.245874,-1.676182,1.160586,0.405947,-7.333161
-0.498656,0.514437,0.446852,0.522976,-1.054113,-1.043007,0.523060,0.571256,-2.311491
0.468676,0.875052,0.496247,-1.450142,-0.446562,0.239716,0.209165,-0.340948,-3.266144
-0.802836,-0.030424,0.271499,0.497509,-0.704259,-0.272769,-0.203601,-0.590574,1.880055
-0.522692,0.654470,-0.895328,-0.089679,0.241909,1.521627,1.524641,-1.052960,2.242649
1.343030,-1.445608,-0.867194,0.817619,0.803990,-0.288775,1.598128,-0.459936,-1.358776
1.467641,-0.921386,0.368181,-0.296963,0.137132,-0.354650,-1.326261,-0.966119,-0.101968
1.850418,1.497029,0.667673,2.420553,-0.283333,-0.029758,1.166061,-0.553073,-4.740657
1.696854,-0.733556,1.563919,-0.084021,-0.228913,0.153859,-0.332481,-0.946074,-2.927772
-0.337636,-0.096217,1.864018,-0.212221,-1.254468,-0.184791,0.403581,-1.330105,-2.351368
-0.105272,-0.079671,0.154019,-1.116755,-1.190437,0.865557,-1.317664,2.144937,1.689929
0.380253,-0.285586,-0.805348,0.970113,-0.889115,-1.375145,0.309070,0.219637,-1.469919
1.368813,-0.127035,1.039020,-1.160135,-1.379103,0.345772,0.695028,-0.560162,-5.474665
-0.762894,-1.038720,0.583538,0.621048,0.275928,1.097270,-0.259853,1.005931,4.892754
-0.535833,0.073792,-0.710119,0.095055,-0.040735,0.144490,0.748154,-0.412026,1.433702
-1.168879,-0.227100,-2.398495,1.150037,0.771649,1.390727,-1.313250,0.233480,11.640437
-1.876311,1.161273,0.291201,0.670930,-0.826577,1.989475,1.040677,0.699096,3.963160
-0.693153,-0.097040,0.833094,1.998764,-0.355003,-0.193442,1.475224,-0.287824,0.002845
-0.335202,1.787030,0.002999,-0.121205,-0.866472,-0.637239,-1.257628,1.707463,-0.536427
0.802817,-1.457344,-0.135486,1.029748,-0.130911,-0.206607,1.361751,-0.414266,-1.080057
-0.653428,0.020564,-1.519052,-0.381408,0.896671,-0.675402,-0.801764,1.706088,3.531388
1.426969,1.515762,-0.094233,-0.850313,-0.835370,0.446133,-0.880341,1.912908,-3.201351
0.043832,-0.230549,0.306001,0.934456,-0.470397,-0.422672,-2.680692,-1.428147,5.228936
0.550428,0.050164,0.980186,-0.973347,0.895738,0.967111,-0.407432,0.281098,0.223358
-0.415531,0.595413,-0.965870,0.865396,0.307003,0.202673,0.770555,-1.567407,2.477472
1.403875,0.910963,-1.523383,0.178117,-0.835181,-0.268424,1.386169,0.039421,-4.385570
-0.556672,0.285227,-0.026524,-0.793192,0.652693,1.689173,-0.567980,-1.106904,5.037695
0.731762,0.247128,0.930561,1.517318,-0.611019,-1.584565,1.464777,-0.007623,-5.971678
-1.666741,0.725523,0.235875,-0.575215,0.007352,1.284955,-1.036357,0.928602,5.739435
0.665617,0.784848,0.103278,-1.013793,1.596909,-0.816181,-0.432919,1.930825,-2.541745
-1.565753,-1.744850,1.048877,-2.804477,-1.594011,-1.298206,1.694567,-0.915532,-4.363204
-0.565335,-1.941987,0.960161,0.733908,-0.746704,-0.409451,0.782099,1.637783,0.093226
-0.250266,0.170408,-1.738677,0.470875,-0.094298,-0.013743,0.135010,-1.783936,3.481563
0.456804,-1.100706,-0.059943,2.677359,-1.167366,-0.089915,-1.370330,-0.794437,4.853352
1.031096,-0.245000,-1.165121,-0.729616,-0.009382,0.181621,-0.336531,-1.053642,0.625722
-1.142330,1.393787,-1.444028,-0.296959,0.132445,0.792459,-1.146140,0.344044,5.903535
0.677269,-0.158670,-1.763805,-0.263471,2.212174,-0.702046,-0.858278,0.290659,2.860103
0.115546,-0.808430,0.367254,-0.229274,-0.326744,-0.144549,-1.037678,0.445545,1.562656
-0.830724,0.044960,-1.478952,-0.617781,0.344831,0.741272,0.685081,2.503440,2.586621
-0.915548,-1.107213,0.479652,2.718648,0.319981,0.792181,-0.395198,1.213074,7.038174
0.201765,-1.004776,-0.467864,-1.706408,0.118762,0.909127,1.790568,0.527061,-1.630635
-0.783479,0.561263,1.153885,1.696688,0.825931,-0.589785,-0.139869,-0.530106,1.971179
-0.081445,0.247155,0.231671,0.246870,1.283330,-1.508251,-1.964717,-0.490231,2.460220
-0.006693,0.455131,0.858675,0.584945,-1.049571,0.346746,-1.365237,0.050366,1.767762
-0.787684,-1.039883,0.056137,-1.021106,-0.303701,-0.118674,-0.663976,0.582691,2.470506
0.157658,0.112220,-0.177080,1.492181,0.813830,-1.219300,0.489192,-0.337340,-0.288197
0.502758,-1.355895,0.834303,0.008041,1.740560,-0.947493,1.209532,1.609465,-2.865123
-1.071360,-1.667519,-0.255318,0.665541,0.210587,-0.263708,0.497696,1.561965,3.403120
0.182434,0.831659,-0.274760,1.380906,-0.061134,1.190605,-1.355346,-0.955729,5.428337
-0.713716,-1.457015,-0.347059,0.414908,0.575160,-0.972431,0.386820,-1.901300,2.851284
0.891294,-0.629124,0.096939,0.505425,-0.765099,0.267331,-0.694775,0.869144,0.488818
0.655478,0.764485,-0.630884,1.016003,-0.378810,-0.112038,0.267335,-1.650979,-0.157783
1.173165,-0.695499,0.305809,-0.722605,-1.722474,0.045517,-0.561814,0.566537,-2.470680
0.720095,-0.259628,1.152672,-0.672200,1.148417,0.630299,-0.885639,-0.740705,1.015848
0.108298,-0.209844,0.015070,-0.740753,-0.801139,0.668773,-0.222423,0.034770,0.670349
-0.153654,0.699359,-0.777604,-0.524750,0.679219,-0.628278,0.225516,0.742467,-0.502135
-0.671212,0.122870,0.058987,-0.344941,-1.498542,-0.929490,-0.191683,-0.241895,-0.745598
-1.318302,0.277004,-0.924994,-0.740289,0.929186,0.040753,0.827491,-0.062884,2.547416
1.785485,-0.189277,-0.590827,-0.865791,0.062297,2.479318,1.714488,-1.031647,-1.371066
0.751379,1.405369,-0.143069,1.285651,-0.755742,2.508737,0.212973,-0.015554,2.306333
1.634055,-0.004725,1.475306,0.695808,0.526143,-1.217257,0.020623,-0.947304,-4.811614
0.191851,-0.501337,-1.253213,-1.485783,-0.673068,1.593421,-2.751307,0.396221,7.084475
0.894673,-0.771626,-0.007698,-1.089821,0.914924,-0.436521,1.435199,0.748400,-4.164927
0.194654,1.196826,0.791663,-0.715855,-0.958559,-0.395814,-0.708650,-1.285201,-2.153089
-1.173151,0.853524,0.196233,-0.963619,1.180113,-1.034650,0.961244,0.095880,-1.483206
0.755480,1.315649,-0.183444,1.425192,0.150782,1.449595,0.657803,-0.461323,0.854224
0.630769,0.014305,-0.331211,-1.123461,1.648800,-1.071704,-0.763971,1.748954,-1.178929
-1.265621,-1.959467,1.040149,0.306334,0.137356,1.862467,0.837173,-0.951861,5.786923
-0.307200,0.800378,0.466451,-0.511880,-0.366165,-0.234903,-1.574124,0.470408,1.226377
0.657994,-0.258377,0.808450,0.447046,0.465408,-0.640985,-0.501779,2.121306,-1.431034
0.423400,-0.430042,-0.305917,-1.721328,-0.710014,0.085842,-0.258475,0.323258,-1.124965
-0.764145,0.030678,-1.020675,-0.740635,1.867414,-0.848574,0.016527,0.755959,2.263238
0.347653,-0.194915,-0.060391,-0.117276,-0.594752,0.763362,-0.264564,2.391468,0.457743
0.429364,0.366624,-0.851400,2.231756,-0.711735,0.153850,-0.939991,0.248535,3.701281
-0.847121,-0.277468,1.296670,-1.267278,1.226535,0.466870,-0.688786,1.967758,1.910745
-0.382676,1.679957,3.092974,0.887816,-0.116659,0.677840,-1.788714,0.477221,0.971524
-1.633231,0.411525,0.544548,1.117143,0.422769,-0.159860,0.228489,1.211807,3.057338
-0.123437,1.322501,-1.072841,-0.347616,-3.119835,0.355493,-0.090044,-0.050801,-0.972398
-0.089271,1.556910,0.612533,-0.069457,0.400505,-0.237783,-0.747283,-0.604616,-0.177381
0.438325,1.919303,-0.266087,0.877486,-1.374732,0.290449,0.215532,-0.445023,-1.558825
0.152347,0.408537,1.369424,0.835119,0.644390,0.398350,-0.708053,1.244250,0.972899
1.478970,0.840216,-0.259814,0.337996,0.084503,-0.050613,0.134424,-0.399900,-2.510107
-0.498029,-2.057914,-1.555265,-1.399876,-1.151995,0.759135,-0.559629,1.615338,4.528729
0.925320,0.566719,-0.900365,-0.003689,-0.853757,0.848207,-0.064325,0.339723,-0.070172
0.540601,1.223066,1.490914,1.833867,0.845283,-1.052549,-0.182576,0.282787,-2.333668
0.387693,-1.198956,-1.099585,0.831942,0.628562,1.219426,0.941493,-1.057958,4.084568
-0.162857,-0.411495,1.560931,0.605271,0.835818,-1.313347,-0.525658,-0.088126,-0.505506
-0.460252,-0.063591,-1.016197,1.175965,1.447145,0.511640,-0.260470,1.577491,5.535748
-0.879710,1.121844,0.836271,1.532539,0.664576,-1.113205,-0.413077,0.380842,0.960822
-0.256704,-1.792678,0.038648,-0.427502,-1.598799,1.293722,0.090558,1.150343,2.670820
-1.573128,-1.747557,-0.777897,-0.866321,0.079993,-1.263432,-1.499643,0.426861,5.586834
0.208392,1.425067,-0.364339,0.673472,-0.410559,-0.622368,0.986160,1.247660,-3.300305
-2.219429,-0.822771,0.569706,0.732065,-0.180065,0.616296,-0.061849,-0.296017,6.584240
-1.073263,1.280073,-0.647117,-0.152460,-0.543812,-0.814976,-0.887237,0.973062,1.521282
-0.057107,0.234387,0.484397,-1.824832,-0.079400,1.038275,-0.533138,0.656018,0.387334
0.157025,0.517048,-1.446308,-0.714665,-0.568784,-0.043337,-0.212745,0.975369,0.244745
1.304829,-0.231513,-0.483346,0.872930,-0.257456,-0.625001,0.825181,0.551506,-3.082967
-0.669798,0.240210,-0.663816,-1.147107,-0.444727,0.968957,-0.480392,0.674018,3.021342
-0.716203,-2.081479,-1.424021,-1.229324,0.887582,0.445724,1.004011,-0.264646,4.035165
1.649850,0.119474,-0.179791,0.385580,0.238570,-0.094796,-0.648992,-1.668146,-0.431297
-1.325234,0.150570,-0.551855,-0.938634,1.236034,-1.128870,-0.519842,-0.460622,2.813204
0.093476,0.100918,-1.615713,0.754724,-0.950123,0.502055,-1.626901,-0.161804,5.583066
1.236681,-0.395488,-0.475679,1.246052,0.016979,-0.775166,0.585991,-1.511051,-1.395935
-0.194431,-1.194194,0.468482,-1.758222,-1.093061,0.988686,-0.271725,0.074149,1.040800
-1.484848,-0.635910,1.136612,1.152354,-1.814692,0.075018,-0.043909,1.194549,2.225942
-0.196533,-1.687170,-0.307809,0.455646,-0.773634,-0.213396,-0.527006,0.741089,2.948585
-0.761864,-1.261553,-1.049302,-1.737931,1.179065,1.828577,-0.444073,-2.104635,7.752771
-0.483608,0.148349,0.735739,0.268643,1.037321,-0.914549,-0.057269,-0.820794,0.422823
0.979222,-0.372679,1.189126,-0.790255,-1.373667,-0.020559,-0.713318,0.523591,-3.073714
-0.364550,-0.095675,0.806147,-0.597092,1.163644,-0.206383,0.350365,-0.418189,-0.044328
0.815346,-0.336958,-0.985416,1.457608,-0.676051,1.234266,1.377158,-0.715203,1.125968
0.089300,-0.775736,0.212982,0.356960,-0.075168,-1.743477,-2.005702,-1.574118,2.274038
0.953048,-0.459161,-0.224830,0.453653,-0.005688,-0.500677,-0.864084,-0.782256,0.719115
0.711496,-0.710447,-0.611648,-0.710679,1.553284,0.191565,-1.052665,1.041081,2.617770
-1.258561,0.492822,0.124820,1.596620,0.273649,-0.165301,0.893552,-0.257086,2.383643
-0.017278,0.511549,-0.864111,0.099262,0.258609,0.048096,-0.889124,-1.411059,3.359768
0.379678,0.717653,0.569542,0.578579,-1.597670,-0.425766,-0.502181,1.386392,-2.268855
0.851262,-1.223197,-0.425651,-0.759638,-0.095480,-0.178914,-0.262933,1.229803,-0.468757
-0.261197,-0.010099,0.674598,0.034391,1.072234,-0.680561,1.765471,0.857884,-3.109076
-0.781187,0.089269,1.776862,-0.996674,-0.170617,-0.009229,-0.469334,-0.441093,-0.138210
-0.154517,0.089000,0.018005,0.578548,-1.080824,0.860887,-1.817803,0.754050,4.737788
-0.779732,-1.272718,0.889704,-0.313806,0.008337,-0.337676,0.589786,1.744446,-0.184835
-0.394861,1.244120,1.198362,0.954956,-0.454563,-1.798400,-0.631912,0.881063,-2.661749
-1.081853,0.311336,-0.899743,2.717379,0.744744,1.774419,-1.677256,1.572906,11.474366
0.849026,-1.171810,-0.708303,-1.061627,0.960294,-1.147589,-1.953773,0.581110,1.683608
-0.131162,0.344364,0.533067,-0.147346,2.384641,-0.784268,0.826995,-0.822859,-0.889892
-0.860281,0.663639,-1.459523,-1.199877,0.919427,-1.643219,1.516186,0.860858,-2.685848
-0.497432,0.959009,0.697267,-0.932300,0.263981,1.184858,0.544167,-0.320115,0.193164
0.367131,-1.310715,0.344984,0.585108,1.805299,1.317011,-0.456437,-0.428151,5.445972
-1.686429,-1.428886,-0.156381,-0.591085,-0.970899,-0.992511,0.393145,-0.636397,1.997872
0.918111,-0.685822,-0.548329,0.649041,-1.098287,-0.941098,-0.369028,-1.378266,-0.610394
2.699948,-1.026417,0.468038,-0.904461,0.041917,-1.089710,0.686498,1.532521,-8.339337
0.378860,-0.688443,-1.623436,-1.386396,-2.412566,0.199380,-0.290516,-0.790285,0.303963
0.446707,-0.932258,-0.622850,1.475887,-0.054651,1.886487,1.556446,-0.691345,3.154865
1.077333,-1.322308,-0.587216,-0.514833,-0.958448,-1.579873,-0.830881,-1.295959,-1.544983
0.062787,1.051637,-0.396744,-1.012892,-0.003064,0.727731,0.556201,-0.967943,-0.569011
-0.446068,0.034266,-1.995124,-0.432389,-0.487902,0.493498,-0.291350,-0.494000,4.279011
-0.951901,0.907227,-0.192411,1.717244,0.191256,-0.001360,-1.755358,0.597697,6.184543
-1.545473,-1.090602,-0.764302,0.899159,-0.577659,-0.834357,1.196557,1.769850,1.817808
-0.422543,-0.346755,-0.360396,0.210867,0.567914,0.372000,1.589245,0.329332,0.457959
-0.793853,0.291228,-0.743056,0.166024,1.195252,-3.201792,-1.492146,0.541570,0.898067
2.779792,-0.561924,-1.013686,0.675343,-1.726047,0.023142,0.828752,-1.484677,-4.573525
-2.912166,-1.413194,-0.694442,-0.079767,0.895538,-0.362206,0.028591,-0.273407,8.127125
0.156033,0.208335,-0.411140,0.816383,0.434442,-0.642865,-1.318630,0.456405,2.641678
-0.004403,-2.372912,-1.712756,0.439624,-0.032219,0.258830,-1.496984,-0.414548,8.026438
1.104001,-0.177145,0.417859,0.479517,-0.330901,-0.004426,-0.953290,0.272149,-0.174359
-1.685110,-0.543750,-0.932974,-0.554748,-0.413885,-0.836262,0.339833,1.001635,2.326074
-0.000860,-0.432198,-0.832743,-1.008276,-0.173937,-1.098276,0.075683,0.834799,-1.268989
-0.053188,0.419109,0.406954,1.749782,0.714934,-1.512576,-0.299687,-0.254631,0.218547
1.263477,0.729442,-0.457947,-0.860101,0.040567,-0.800357,-0.701033,1.342876,-3.384900
-0.614545,1.453885,-0.147741,-1.023329,0.242568,-2.063268,0.752351,-0.240831,-4.588329
-0.151116,0.297952,-2.676625,-0.731456,-1.283514,1.283956,-0.768362,0.129198,5.231567
-1.328137,-1.394707,-0.535554,-0.214848,0.540821,-1.072023,0.904194,-0.147235,2.049030
-0.472338,0.129050,1.611836,0.886225,-2.247499,-0.472905,-1.730442,0.749037,0.733654
0.084828,-0.991218,0.433922,-0.175045,0.551990,-1.387850,1.720137,-0.477390,-3.817811
0.676823,-0.483457,-0.737757,0.526626,0.819173,1.176034,-0.615385,0.310614,4.304446
0.194261,-0.528829,-0.692909,1.203410,-0.947427,2.573891,0.060424,-1.094305,6.173717
1.402921,-0.693232,0.671431,0.212787,0.945537,0.340494,-0.735886,0.428214,0.247519
1.407467,0.989921,-1.907852,-0.392891,0.757834,-0.514431,0.508133,2.197206,-3.013928
2.406981,-0.214846,-0.515470,0.509186,1.797979,-0.285230,-0.360498,-0.904078,-1.098373
1.009057,-0.319334,-0.144126,0.435109,0.144680,-0.796600,-0.408997,0.008597,-0.995090
0.363095,0.387471,0.068632,-0.393142,-0.635938,0.034978,0.787334,0.421379,-2.747479
0.243103,0.557775,0.264655,0.956986,0.399345,1.122372,0.723961,-0.693238,1.241485
2.111812,1.249999,0.373486,1.469535,-0.079627,-0.476377,0.050568,-1.664409,-3.993618
-1.177463,1.145116,-0.803083,0.821699,-0.865422,-1.259859,0.950146,0.415997,-0.800306
-0.303379,1.212944,0.326069,0.566161,-0.826859,0.804046,0.257490,-1.833862,1.040744
0.123700,0.705373,0.276760,-0.525819,0.818921,-1.205809,0.218824,-0.738535,-2.597541
0.361411,-0.353823,-0.220887,1.548151,0.366589,-0.288940,-0.664107,-0.411412,2.884987
1.515931,-0.939178,-2.351506,-1.090836,-0.319332,-1.635889,-0.441926,-0.571008,-1.726592
1.343191,1.562795,-0.019158,-1.246784,-0.860930,0.270397,0.264957,0.835989,-5.490323
0.814458,0.590496,-1.264553,-0.365915,-0.143558,0.032518,-0.085399,0.493487,-0.549200
0.654588,-1.161264,-0.825572,-0.437714,0.326614,1.742107,-1.750244,-0.067700,6.738141
0.480950,0.932766,-0.158546,-1.673930,-1.135118,-0.372002,-0.538818,0.597122,-3.185545
0.131449,0.653457,-0.317297,0.136202,-0.948347,0.142479,1.174728,-0.450303,-1.974719
-0.300057,-0.287350,-0.914859,0.594768,0.668089,-0.586100,0.745156,0.437285,1.189283
-0.478184,0.308854,1.499568,-0.129208,0.189710,0.214493,0.352125,1.737280,-1.221499
1.868229,1.159876,0.014606,0.425846,-0.580854,1.050011,-1.037115,-1.173192,-0.339460
-0.062667,0.334300,1.785787,0.713321,-0.837077,-1.164249,0.052838,0.965578,-3.794008
0.326777,0.860626,-2.182260,-0.004347,0.666225,-0.528600,1.506835,1.595943,-1.773613
-0.093159,0.831507,0.551619,-0.702518,-0.184478,-0.844317,-0.952760,-0.317929,-1.036817
-0.581217,0.511213,0.041809,-1.098572,0.549336,-0.959887,0.710670,-0.799295,-1.879564
0.368374,0.141666,0.874542,1.844425,-0.546317,1.626747,-0.750315,-1.363543,4.357802
1.051358,-1.610774,-0.726028,-0.867058,0.061641,0.716119,0.582965,1.181457,-0.254223
0.902932,-0.139226,-0.889685,0.036460,-1.176629,3.202978,-0.404136,-0.934350,5.212767
-0.261583,0.768831,-0.290660,-0.061774,-0.670073,1.918858,-1.668226,0.675224,5.742867
-1.038455,0.987718,-0.056990,1.197579,-1.515284,0.170375,0.276847,-1.611852,2.025728
0.731567,-0.597499,-1.842095,-1.008505,0.336161,-0.976910,0.353021,0.320686,-1.344583
0.314910,-0.843267,0.146319,-0.786329,0.257817,-0.044597,-1.040051,-1.162251,2.020529
0.143523,-0.555378,-0.996429,0.852102,-0.259046,0.870306,1.415298,-0.526952,1.705712
-1.315387,-0.598534,-0.487941,-0.484960,-1.126129,-0.604511,0.844530,0.537681,0.328730
-1.138431,-0.723803,2.189615,-1.165179,-0.205483,-1.002667,0.104772,0.522159,-2.261821
0.676684,1.669902,0.359740,-1.009301,0.378781,-1.295983,0.365811,-1.648691,-5.421871
0.359038,1.239320,0.254761,-0.496793,0.191051,1.107864,0.668980,1.512884,-1.693517
-1.081910,-0.203371,-0.370371,1.592722,-0.558172,0.511423,-0.037483,-0.983618,5.472461
0.679883,1.639383,-2.175812,1.441669,-0.346603,-0.497526,0.216972,0.693114,-0.071751
-1.585728,0.526481,0.177988,-1.708472,-1.540570,-0.013686,0.976184,0.428418,-1.662592
1.458431,-1.212753,0.930141,-0.289781,0.770091,-0.073231,0.327429,2.207660,-3.263809
0.544991,0.623047,0.667793,-0.969402,-0.233930,0.240955,-1.329835,1.001145,-0.565605
0.075277,1.583569,1.673558,0.527082,0.505705,-0.599802,-1.840768,-0.363898,0.175091
1.054977,0.170300,-0.896648,2.003317,1.587136,-1.150725,-1.252739,-0.139248,2.716733
0.463893,0.804092,-0.207947,0.515554,0.284857,-0.837814,1.014349,-0.164406,-2.934247
-0.110818,-1.189176,1.346065,-1.965545,0.252432,1.205869,-0.381812,-0.706297,1.369040
-1.201615,0.909452,1.544810,0.417851,0.579412,-0.184425,0.002219,0.395305,0.593353
0.262917,2.196563,1.453367,1.053551,-0.729946,2.205487,-0.500876,1.649073,0.699386
-0.655543,-1.059757,-1.200452,0.213593,-2.234511,0.224885,-0.668620,-0.081884,4.197588
-0.380715,0.574791,-1.716082,-1.628636,-0.733928,0.850864,1.636252,-1.462134,-0.295441
-0.659044,0.529342,-0.655652,0.323194,0.080353,-1.246951,-1.127564,-0.046491,2.363418
0.049158,1.182746,0.314216,-0.579019,1.404875,0.121621,0.167537,-0.679419,-0.449977
-0.047432,-0.070826,-0.194531,-1.142503,-0.713803,2.317277,0.732991,0.327213,1.636434
0.005846,0.248273,-0.282009,0.536312,-0.582424,-1.753815,1.036424,-0.694278,-3.441460
0.175170,-0.920822,-1.253497,0.843225,-0.759699,0.261082,0.329039,-0.643408,2.765811
-0.332156,-1.666814,-0.367673,-0.329056,1.207155,0.599455,-0.242361,2.609679,4.174554
-1.164878,-0.056318,1.247800,-0.881816,0.261056,1.209501,-0.649903,-0.829898,4.049125
-1.917560,-1.413481,2.370547,0.306310,0.441882,-0.786408,0.072211,-0.472560,2.205871
-0.399569,-1.334382,-0.434550,0.110691,0.457128,0.130583,-1.248776,0.565872,5.550877
-0.942286,0.934666,1.023748,-0.767818,1.051278,1.861044,0.556190,0.903876,2.174709
-0.444215,0.589078,-0.736688,-2.537599,-0.082444,0.026809,-0.168844,1.434082,-0.879818
1.077051,-0.319524,0.500246,0.773270,-0.494207,1.378591,-0.311186,-0.612168,1.526927
0.749496,0.748489,0.330266,1.321142,-0.764142,0.282552,0.100889,0.170285,-0.962045
-0.877038,0.782101,-0.330770,2.059390,-2.514641,2.159889,-0.508905,-0.553186,6.545852
0.613055,-1.171605,0.287446,0.443347,-0.970425,-0.717145,-1.474884,-0.432653,1.341322
1.308094,2.505864,-0.771427,1.387855,-0.821555,0.204640,2.261035,-1.616589,-5.470873
-2.050590,0.258834,-0.032261,0.650798,-0.483418,1.324009,-0.468176,0.711679,7.206903
-0.730954,1.381904,2.329682,-0.811566,0.797495,-0.533701,0.870203,-0.207903,-4.332026
1.580625,-1.236797,-1.138779,-1.518488,-0.985063,-0.850824,0.058008,-0.714158,-3.346753
-0.630261,-0.328142,-0.400264,-1.964774,0.363294,1.361515,-0.340394,-0.234694,3.599815
0.368347,0.021975,-0.361764,-1.090082,-0.517133,0.072332,0.738966,-0.702892,-2.090961
-2.477366,0.259250,-0.449321,-0.042442,0.576345,1.009372,0.212691,-0.267616,7.201896
0.104619,-1.587313,-0.217576,1.870493,2.178476,-0.351460,-0.245212,-0.510816,5.356819
2.399415,0.839062,0.727167,0.425228,-0.909698,0.656924,-0.408591,0.864033,-4.377298
-1.586102,-0.765660,1.026407,-0.978503,-0.513895,-0.070516,-0.545965,-0.453841,2.836350
-0.181677,0.794839,-0.074870,0.188725,-0.567134,-1.268250,-0.648301,1.293190,-1.384892
-0.530905,-0.705997,-0.899321,0.514790,-0.611367,-1.650459,0.121336,-0.396621,0.526447
1.591502,0.603371,0.075758,-2.006007,0.924381,-0.057922,-1.116925,0.186295,-2.690526
1.591398,0.106125,0.799516,1.007648,-1.390268,-0.704523,-0.697922,-0.803314,-3.149240
-0.854133,0.949381,-1.081438,-0.345964,1.040118,-1.916457,0.133992,-0.240623,-0.263260
-0.178300,-0.275791,0.547342,-0.296098,0.008999,1.011638,-0.556241,0.025499,2.758079
-0.341388,-2.235933,1.003346,0.297112,-0.731225,-1.258694,-0.601056,-0.248964,1.002114
-1.187359,-0.600941,-0.333153,1.932049,-0.099900,-1.489531,1.171522,-1.326705,1.610604
-0.574237,-1.509303,0.299629,-0.336025,0.573323,0.872337,-1.654200,0.575846,6.704861
1.137210,0.141441,-0.128731,0.744940,1.209564,-0.900510,2.770649,0.909363,-6.323078
0.214917,0.360730,0.750775,-0.755736,0.116520,-0.831198,-0.925565,0.671072,-1.537058
0.409281,0.621220,-0.506031,0.726387,0.282160,0.138499,0.004889,0.532224,0.720679
0.135817,-0.244800,-0.922140,-0.766898,0.969735,-1.805204,0.015241,0.757898,-1.603570
0.327825,-0.004806,1.228434,1.733617,0.619809,-1.365406,0.943313,-0.330913,-2.879678
0.580667,1.017194,1.522741,0.327829,-0.418001,0.196329,1.785550,1.125503,-6.113048
-1.321309,-0.140603,1.039796,-1.540808,-0.225269,-2.071490,0.761521,-0.528666,-3.919488
-1.614862,-0.938589,2.367981,2.457419,-1.126329,-1.515705,-1.361366,1.182057,2.928483
0.546382,-0.674829,-0.508351,0.012211,0.967866,-0.441994,0.306862,2.506811,-0.615904
-0.391124,-0.129989,0.740211,0.568067,-0.896429,-0.016923,-0.536423,0.892524,1.023241
1.018943,-1.050038,1.233983,-0.997840,0.041828,0.529197,0.027684,-0.028034,-1.938574
0.152966,0.558442,0.149141,-0.506069,1.181816,-1.367318,1.199172,-0.516342,-4.054313
-1.928892,0.689074,-0.525103,1.428273,-0.368962,-0.980722,1.012999,-0.617236,2.252539
-1.339978,0.312992,0.256633,-0.360669,1.636243,-0.210745,-1.934999,-0.147012,6.198290
-1.195421,0.108514,-0.454574,-0.002389,-0.232122,-0.155409,0.647676,-2.025833,2.359668
-0.821723,0.052941,1.215601,-0.996379,0.653318,-0.427163,-1.570029,1.565484,1.728512
-0.630939,0.832449,-2.595997,-1.785409,-1.021986,-1.057403,-2.329626,2.138347,2.996321
-1.237906,0.609656,0.964842,-0.153826,-0.023379,1.503605,-0.496434,0.033034,4.301929
-0.820295,-0.970505,-1.112521,-2.124682,-0.145347,0.560486,0.240557,0.644631,2.381043
0.091183,-1.603831,-0.159388,-0.057270,-0.234779,-0.312325,-0.066661,-0.877191,1.709950
1.262836,-1.123137,-2.585582,-1.507007,-0.988605,1.036607,-0.466612,0.671252,2.045857
-0.309809,0.603468,-0.488477,-1.279667,0.155080,0.915826,-0.337413,-1.035549,2.355944
-1.402198,1.445606,-0.608387,0.991032,0.847285,0.623565,-0.185882,0.241753,5.297112
-1.555225,0.294140,-0.614753,-0.755275,2.154162,0.267755,0.168521,-0.756252,5.076237
-0.478020,-0.297376,-0.101597,-0.528245,-2.507543,-0.466201,-1.518414,0.731808,1.142205
1.671919,-0.330377,-1.098563,0.075970,1.501492,0.948351,0.683766,-0.448124,0.517307
0.391112,-1.872916,0.636080,0.511115,-0.573383,0.070655,0.333209,-0.446043,0.559635
-0.469619,-1.304991,1.305835,-0.114052,0.187395,0.855407,0.325097,-0.213232,2.067703
1.594102,-0.064861,-0.670369,-1.146780,-0.650123,-0.213776,0.578073,-0.832082,-4.303821
0.314402,-0.853241,0.117005,0.568864,0.399253,0.525542,1.696833,-0.244823,-0.423922
0.049212,-0.346606,0.399784,0.076025,0.097351,0.577080,-0.826827,2.200108,2.116423
-0.102817,0.796067,-0.132974,-1.197805,0.494535,1.002224,-0.245454,1.030837,1.053152
-0.910775,0.778014,-0.657841,0.014342,1.104763,0.800285,-0.402597,0.389692,4.958335
1.436187,-0.228869,-0.249427,0.382119,0.654864,1.461950,1.549764,-0.222160,-1.015442
-0.044355,-1.095245,1.430630,-2.021861,0.162202,0.371314,-0.875729,0.944824,0.017724
0.210500,1.727035,-0.907099,1.002410,1.719595,0.114836,-0.104412,0.919859,1.858335
1.203884,0.337037,0.472756,0.415517,-1.016750,-0.551621,-1.622296,-0.564851,-0.959173
0.121993,-0.847959,-0.492200,0.144112,0.390262,0.632149,0.769389,-0.560525,1.998379
0.750281,-1.826965,-0.189037,0.549359,1.100586,1.414231,-0.076120,1.270832,4.230059
1.253563,-1.255032,1.000479,0.039724,1.111899,-0.821004,0.199707,2.312657,-3.288118
1.059490,-1.726540,0.216701,-0.131115,0.866885,1.233446,-1.240975,-1.343299,4.829223
-0.847676,-0.599402,-0.460632,-0.101377,-0.050658,0.672807,0.399438,1.596793,2.945567
0.906472,-0.925378,-0.066822,-1.883908,0.712909,-1.659357,-1.215797,-1.080570,-1.764801
-0.799533,-0.740493,-1.131588,1.229899,-1.038584,-1.066892,0.684551,0.139900,1.536130
0.692238,-0.137367,0.389709,0.209461,0.042500,-1.203398,1.515164,1.267375,-5.580852
-1.120097,-0.926562,2.254912,-0.231178,0.355302,-0.166783,-0.559237,-0.711499,1.899169
-0.056984,-0.034795,-0.106199,0.259523,-0.033591,0.040008,-0.057477,-1.772240,1.785451
-2.023425,-0.801776,0.242609,0.456167,-1.009821,0.048761,0.204122,1.441542,3.917384
-1.331994,1.746754,-0.154496,1.122624,0.542842,-0.190188,-1.292655,2.418487,4.143632
-1.036132,-0.758082,0.220274,0.339804,1.945841,0.725551,-0.301286,-0.970955,6.555988
1.073729,-0.580598,2.389814,0.055718,0.009149,0.474584,0.220861,1.645065,-3.639506
-0.005817,0.553398,1.297171,0.373200,-0.087191,0.092498,-0.159927,0.832888,-0.851446
-0.695286,0.221476,1.321125,0.575328,1.111658,0.326554,0.704008,-0.238806,0.964941
-0.249543,1.218029,0.206767,-0.746664,0.500288,-0.371899,0.245956,-0.439735,-1.453130
-0.630900,0.532038,0.998882,0.405925,0.962444,-0.308822,-1.659814,-1.197137,3.816405
0.981916,-1.045438,-0.608366,-0.103295,0.755583,0.141563,0.065895,-0.601148,1.002551
2.337546,1.849299,0.971442,-0.523349,-1.640941,0.328705,-2.298086,0.835268,-4.222900
-0.705185,-1.296777,0.159919,-0.243817,0.616465,0.903959,2.905137,1.192135,-0.647645
1.597011,1.332153,-1.221164,0.462757,0.105471,-1.886323,0.806337,-0.037008,-5.979189
0.334006,-0.094376,0.828609,1.714436,-0.619509,-0.675649,1.155886,-0.680028,-2.471317
0.154322,1.464746,-0.421861,1.218695,-1.297517,0.856317,-1.302100,1.983801,2.543608
2.887364,-1.497138,0.188703,0.672622,-1.464022,-1.390911,1.677175,1.200307,-9.575247
-0.577130,1.428303,-0.541107,-0.323077,-1.958392,-1.995853,0.218802,0.963003,-4.452312
1.059002,-1.868519,0.264462,0.296093,3.209377,0.271027,1.266829,-0.348036,0.973360
0.682339,-0.414968,-1.601131,0.047197,0.596193,-0.284702,-0.030210,-1.281314,1.841315
0.993141,1.657998,-2.060944,0.056045,1.393261,0.975093,-1.095481,-0.837901,4.135214
1.299358,0.853387,2.523115,-0.142307,-0.098406,0.662193,1.208357,1.198798,-6.965509
-0.493530,0.979532,-0.407716,-0.848234,0.958590,1.633088,1.206505,0.504366,1.301744
1.455802,1.461217,0.391188,0.374045,1.528086,0.237083,-1.174074,-0.718946,0.057999
-0.385406,-0.069082,0.845603,0.344435,1.294967,-0.375877,-1.023047,0.672715,2.572535
1.426146,-0.205894,-0.063493,0.076144,0.949872,-0.962718,0.116972,1.467058,-3.409195
0.294269,1.013964,0.727541,-1.960348,1.518241,-0.495629,-0.285561,-0.596432,-2.558717
0.201076,-0.268705,2.244323,0.338913,-0.254990,0.212489,0.390522,0.121244,-2.187456
-0.477577,-0.827331,-1.444604,0.770766,0.443911,0.341787,0.170914,-0.562028,5.264382
-0.037953,0.761759,0.186640,-1.385196,-0.545571,-0.049048,0.617447,0.379547,-3.095296
0.476416,-1.455065,-0.109861,0.684764,1.837175,-0.488622,-0.838304,-0.290838,3.732007
-1.037028,-2.218223,1.583084,-0.960488,0.685833,-0.911088,0.763240,2.190639,-0.991779
0.348974,-0.040198,0.514925,-1.072725,-2.147502,-1.374909,0.296427,-0.715039,-5.632268
0.771721,-0.552985,-0.425914,0.951092,-0.409031,-0.321033,2.772538,1.343630,-4.931268
-0.597280,0.686713,0.091101,1.404603,0.790809,-0.658763,0.493738,-0.358486,1.126180
-1.860644,-1.973744,0.040482,0.239445,0.288720,0.723683,1.046560,0.938783,5.326661
-0.656548,0.823001,2.051283,-0.285751,-0.234853,0.614646,-0.873190,0.744331,0.535114
0.202648,1.296772,1.185916,0.537435,0.086270,0.623451,-0.974893,1.468211,0.290534
-0.437047,-0.670652,-0.761328,-0.444108,0.131407,-0.993316,0.926530,-0.753014,-0.337222
0.732723,-1.067826,0.340077,-0.495975,0.248493,0.589413,-1.270957,-1.119091,2.826648
1.515489,-0.453238,2.511044,0.526517,-1.572086,-1.407512,0.670937,-1.148387,-8.280489
1.440204,-1.493515,1.560948,0.787766,0.052839,0.303460,-0.064239,1.361474,-1.667001
-0.108734,-0.421947,0.000843,-0.783714,1.345490,-1.220788,-0.816616,-0.589131,0.890296
1.306854,-0.831126,0.571601,0.993394,-1.359809,0.181260,0.443248,0.827449,-2.514660
0.331506,-0.180214,-0.766311,-0.565014,0.466383,0.506471,0.898386,1.970325,-0.656949
-0.168745,0.130435,0.539069,0.701806,-0.359933,1.184352,1.394577,0.058861,0.069935
1.150816,-1.056380,-0.479164,0.196031,-1.586862,1.753599,-0.332561,0.631995,2.107921
1.936381,-0.284955,-0.370668,0.844207,-1.320539,-0.564811,0.969368,1.266852,-5.475238
0.419232,1.379025,0.590499,2.561918,-0.199376,-0.675449,0.191415,-0.558282,-1.057595
-1.544194,1.986987,-1.033555,0.244590,0.758531,0.576333,-1.521055,-0.554219,7.223923
0.577448,0.360346,-1.198529,-1.612613,1.912480,2.380396,0.486306,-0.410448,3.286131
0.383908,0.659784,-0.355766,-0.416515,-2.495900,0.535915,0.323761,-0.520513,-1.980938
1.340115,-0.496645,-1.108327,0.179700,0.587047,-1.480815,0.571529,1.684294,-3.532639
-0.233823,0.896449,0.456017,1.033985,1.384598,0.057307,0.710427,-1.046014,0.926351
0.857843,0.181830,-0.332704,-0.245244,-0.537547,-0.803631,-0.691376,1.074163,-1.978727
-0.269415,0.518668,-0.103989,-0.884259,-0.748495,1.321557,2.489787,0.306338,-2.774106
-0.169625,0.638698,0.561830,-0.747380,-0.180752,0.730333,0.767012,0.712680,-1.427946
1.037631,0.084058,0.537625,-0.013405,0.016446,0.278938,-0.032205,-1.226594,-1.103484
0.038400,-0.732843,-1.326426,1.024008,-0.996642,0.357969,1.045356,0.457196,1.507312
1.695527,-0.207586,1.578462,1.946215,1.340718,0.256942,1.084910,-1.137993,-2.460619
1.029918,0.852237,-0.620398,-0.961416,0.842174,-0.123601,-0.844979,0.015779,-0.497170
-0.021516,0.807613,-0.040903,2.392297,-0.822497,0.684489,-0.097480,1.113054,2.547552
0.240550,-0.406428,1.576769,-0.434125,-0.148083,-0.059146,-0.442839,-0.463264,-0.995763
1.773115,-0.633698,0.040895,0.074340,0.308206,0.326532,-0.551850,0.678584,-0.717750
0.156196,0.476799,-1.297347,1.026985,-0.141392,-0.207110,-1.709174,1.369336,4.277206
-0.249770,-0.932506,-0.494291,-1.462600,1.189380,1.318036,-0.296616,-0.101918,4.402385
-0.025459,1.437724,-0.144057,-0.480740,-0.551976,1.444795,-0.779758,1.872070,1.569664
-1.124344,3.058761,0.417036,0.810367,0.456471,-0.483857,-1.129415,1.295235,1.366106
1.152485,0.303123,-1.818085,-0.642208,1.379553,0.566591,-0.960476,-0.360324,3.003312
0.126846,0.257564,0.942959,0.537509,-0.190407,-0.038216,0.057955,0.764625,-0.892020
-0.405592,-1.747479,-0.375036,1.685927,0.074125,-1.872230,0.346334,-1.629908,2.000211
0.503872,-0.697701,0.509199,-0.364646,0.704295,-0.036966,0.860461,-0.236684,-1.603292
-0.781503,-0.161770,-1.337081,0.372909,0.806191,0.347200,-1.239971,-1.016070,7.520762
-2.306485,-1.666574,1.284432,0.795599,0.662805,-2.943105,0.209063,-0.679860,1.466939
-1.629384,-2.613752,0.537243,-0.709160,0.269743,0.162079,-1.506770,0.845575,7.436326
-2.644803,-0.850030,1.526926,-2.133372,-1.990268,-0.943281,1.630735,0.407535,-3.016021
-1.016628,0.617075,-0.140946,0.111523,-0.661360,-0.339983,-1.301040,-0.088808,3.376473
-0.794229,-0.070135,-1.514472,0.682402,0.815354,0.867222,-1.064065,-0.565682,8.296968
-0.483055,-0.869923,-2.076489,-0.414482,2.117567,-0.099278,-1.656631,-0.159091,8.228390
0.036605,-1.141622,1.440834,-1.288776,0.329822,0.336715,0.742210,-0.495167,-1.621526
0.195195,0.402012,-1.902339,0.362370,1.458562,-0.023790,-2.066968,-0.920651,6.877613
0.582087,0.755642,-1.495910,-1.872221,0.768175,-0.919350,-0.469360,-0.037027,-1.449558
-0.764855,0.124386,1.302939,-0.591844,0.453592,-0.506827,-2.068904,0.090215,2.812525
0.106798,1.326302,-2.095553,-1.858659,1.401165,-1.937402,-0.478703,-0.690057,-1.328443
1.098750,1.190998,-0.857844,0.587594,-0.629294,1.975335,1.640826,-1.260138,-0.739949
0.779936,-1.454451,0.942674,1.075200,0.732446,-0.365971,0.190312,1.700273,-0.467085
-2.778366,0.770853,0.630600,1.499532,-0.630167,0.004255,1.316716,0.599728,3.044870
-0.684393,-0.575101,-1.101809,-1.125244,-0.304068,-0.137733,0.596035,-1.442159,1.518125
-0.464695,-0.867893,-0.034272,-0.709552,-0.032939,-0.421498,-0.789236,-0.899951,2.411803
1.023829,0.497931,-0.679768,1.735026,1.501377,-0.085157,-2.486448,0.175175,5.580108
3.227141,-0.261768,-0.370746,-0.433784,-1.032687,0.428245,-0.117729,1.252387,-5.626532
0.510575,1.372152,-0.045444,-0.056301,-0.700270,-0.034616,-0.490299,-0.285276,-1.274542
1.491527,-0.072058,0.149345,0.845047,-0.580602,-0.776265,-0.478172,0.862577,-2.697608
0.160220,-1.605793,0.274580,1.679515,2.238965,-0.544894,-0.405897,-0.912329,4.684805
1.043629,-0.579778,1.373710,-0.245183,0.439330,-0.416613,-0.406624,-0.275508,-2.250648
0.334436,0.402480,-0.129285,1.148656,-0.462600,1.711275,-0.125159,0.228549,3.284759
0.938789,-1.041564,1.135394,0.291569,-0.024432,0.271886,-0.030955,-0.955842,-0.481143
0.931199,0.464511,-0.854225,2.190915,0.343455,-1.241142,0.546443,-1.706530,-0.662937
0.379858,-0.718698,-0.238584,-0.230773,-0.377501,-0.754339,-0.854196,-0.193493,0.462987
0.487817,-0.740207,-0.942026,0.389510,0.505443,-0.338292,1.636167,2.235029,-1.909716
-1.177403,-0.641835,-0.703771,-0.297388,0.999208,-0.256061,-0.710883,0.769924,5.109892
-1.247742,1.333457,-0.482716,0.759485,0.719042,0.728769,-0.290790,-1.017416,5.373101
0.002016,-1.746162,-0.435888,-0.670661,1.644978,0.060945,0.539195,-2.469862,3.190638
-1.201098,-0.626879,-0.150242,1.856361,1.181039,0.266844,-0.640177,-1.753265,8.145350
0.570328,-0.984913,-1.566938,1.590498,1.975505,0.990095,-0.821260,0.615221,7.783502
0.759787,1.041164,-0.639346,0.643176,0.464038,0.068614,0.040056,-0.272142,-0.121263
-1.744165,1.580741,0.237725,1.449199,-0.409348,0.158323,0.299673,-0.591209,3.187950
-0.094605,0.241876,-1.046804,0.441918,0.254796,0.422252,0.161636,0.356916,2.515634
-1.225821,0.056920,-1.844758,-1.207745,-0.747079,0.872257,-1.392188,1.232935,6.584922
0.283933,-1.341464,1.481642,1.265038,0.183748,1.129410,1.207814,1.893084,0.112668
0.088526,-1.935372,-0.755396,-1.450279,-0.099552,-0.761287,0.276940,-0.319831,-0.021878
-0.287807,1.248031,-1.246791,0.070615,1.353689,-1.132268,1.800346,-1.476765,-1.873866
0.249611,0.796809,1.234540,0.804474,-1.450466,0.400779,0.065523,1.045855,-2.071882
-0.292264,-0.153388,-0.265080,1.002644,-1.033354,0.575842,-0.737061,1.468301,3.418433
1.015845,0.581928,-0.860433,-0.069935,-0.185466,-1.686665,0.838321,-0.055720,-5.125288
-1.550683,-1.602741,0.623947,-0.002651,-1.065777,0.266291,-0.742103,0.162083,4.984158
0.070813,-0.073671,1.076866,0.574702,-1.439272,-0.123754,0.866240,-1.693754,-2.255664
1.008583,0.347850,0.865167,1.076840,-1.099724,-0.000851,1.105718,-0.596346,-3.996029
1.005841,0.152896,-0.519378,0.162703,-0.539116,-1.296234,0.928719,-0.443712,-4.653355
-0.048230,1.071713,0.660282,0.005434,-1.438602,0.066107,0.242786,-0.093478,-2.386346
1.034584,-0.140585,-0.038696,0.461345,1.459232,0.986864,-0.229101,-0.386910,2.329727
1.305862,-1.391563,-0.366677,-0.421099,-0.565132,-0.322973,0.442387,0.432550,-2.432705
-0.778259,-0.887048,-0.329749,1.485128,-0.159412,-0.239994,1.894293,0.109267,0.931014
-2.182920,-1.669868,-0.730620,-0.270150,1.068595,0.133089,0.455738,-0.211099,7.098324
0.008872,-0.164927,-0.997867,0.323513,-0.335006,0.547102,1.003373,-0.953106,1.296766
1.763240,0.632480,0.668595,0.256080,-1.121552,0.574580,-0.754832,0.774142,-2.801790
1.066261,-0.498088,-0.668772,0.287862,0.165966,0.432678,-0.070075,1.163689,0.512183
1.501920,0.004754,0.449600,0.149202,-0.891666,-0.322713,-0.022676,-0.152538,-3.664020
0.275100,-0.275228,1.098848,-0.902252,-2.124328,0.193265,1.502772,0.186240,-5.508274
0.613417,-0.039532,0.917590,-0.655979,1.459123,-0.998777,-1.425716,0.240795,-0.496944
-1.295707,0.574884,-0.694066,0.168895,1.341563,-0.870082,1.810744,1.655809,-0.501637
-0.046759,1.689007,-0.560806,0.808173,-0.602814,-1.244345,-0.074749,-1.485052,-1.258296
0.701548,-0.404115,0.276632,0.122944,-0.677748,-0.616846,2.298976,0.448256,-6.081606
1.783088,1.177948,0.422931,1.023851,0.266356,-1.351185,0.137385,1.074987,-5.958050
0.769354,-0.091085,-1.715713,-0.421609,-1.004034,-1.613153,-0.345428,1.384349,-2.473097
1.228617,0.037054,-0.945857,1.420302,0.396528,-1.032969,-0.250916,-0.179216,-0.316393
0.637712,-0.199073,-1.188522,0.702348,0.379484,-0.916539,-0.780555,0.443949,1.576705
-0.528294,0.863202,-0.063016,0.297313,-0.472654,0.605525,-0.626516,1.127833,2.387067
-0.501710,0.397350,0.882358,0.022932,0.560015,-1.247763,0.481625,0.407914,-2.272310
-0.122890,-0.318989,-0.291499,-0.919392,-0.134396,-0.358949,-1.004169,-0.219377,1.547690
0.548317,-3.098522,-1.091471,-0.308041,0.638848,0.375805,0.644149,0.477987,3.003133
-0.685963,-0.000345,0.460451,-0.999055,-0.496136,-1.363183,-0.682442,-1.829633,-0.299325
0.088133,0.423646,-0.374679,0.493859,-0.609138,-1.489302,2.157292,-2.320450,-4.712113
1.950363,0.106129,-0.538936,1.791548,0.531713,-1.083019,0.860213,-0.764445,-3.431908
-1.931073,-0.109180,-0.540217,1.550742,0.662266,-0.531987,2.617213,-0.054651,1.796917
-0.160075,0.837973,0.619013,0.019141,0.014506,1.102805,1.270639,0.969010,-1.155195
-0.739003,2.050337,-0.172172,0.926885,0.514150,-1.135092,0.306611,-1.774024,-0.205741
-0.311005,0.463010,0.311925,-0.549429,-2.255434,0.795807,-2.017994,0.982991,2.479421
-0.160782,-1.056150,-0.667281,-1.094249,0.273462,-0.239645,0.861222,-0.054980,-0.016319
-0.105510,0.363926,-0.085613,0.488100,-2.508802,-2.085482,-0.230577,-1.299142,-3.283240
-0.646610,2.229550,-0.073979,-0.924749,-2.390591,-1.414925,0.612670,-1.527802,-5.324103
1.315945,-0.100480,-0.015606,2.126708,-0.233739,-0.023477,0.462016,0.663490,-0.955170
-0.115972,-0.376529,1.308100,-1.554432,0.830142,-0.294304,0.407910,2.138798,-3.110401
-1.520182,0.970245,0.349551,0.402072,1.772520,-0.951433,2.206254,0.907411,-1.673637
0.316223,-0.389385,0.655704,0.855966,0.164712,0.109721,0.969567,0.358862,-1.015097
-0.555343,-0.635249,0.008372,0.692417,-1.394333,0.552130,0.794270,-2.065538,2.020020
-2.135415,0.942301,0.424794,-0.486116,-0.657718,-1.961374,0.548933,-1.732798,-1.021900
0.145095,-0.448467,-0.483471,-0.486784,-0.369622,-1.102782,0.733941,-1.045187,-2.201024
0.124093,0.958377,0.294744,1.365286,0.723698,-0.421428,1.330867,-1.197912,-1.553822
-0.667659,0.653473,-0.871155,1.680826,2.022096,1.110084,0.996878,1.691624,4.774645
-0.564144,1.509401,1.813153,1.047263,-0.620503,-1.030972,-0.266743,2.200974,-3.018759
0.695735,-1.190359,-1.742946,1.439802,-1.332518,-1.043305,0.531703,1.053376,-0.144688
1.277624,-0.804577,-0.167230,0.663382,-0.596595,0.390597,0.112033,0.278723,-0.340549
0.491545,-1.145930,0.745094,-0.823537,0.444054,-1.616427,0.819225,1.438081,-4.943758
-0.336617,-0.893849,0.402975,-0.767256,0.323591,0.539685,-2.238772,-0.008107,5.543831
1.578002,1.816964,-0.510796,-1.657530,0.217777,0.513422,-0.949101,0.226167,-2.584229
0.135554,3.193210,0.126309,-1.276019,0.135868,0.523742,-0.936424,1.445358,-1.867007
-1.233418,0.819110,0.099556,0.701283,-0.598546,-0.702832,1.151699,-1.225107,-0.253639
-0.426446,-0.908162,0.112765,-0.583820,0.296166,-1.159225,-1.603448,0.653198,2.300071
-1.052099,-1.344399,0.841183,0.308437,-0.501374,0.793816,-0.606342,-0.353524,5.210726
-0.621364,0.260910,1.397600,0.277041,-0.544450,-1.270395,1.884805,-2.086866,-4.586701
-0.227318,0.552003,-0.048779,1.696927,0.881853,-0.162724,-1.144954,1.861794,3.750480
-0.213917,-0.217960,-0.675979,-0.961811,-0.519724,0.954654,-0.560518,0.455479,2.918680
-2.296001,1.346794,-2.416149,-0.579055,-0.841956,1.021860,-1.296588,-1.520658,9.402370
0.847815,0.107126,0.990108,0.465867,-1.980406,-0.104244,0.097752,0.787366,-3.784829
-1.014701,-1.879249,-0.025843,-1.062029,-0.016652,-0.681296,-0.333377,-1.357595,3.164145
0.656259,-0.283088,1.328124,-0.670388,0.895809,-0.090069,-0.225301,-0.566397,-1.542110
0.792534,1.278481,-0.063998,0.863784,0.808536,-1.268664,-0.107053,0.580032,-2.642542
1.143628,1.258342,0.191443,-0.154683,0.313099,1.098742,1.152119,0.383872,-3.061194
-0.215281,-0.111264,1.183537,1.074603,-0.436947,-0.012508,0.032214,-0.556255,0.572664
0.925266,-0.315080,-0.101771,0.976661,-0.796735,0.279050,-0.003136,-1.117288,0.241114
-0.467541,0.523815,-1.837939,0.508588,0.328008,0.962514,1.408910,0.188572,2.816973
0.186541,0.040752,-0.381273,-0.410144,0.889376,-1.142662,-0.923167,-1.044028,0.945193
-1.863412,-1.045346,-0.707063,0.930065,-1.250433,-0.572613,-0.659344,0.694626,5.826037
-0.559872,-0.908834,-1.227043,-0.974531,0.840594,-0.733024,-0.795898,-0.296334,3.773058
1.475420,-1.219144,1.023845,-0.768015,-1.695473,-1.679898,-0.196059,-0.492283,-6.300023
-1.698653,1.443446,1.823031,1.982335,-0.750426,0.213055,-1.423806,-1.726806,5.038086
1.294134,0.652301,0.306570,0.211971,-0.440304,-0.463900,-0.666314,2.078692,-3.292847
0.084787,-0.149174,0.318728,0.497740,1.693729,-0.577820,-0.974398,-1.051844,2.923861
-0.050996,0.670745,-1.720564,-0.139664,1.548016,1.907468,0.608318,1.496534,4.422606
-0.679756,-0.072645,-0.432180,1.522444,2.709780,0.591104,-0.568848,-0.051100,7.600811
0.529250,1.638492,0.148269,1.429540,0.058024,-0.203054,-0.002012,0.622280,-1.222222
-1.819249,0.770701,-0.551276,0.290583,-0.525022,-0.865016,0.119257,-1.426091,2.693597
-0.371791,1.805986,-0.595077,-0.478481,1.440798,1.661332,0.048370,0.576029,3.207796
0.121121,-1.267607,-0.444599,1.674862,-0.488741,0.242256,0.813706,2.679879,1.366420
-0.088887,1.178038,-0.252768,0.279937,0.379335,1.664547,-1.095823,-1.074181,5.277713
-0.660411,-0.553678,0.322716,0.125254,1.845834,0.371320,0.331426,0.593427,3.230957
1.321416,0.796263,0.119547,0.400345,0.072140,0.434057,-0.714710,-0.466673,-0.296860
0.297300,0.307408,-0.098203,-1.177131,-0.342275,0.883883,0.417524,-1.550882,-0.301591
0.273164,0.417469,-1.349346,-0.658717,0.184211,-0.199003,0.844897,1.227896,-1.409805
0.933352,-1.705710,-0.695103,0.289095,1.041240,0.979740,1.377488,1.028447,0.990411
-3.088373,0.212700,1.555480,-0.258408,-0.126557,-0.356953,-0.150324,0.014922,3.818816
-1.268245,0.359008,-0.254298,0.890325,0.786435,0.066197,-0.825944,-0.867025,6.153643
1.220181,1.035713,0.042643,-0.211111,0.575022,-0.492027,0.747795,-0.229098,-4.476934
0.175302,-0.768497,0.033373,-1.701809,-0.206722,-1.051261,1.548089,-0.922519,-4.794239
-0.272034,-0.901478,0.704992,-0.855868,0.279629,1.847587,0.025388,-0.684243,3.488629
1.169873,-1.329009,-2.157684,-0.399737,-0.009618,-1.127323,-1.600234,-0.060742,2.343874
-0.837932,1.921185,0.086799,-2.738349,2.441538,-0.449163,0.079433,-1.302760,-1.030971
1.183151,0.937159,0.373959,-0.161092,0.039579,-0.675124,-0.451459,1.708728,-3.970065
0.985711,-0.201884,-1.573656,-1.214268,1.111359,1.291751,0.220737,1.090020,1.590571
0.087497,-0.509778,-1.104648,0.231084,0.012939,-2.209388,0.062799,-0.048081,-1.238109
-0.666114,0.361546,0.146839,0.681056,1.640623,0.319603,-0.647121,1.053846,4.339685
0.046736,-0.513244,-1.449685,-1.322821,-0.448816,-0.434865,-0.607247,-0.826797,1.616549
0.628931,-0.981066,1.223302,1.519885,-0.567306,1.113013,-0.538367,-1.423456,2.964840
-0.282724,-0.132904,0.861974,0.472847,-0.501843,0.256324,-2.103819,1.674859,3.683295
2.186258,-0.505224,-0.596277,-0.072969,0.006585,-1.057576,-2.110685,-0.579713,-0.591607
-0.342863,-1.022927,0.779359,-0.370922,-0.420227,0.011021,0.184820,-0.037260,0.379051
-0.031897,0.950992,-0.392225,0.969217,0.369795,-1.148829,-0.179893,-2.392244,0.612153
0.994166,-0.429407,0.024054,0.698332,0.172727,-0.887440,0.243565,0.528566,-2.101279
-0.411695,0.300555,-0.533626,0.658830,-0.483296,-0.039170,0.125436,-0.753532,1.955704
0.515178,-1.506705,-0.428004,-0.374824,-1.512572,0.301875,-0.244561,-0.486720,1.008544
-0.781792,2.092149,1.303590,-1.580866,1.070111,0.554837,0.833312,1.437477,-2.932697
0.124728,-0.754592,1.192602,-0.673726,0.640009,-0.084759,1.642765,-0.752882,-3.117797
-0.767497,-0.031639,1.014843,-1.409930,0.410230,-0.598559,-2.857865,0.887515,3.394503
-0.622927,1.077711,-1.047202,-0.587650,-0.640814,1.937189,-0.098921,-0.625659,4.360581
-0.118530,0.061344,1.949912,-0.092247,2.081754,1.371502,-0.337546,-0.426954,2.767043
0.012375,0.223783,1.195396,0.348094,-1.074498,-0.055442,0.515371,1.603651,-2.802723
1.060390,-0.230700,0.474162,-0.490610,0.215010,-0.693586,-1.183228,1.297882,-1.562858
0.449518,0.739536,-1.202872,1.750641,0.237673,0.084624,0.229068,-0.275715,1.970380
-1.863966,1.243134,-0.802678,0.961489,0.933284,0.436546,-0.271000,-0.726462,6.864693
-1.085436,0.796273,0.096836,-0.750324,-0.131876,-0.279312,2.006807,1.776939,-3.337660
1.497957,0.324237,0.539244,1.021876,-1.426980,-0.676009,-1.813282,-0.944119,-0.923854
1.284145,-0.778662,-0.521473,-0.363483,1.622117,-0.803264,0.391972,0.271588,-1.777870
-0.078787,-1.542677,0.850352,-1.293307,-0.648296,0.849710,-0.599913,0.096367,1.774438
0.007560,-1.985508,1.175809,1.603604,-1.343787,-0.073253,-0.364671,0.676111,1.870232
-0.454192,1.236330,0.319659,-1.512164,-0.267720,0.579062,-0.192956,0.461366,-0.611391
0.373295,0.082180,0.589450,-0.289143,1.597512,-1.251601,-0.984000,-0.586195,-0.246958
0.417353,0.124623,1.270543,0.102076,0.488196,-0.172500,-0.192750,-0.794125,-1.046938
-0.906552,1.562214,-0.485560,0.131032,1.965900,1.219088,-1.235175,0.787841,6.616875
-0.307898,1.518387,0.373065,-0.492433,-0.391955,-1.368805,0.576608,-0.479781,-4.349184
-1.679499,0.483347,-2.031523,0.522783,-0.421870,0.139185,0.592313,-1.102950,5.331137
-0.645989,0.788907,-3.171816,0.160712,0.483983,0.482128,0.901421,-0.508144,4.488261
0.711278,-1.516690,0.426777,0.342581,0.235522,-0.524283,-0.058390,-0.384416,-0.159936
1.027851,-1.718430,2.456050,-0.628404,-0.550484,-1.082668,-0.322660,-0.217853,-4.649309
-0.062719,-0.070805,-0.502514,0.502733,-0.035292,-0.317236,0.962001,-0.045421,-0.246476
0.406275,0.229124,-1.029796,-0.587587,1.217863,0.485292,-0.555294,0.644070,2.497443
-0.842187,0.602773,-0.339748,-0.196916,-1.702133,-1.251301,-0.127652,-0.525301,-1.022631
-0.182736,-0.720123,1.487249,-0.000104,1.258671,-0.236104,0.854206,-1.369053,-0.574810
0.087949,-1.941460,-0.773162,-0.614139,-0.675126,1.082238,2.046537,0.921366,0.033703
-0.182657,-1.259234,2.585580,0.506611,0.031759,-1.020464,-1.194655,-0.578302,0.174881
-0.975704,-0.168969,0.104371,-0.914306,-0.241764,-0.130795,-0.661338,1.877289,1.709225
-0.572585,-0.753572,0.790506,0.331387,0.074497,-1.484429,0.319974,0.356554,-1.173255
-1.840162,1.180070,2.921993,-1.860343,0.326049,-0.008905,-1.923577,0.306351,1.298309
0.030704,1.211518,1.311284,0.526534,0.011840,-1.038607,-0.385177,-1.654406,-2.011339
-2.366544,0.043055,0.269606,0.555528,-1.689901,-0.352566,-1.251644,0.923359,5.235879
-0.114395,0.787372,0.870097,1.272565,-1.470366,0.634157,-1.936592,-0.507946,3.649263
-0.251168,-0.294957,0.187586,-0.811198,0.129673,1.196072,-1.383050,-0.852907,4.877911
-0.899348,0.443599,-0.192127,-0.388968,-0.482145,-0.341501,2.805952,2.119557,-4.470189
1.127634,-1.163929,1.601482,0.228041,-0.615566,-0.267937,0.460658,0.379701,-3.803999
0.993736,-0.157593,0.714406,-0.037311,0.401106,1.889391,-1.888552,1.583650,3.857299
0.613672,2.208953,-1.101062,0.024350,0.140457,1.427185,-0.899185,1.112518,2.122068
0.122147,-0.762660,0.108048,-1.620233,0.061009,0.421085,-0.560675,-0.052788,1.039600
0.898544,-0.032312,-0.957597,1.108637,1.110650,0.521044,1.607238,-2.553767,0.668028
1.656627,0.678269,1.108976,-1.733893,-1.832670,1.341382,-1.936708,1.260114,-2.432730
1.093755,0.383559,3.122636,0.847226,0.896751,-0.619517,0.799170,0.250712,-6.343060
0.065782,0.544870,0.446921,-1.913216,0.288784,1.469476,0.650241,1.535288,-1.403123
0.258939,0.584485,-1.478598,0.734075,-1.450781,-0.073390,-0.322432,-1.276026,1.644111
0.426300,0.532623,0.241896,-0.103586,-0.006522,-0.149545,0.236004,0.689505,-1.936273
-1.511335,-0.837086,-0.917114,0.255929,-0.638214,-0.194764,0.989513,0.041758,3.014708
-0.736603,0.889861,-2.158808,-0.663025,-0.085441,0.698118,0.980793,0.722310,2.091031
-1.360863,0.026252,-1.524122,1.846315,1.600561,-0.889508,-0.427939,2.735721,6.156341
-0.581548,-0.602633,0.523667,-0.779468,-0.611273,1.787152,0.591165,0.753091,2.015936
-1.074469,0.239770,1.371675,0.454484,0.690390,-0.701719,1.416385,-0.752680,-1.463054
-1.835876,-2.451341,-0.972022,-0.730147,-0.439438,0.513473,-0.080761,-0.527653,7.464987
-0.034617,0.090662,-0.263241,-1.099004,-0.833068,-1.730255,-1.380649,-0.535246,-1.115092
0.138878,0.674734,-0.074893,-0.201584,0.683494,1.155407,-0.928402,0.938597,3.056217
-2.291001,0.515047,-1.660521,-0.677978,-1.463032,0.106506,0.110275,-1.883301,5.223294
-0.103681,-1.214067,-1.105965,-1.301470,-0.908244,0.631761,1.165500,-0.069894,0.186410
0.366223,0.623552,-1.154114,-0.737505,-0.149795,-0.876973,-0.344123,-1.572336,-0.610867
1.224901,0.007463,0.223009,0.517113,-0.597289,0.115096,0.743205,0.562873,-3.177214
-0.743142,-0.370149,-0.749654,-2.617195,-1.287476,0.188731,1.347455,-1.672585,-1.734532
-0.162674,0.649987,-0.811184,-0.338288,-0.038371,-1.034402,-1.354478,0.581294,1.253287
0.290182,1.084666,0.415383,0.558348,0.111286,0.106524,-0.142486,1.097858,-0.691017
-0.661725,0.135984,-0.335084,-0.623182,-0.027006,-0.605395,-0.130036,-1.456723,1.097741
0.385004,0.283388,-0.540721,-0.104141,-0.812605,-0.789346,-0.024767,0.629034,-1.760794
-0.891084,0.446408,0.383078,-1.260751,0.141269,0.030076,-1.012266,-0.319897,2.136704
-1.583414,-0.009480,-0.682625,0.365762,-0.448648,-0.829601,2.113088,-1.618342,0.099806
1.063932,-0.919511,0.363121,1.065006,-0.593428,0.741637,0.406445,-0.162565,0.181173
-0.092576,0.317999,-1.347211,0.656928,0.096482,0.849859,0.591149,1.479846,2.479298
-0.526751,-0.795706,0.453070,-0.148512,-0.369644,1.626589,0.626375,-1.457263,3.231879
1.250396,0.392157,-0.659392,-0.692353,0.027170,0.707354,-0.179717,-1.174916,-0.279947
1.608187,0.601448,1.226633,-0.990840,1.632032,1.754829,0.881989,0.168216,-3.040963
0.866526,0.554955,0.341882,-2.043874,-0.556661,-0.066864,-1.079012,-1.882464,-2.090069
-0.711652,-0.181511,-0.706341,0.253995,-0.026212,0.296723,0.503206,-1.079717,3.004789
-0.804307,-1.310301,1.015433,0.692182,0.262836,-1.296973,-0.093911,-1.253952,1.452700
-0.341998,1.767537,0.574532,-0.177532,0.762177,-0.356673,0.665527,-0.666654,-2.165479
-0.238519,0.216442,0.436967,0.650239,-1.376263,-1.424430,1.195437,-0.362086,-4.122472
-0.300817,-0.040141,-0.415850,0.755107,-0.706839,-0.679807,0.844009,0.003669,-0.610496
-0.653141,-0.882254,0.621208,-1.576629,0.409503,-1.269294,-0.727579,0.774188,-0.363633
0.193411,0.456858,-1.522657,2.466304,0.100612,1.303498,-0.654458,-1.404041,7.496282
-0.166280,-0.993105,0.641016,0.341066,-0.170571,-1.316711,-0.550534,1.811738,-0.437383
0.870818,0.845189,0.124000,0.687779,0.851765,0.918792,-0.324256,-1.435746,1.775234
0.014651,-0.866772,-0.085369,1.992436,0.004052,0.451366,0.789603,0.400050,2.544443
-0.469973,-0.055350,0.179022,-0.176851,0.334679,0.764937,-0.679660,0.889747,3.438023
-0.101298,-0.237073,0.237722,-0.021298,-1.456920,0.704519,0.450938,-1.195454,0.356598
0.374617,0.940863,0.207523,-0.944835,0.648289,-0.631504,-1.327609,-0.682628,-0.254234
-1.338254,0.655202,-1.135159,-0.403862,-0.082987,-1.341496,0.599636,0.110760,0.199999
0.861227,0.062165,1.277437,-0.433596,0.169963,0.571684,1.290838,-2.164722,-3.472724
-0.569676,0.459483,-2.297653,-0.771372,0.867886,0.393207,-0.243417,-0.510677,4.846254
-0.573600,-0.369051,1.076603,1.309699,-0.171687,0.917271,0.284825,-0.069858,2.963805
-1.431360,0.104206,-0.271287,2.943102,1.000674,0.465399,1.976642,2.061577,3.846183
-1.214906,0.030336,-0.336865,0.471355,-1.184188,0.393291,-0.362592,0.305141,3.902389
-1.981931,2.155874,-0.249789,0.398505,-1.593862,-0.264108,-1.424074,2.804302,2.892263
-1.577696,-1.027986,0.992429,-0.370081,-0.441790,0.026718,0.978796,0.811467,0.959051
0.427037,-2.068017,-0.559360,-0.264170,-0.461289,-0.707822,-1.253258,0.188875,2.626881
1.268412,-1.898152,0.212284,0.597486,-1.271400,1.593579,-1.168007,-0.058528,3.730428
-0.530816,-0.515818,0.245936,0.613696,0.541197,-0.705539,-1.155405,-1.435192,3.945750
-1.015367,-3.201035,0.773079,-1.772455,1.147137,-1.057423,-0.870612,-0.966089,3.675153
0.710794,0.923270,-0.194915,-0.240022,0.359072,0.200448,0.245366,0.214637,-1.487781
-1.011777,-0.120504,-0.070370,0.461448,-0.476794,-1.183268,0.764796,0.064201,-0.359379
-0.979566,1.203923,0.329365,1.223225,0.626916,0.642495,-0.424722,0.424974,4.088162
0.091836,1.047770,-0.371468,0.721374,0.174352,-0.173736,-1.100367,0.758570,1.996780
-1.520585,1.044842,-1.939803,1.830886,0.406010,-0.391703,-1.032898,-0.572795,7.988808
-1.420407,-0.536746,-1.438614,-1.688223,-0.844212,1.187071,-0.550917,0.044711,5.917170
-0.043515,0.864275,1.086817,1.384574,0.140333,-1.899711,0.560978,-1.277103,-3.528456
0.835887,1.751763,-0.641737,-1.249427,-0.239325,0.992608,-0.326823,0.268528,-1.271181
-0.543763,0.956163,0.277115,0.509579,-0.642813,1.801444,2.149483,-0.914372,0.044152
-0.425958,1.519716,0.677404,-0.559416,0.448080,-0.297825,0.307114,-1.491589,-1.409516
1.317419,0.405937,-0.111559,0.053149,-0.987816,0.146336,-1.237848,-1.570435,-0.036021
-0.436255,1.134179,-0.299407,2.361900,0.956783,-0.943301,-1.191539,-1.290245,4.437728
0.753202,0.679512,0.678966,0.644830,0.980335,-1.515131,0.085088,0.346285,-3.554253
-1.533264,1.763056,0.648868,-0.202542,-0.117009,-0.552734,0.376013,0.503823,-0.745760
0.548228,0.467145,-0.878226,1.185970,0.256085,-0.037238,-1.215283,-0.991160,3.583801
0.793493,-0.758670,1.944220,1.567678,1.613786,0.598992,0.943459,0.048977,-0.434768
-0.714279,0.134365,0.406723,-0.232911,-1.180302,-0.714311,0.746751,-1.216998,-1.573537
-0.587834,-0.578136,0.336102,0.459038,-0.240639,-1.557401,0.421646,0.017572,-0.996536
1.636119,-0.101033,0.766153,-0.058889,-1.606989,0.214214,-0.776696,-0.571003,-2.786899
-0.048606,0.246078,1.875108,-1.302993,-0.706417,0.064638,-0.611611,-1.687720,-1.708635
1.817421,-1.852449,0.407034,-1.050696,-0.683027,-0.317341,-0.789525,0.017915,-2.377031
1.734839,1.524770,0.265390,0.352416,-2.371428,0.118014,1.427874,-1.609509,-7.477249
-0.126264,-1.451182,-2.082675,0.430677,-1.219802,0.504431,0.699858,0.905160,3.299216
-1.674576,0.394647,0.032372,-1.068451,0.184850,0.879915,-1.095892,-0.027099,5.643693
2.353073,-0.298506,0.428569,0.356665,1.515235,-2.450368,-0.034931,1.029712,-6.753117
1.861634,-0.092007,0.511132,0.695154,-0.007071,-0.523910,-0.388613,0.800505,-3.188653
0.461610,-1.258751,-0.210624,0.087759,0.208401,0.726185,0.216243,-0.373906,2.206549
-0.055605,-0.640460,0.571643,-0.138443,1.075563,-0.087972,-0.963058,0.166116,2.626480
0.207541,0.868827,0.907952,-0.879437,0.026841,-0.390106,-1.111903,1.300542,-1.582345
1.062885,0.387312,0.399555,1.464402,0.690290,-1.430588,-0.727932,0.601998,-1.591210
0.895023,0.000222,-0.541273,1.011664,1.055767,1.874213,0.412346,-0.563796,3.478891
-0.108202,2.485352,0.267402,1.395471,1.304722,1.252987,1.968088,1.108193,-1.200577
1.053982,0.659158,-0.726558,-0.539634,1.472962,-0.878078,2.143121,0.305442,-5.651236
-0.868899,-0.740509,0.565266,-1.407657,-0.465882,0.546001,0.035188,0.804005,1.087754
-0.531307,-1.381875,-1.334445,-0.430736,0.089474,0.000055,-1.656290,0.220519,6.570772
-0.373409,1.300740,-1.638361,0.037741,-0.904434,-0.248878,-0.979098,-0.328694,2.692809
0.515447,-1.905906,-0.078941,-1.005111,0.151676,3.145736,-1.065333,0.191843,7.147728
-0.892526,0.995149,-0.767506,0.004142,-2.653772,0.746740,0.099213,0.512921,1.237503
-0.757347,2.157227,0.627265,0.131117,0.576142,0.789453,1.863271,-0.553941,-1.717554
0.971040,-0.461573,-0.168584,0.659383,0.639317,0.582905,1.528070,-0.585093,-1.008454
-0.401335,-0.887290,0.676340,-1.551696,0.400157,-0.113091,0.002580,1.008717,-0.306005
-2.992091,1.869170,0.078448,-1.011385,2.611031,0.061234,-1.141981,1.104916,7.082357
2.661569,0.303790,-0.404611,1.722285,-0.361707,-0.319472,-0.411962,-2.002652,-2.202078
0.746872,-0.917772,0.822132,-0.930029,-1.754191,0.213085,0.042223,-0.534023,-2.640269
1.763361,-0.539938,-0.385573,0.841477,0.058748,0.262580,-1.412743,1.061711,1.371588
0.850539,1.461132,0.819412,-0.594284,0.251276,-0.053484,-0.135175,0.922186,-3.809786
0.629073,-0.033059,2.215653,0.251141,0.876422,0.303015,-0.746457,0.927670,-0.829384
0.922587,0.787614,-0.721997,1.847701,-0.414699,0.185687,0.618891,-0.130717,-0.291617
0.180358,0.119833,1.271024,1.429799,0.886698,1.270727,0.152239,-0.108122,2.419426
-0.999455,0.983695,-0.409804,-0.075581,-0.769305,0.483013,-0.554841,0.767593,2.907735
-0.120391,-0.680565,-0.684199,0.550112,-0.250256,-0.844242,-0.819825,0.066672,2.396484
0.504122,1.892844,0.532211,1.433496,-0.605552,1.002909,-1.109429,0.077773,1.560846
-0.140178,-0.457149,0.511318,0.250871,-1.021929,0.444417,1.670559,0.652375,-2.061945
-1.093766,-0.749521,0.343029,1.801839,-2.384496,-0.865211,-1.032060,-1.465677,3.793019
1.586393,0.400092,-0.516028,-0.125990,-0.101335,0.732482,-1.803160,1.503774,1.289064
0.386321,0.081670,0.077257,0.467672,-0.930223,2.440949,-0.226217,0.595070,3.508878
2.534747,-0.582987,0.002229,2.803465,1.419258,-0.339301,-0.258808,0.800721,-0.481885
-1.409664,1.110858,-1.383454,1.227838,0.830668,-1.673877,-0.055111,-0.185492,3.114474
-2.380652,-0.705935,-1.092151,2.385113,1.504457,-1.220825,0.144824,0.865160,7.797027
-0.987872,-0.850150,-0.704298,0.172414,-2.635628,0.818252,-0.865148,-0.504580,5.180643
0.176634,0.219153,0.593139,-0.512499,1.408158,1.116571,0.418992,-0.979476,1.286050
2.111460,-0.254405,1.180724,-0.737175,-1.450075,0.286331,0.017464,-0.951274,-5.490441
-0.551457,0.574480,1.610563,-0.119195,0.008332,0.675994,0.600752,-0.196686,-0.692413
1.465168,-0.326893,0.500546,1.747535,-0.242243,-1.932924,2.604129,0.075326,-8.403220
0.419157,-1.523859,-0.080369,1.025203,-1.126915,-0.315818,0.173361,1.095162,0.244272
-0.524013,-1.005681,1.100979,-0.421854,1.137459,-0.098082,1.083346,-1.971969,0.237322
-1.019061,2.110974,-0.702172,1.027418,-0.046127,-0.158005,1.160226,0.329078,0.072415
-1.909569,0.120113,-1.138058,-1.740928,0.088704,-0.925040,-1.591664,1.255446,4.536384
0.899513,-1.545542,0.562472,-0.581201,0.512327,-0.679611,-0.392568,-0.377875,-0.863266
-0.852428,1.119379,-0.059030,-0.799933,-0.715497,0.265993,-0.114989,0.245498,0.478933
-0.584231,0.114666,-0.734335,-1.354054,0.041233,1.605814,0.056122,-0.714264,3.700392
-0.666022,-0.559075,0.201437,1.383615,-0.116231,0.202985,-1.711256,0.666040,6.249011
1.973541,2.567211,0.532285,-0.956969,-0.151428,-0.652163,-0.133330,-2.224812,-7.235485
-0.562411,-0.310782,-0.589783,-0.470456,-0.684690,-0.502970,-0.017976,-0.295585,1.042678
-0.891985,0.695637,0.128969,0.666709,2.532606,0.303247,-0.301448,2.058825,4.235955
0.359672,1.788998,-0.515114,-1.838560,-0.120363,0.281895,-0.041228,-0.550116,-2.330467
0.554914,-1.383086,-0.290622,-0.611341,0.278897,-0.257370,0.968188,-0.205136,-1.198954
-1.254109,-3.266470,0.959362,-0.285815,-0.251006,0.114506,0.388973,1.933930,3.340660
0.872132,0.569932,-1.168276,-0.479950,0.077448,-1.447074,-0.978590,-0.432054,-1.317591
-0.386271,1.798153,0.407209,0.141917,0.499874,1.045853,1.734442,0.502964,-1.593651
1.298784,-0.468798,0.880077,0.771839,-0.113546,0.834097,-0.771982,-0.448125,0.886245
0.242880,0.692487,0.534605,-0.910133,-0.059317,0.693203,-0.863900,1.793806,-0.120997
1.132200,-1.316353,0.224984,0.132021,-0.170171,0.330267,-0.856694,0.066569,1.187896
0.103115,0.231954,0.016032,-0.242047,-1.006694,0.698223,-0.847266,1.450895,1.256502
0.156492,0.880885,-1.276445,-0.214475,-0.457274,0.340254,0.535564,0.748857,-0.263991
0.581019,0.394075,0.497235,0.410231,-0.923854,0.226588,-0.745916,-0.956752,0.148402
1.427208,-0.805544,-2.473008,0.636184,-0.408084,-0.999741,0.623705,2.225758,-1.665371
-2.781900,-0.087850,-0.369098,0.024901,1.730404,0.501198,-1.181436,0.808750,10.072217
0.167837,-0.259152,0.127329,1.074125,0.245860,0.346747,1.193090,-0.658794,0.256515
-0.144582,-1.189607,0.048417,0.137948,-0.051907,1.918427,-0.411353,0.556787,5.498685
-0.381574,-0.326257,1.470513,1.384061,-1.511941,-0.831750,-0.782946,-1.375040,0.600897
0.749321,1.863168,-1.743676,-0.616412,0.047656,1.474578,-2.251415,1.863478,4.292929
2.432552,-1.485283,0.721594,-0.640010,1.244046,1.153696,-2.142050,2.094164,1.438468
-1.392697,-0.460518,2.734190,-1.960375,-0.187672,-0.115206,2.669493,-0.069654,-5.896965
0.294668,-0.069882,0.072802,-0.209520,-0.891093,-1.241169,0.648945,1.554654,-4.325188
1.024939,1.591816,-1.269601,-1.723965,-1.056153,-0.841265,-0.703687,-0.681497,-3.713257
2.483310,0.264388,-0.539503,0.050297,1.946158,-0.633171,0.462763,0.749255,-4.369072
-1.334442,0.526725,0.691109,0.627587,0.651332,-1.805789,0.507016,-1.427666,-0.308990
0.577039,1.484189,1.350082,-0.652408,-0.677100,2.279080,1.515965,-0.097341,-3.354423
0.280230,0.291082,0.519530,-0.178346,3.280490,0.819958,1.418351,-1.844666,0.933713
1.559380,-0.641200,1.933790,0.050987,-0.252086,0.205354,2.612169,0.777515,-8.360456
-1.541752,-0.301005,0.244265,1.180053,-1.749229,0.648886,-1.682505,-1.222461,7.494692
-0.634098,-0.007646,-0.794869,-0.296220,-1.394613,-0.571429,1.080597,1.561430,-1.725442
-1.124711,-0.257227,0.409761,-0.498095,-0.542663,-0.052053,1.777856,-0.812197,-1.233740
-1.044964,0.747095,0.531875,0.656122,-0.691501,-1.019529,0.214223,-1.203153,-0.174392
-0.148352,-0.893631,-0.152692,0.245871,1.132583,0.396837,-1.436779,-0.734209,6.113354
-1.113882,0.437814,-0.644519,-0.990392,-0.011251,-0.411739,-0.810689,0.765267,2.427826
-0.811007,-0.063821,-0.137690,-2.074315,0.921386,-1.350173,-0.540041,-0.035411,-0.218775
1.022109,-0.185215,0.712424,-0.536140,0.940830,0.795604,-1.085363,-1.125088,1.611283
-1.442411,-1.066564,0.877567,-0.385298,-0.593380,1.038164,0.752040,-0.923111,3.159336
-1.434685,-1.633391,0.569152,-0.528208,1.624784,-1.118900,0.347870,-0.963869,2.745135
0.674858,-0.684426,0.363106,-0.343633,0.225378,1.065535,0.972828,-1.312338,-0.187914
-0.698539,-1.138264,-0.785489,0.356108,0.038244,-0.195695,0.874899,-1.880594,3.085288
-0.824381,-0.253155,-0.393994,-0.959513,1.796898,-1.368882,0.266559,-0.389844,0.654737
0.296036,-1.622629,-0.685771,-0.626711,-0.973837,0.539511,0.783635,0.390295,0.469170
1.566993,-0.735818,-0.709609,0.328889,-0.020284,-0.204136,-0.551294,1.656739,-0.478047
-1.542478,-1.506131,0.086978,-0.529747,0.398783,0.753148,0.313372,-0.330581,5.313218
-0.559250,-0.577936,-2.298776,0.051480,0.142703,-0.307643,-0.195553,0.931967,4.301403
-0.605880,-0.842923,1.112557,-0.971853,1.615118,1.595035,-0.830055,1.014333,5.001107
-2.471237,-0.947021,0.212621,0.942575,1.439144,-0.273702,-0.621134,-1.885636,8.913061
0.609630,-1.621649,-0.647847,-0.077290,0.098205,1.646077,-0.119019,0.991404,4.073742
0.018521,-0.322429,0.343846,1.079512,-0.614496,0.649802,-0.866002,0.156479,3.458129
1.177468,-1.162782,-0.630568,0.214609,1.256085,1.317789,-1.130276,-1.935197,5.608526
1.019189,-1.080684,-1.067880,0.585029,1.993057,-0.570026,1.250377,-0.131494,-0.187672
-0.176838,0.816032,0.503564,0.315521,-1.227103,-0.361607,-0.253183,-0.461405,-0.947123
0.982248,0.276759,1.311052,0.412255,0.555331,1.398993,0.055492,0.697500,-0.375250
-0.320517,-0.545418,-0.333929,1.487087,0.022790,0.111014,1.277492,-0.576780,1.703341
-1.386963,-2.037639,-1.285822,-0.505337,-0.803462,-0.143940,1.123618,-0.452006,3.463990
-1.030767,-0.973247,0.297364,-0.011382,-0.798400,0.298145,-0.448805,0.726741,3.471703
-0.439746,-0.034619,-0.449317,1.585675,-0.686765,0.468256,-0.283339,1.588432,3.608661
0.416593,1.095560,0.208890,-1.590506,-0.615955,0.159198,-1.685966,-0.866148,-0.116032
0.087511,1.339616,-0.702995,-0.983156,-0.515463,-1.153183,-1.842351,0.681300,-0.316954
1.279871,-0.457969,1.133739,-0.440813,-0.732203,0.935998,-0.304953,-2.197334,-1.083877
-1.414180,-0.655037,0.007775,1.823551,-0.518176,0.938627,-0.208518,0.517585,6.833995
-0.094902,0.560664,0.798772,0.459714,-1.623150,1.351515,-1.938750,0.268681,3.839076
0.952847,-0.275851,-2.894753,1.631921,-2.506330,-0.306400,2.114325,2.029314,-2.623828
0.498213,0.110437,-0.550639,-0.737621,-1.247052,1.422316,-0.227349,-0.130956,1.253770
1.405195,1.642572,0.100175,0.675144,-1.272880,0.112497,-0.350664,2.798213,-4.088479
-0.325411,-1.158801,-0.107197,-0.650372,1.967859,-0.881985,-0.116078,-0.325037,2.022712
-0.086948,0.890229,-1.315252,-0.768072,0.759254,-0.459624,0.235698,-1.455120,0.489249
-1.207628,0.244535,-0.932804,0.373161,-1.121040,-0.060455,-0.024652,0.686811,2.927236
0.311728,-0.430593,-1.316887,1.013566,-0.450715,-0.634149,-0.046437,1.355992,1.120837
1.009102,0.181089,1.106919,-0.321094,0.352232,0.910312,-0.220793,1.328590,-1.485113
0.156540,0.319902,1.638189,2.282571,-1.079790,-0.068626,-0.440966,0.125374,0.125367
0.237029,-0.647859,1.255906,2.222476,1.463660,-1.382082,1.963842,0.903693,-3.252286
-0.324858,0.328692,0.336909,2.027923,-0.305169,-0.093526,0.666048,0.408677,0.846046
0.592119,0.504797,1.182896,0.767714,-0.838066,-1.394733,0.729362,0.549729,-5.667900
-0.725476,-1.352018,0.773154,0.238494,0.334757,1.214882,0.287745,0.002827,4.277597
-0.205927,-0.300125,-0.266623,0.132404,-0.266136,-0.341162,0.393752,0.687430,0.070235
-1.847250,0.485096,0.398753,-2.202383,-1.492957,-0.825393,-0.873290,1.030994,-0.136344
0.461427,0.625909,0.074861,-0.788083,-0.707396,1.735251,-0.474965,0.464258,1.256970
-0.656090,-0.015669,-0.764649,1.858856,-0.794786,-0.820270,1.271239,-0.962618,0.785131
0.200514,1.191506,0.624278,1.199811,1.721898,0.646141,0.780387,-0.701575,0.687052
0.221381,-0.632610,-0.789142,0.203138,-2.462316,0.851495,0.458901,0.675231,0.421061
0.257944,-0.358263,1.757562,0.450223,0.950799,-1.170832,1.582265,0.302340,-4.973498
0.884813,0.534201,-0.737039,0.940351,-0.488968,0.274764,-0.860146,0.257596,1.560043
0.893077,0.214532,0.255529,0.071165,1.406537,-0.339061,0.057927,-0.833390,-0.908744
2.095422,0.101672,-1.028348,1.304509,0.830559,-1.273464,-1.065669,0.448307,-0.935788
0.033107,-0.386574,0.093167,0.564553,0.269995,-0.140905,-0.414303,-1.497525,2.463189
-1.482723,-1.060672,0.938107,-0.167745,0.370482,-1.253402,0.196984,1.531135,0.632203
1.399791,-0.844104,0.892392,-0.155185,-1.545841,1.983385,-0.400123,-0.987152,0.538832
1.014413,0.372898,-0.162401,0.536273,0.952608,0.770809,0.779695,0.159257,-0.504794
0.477335,-0.001362,-1.751021,-1.052505,-1.094051,-0.088397,-1.302553,0.165494,1.793985
1.567800,0.723650,0.733382,-0.492241,-0.399852,1.115432,0.082696,-0.447895,-2.904832
-0.404067,-0.739481,0.601254,0.038565,2.806309,0.214276,0.705697,-0.630152,2.784039
-0.574614,0.625115,-1.974534,0.435343,1.850506,0.033701,0.407646,-0.297315,4.470110
-0.775345,-1.040088,0.331906,-0.359659,-0.433573,0.033194,-0.143045,0.775261,1.990721
1.712413,0.696577,-0.839845,1.305021,-0.910351,-0.881073,-0.770273,-1.635885,-1.327286
-1.709855,-0.897912,-0.927578,-1.073490,0.199885,0.670638,-1.048472,-0.350674,7.677447
-0.783782,0.749186,1.325443,0.312141,-1.638873,0.066138,1.690217,-0.345905,-3.532893
1.693986,0.311313,0.144561,-0.544519,0.778288,0.190852,-0.372788,-1.236414,-1.705256
0.592685,1.475363,1.193104,0.595093,0.970374,-0.030339,-0.147554,-0.186768,-1.787460
-1.102717,-0.050736,-0.292686,-0.937538,1.283859,-1.576081,-1.667414,1.285467,2.855888
0.893957,-0.117976,0.562312,1.833225,-1.445341,0.303252,1.831550,-2.439654,-2.729400
-0.087018,-0.043339,0.628367,1.238965,0.096334,-0.629217,-0.843904,-0.918637,1.935117
-1.254815,0.406261,0.430687,-0.933834,0.175190,-2.760502,0.706945,-1.282209,-3.736484
-1.797707,1.178279,0.508612,-1.995454,-0.157458,-0.015241,-0.230772,-1.857901,1.215375
0.354482,1.876184,-0.319831,-0.196366,-0.230670,1.281791,0.147285,-0.342824,0.060157
0.064560,0.178935,0.510093,-0.543197,-1.379417,-0.905884,-0.157408,0.827401,-3.260604
-0.407740,-1.035817,0.867253,-1.748523,0.091465,-0.410465,-0.531827,-0.982317,0.237475
-1.124817,0.337468,-0.313168,-0.973000,-0.407824,-0.907561,-1.354351,0.717956,2.095869
1.143763,0.204594,0.258378,0.835764,-0.824129,-0.557252,0.453458,-1.452627,-2.955198
-0.110144,0.552918,0.753994,0.776559,-1.765395,0.942694,-0.174099,0.141560,0.757961
1.172260,-2.013572,-0.929408,-1.525153,-0.212294,-1.733624,-0.718075,-0.592612,-1.724476
0.283110,-1.474469,0.758111,1.162232,-1.101335,-0.977907,0.569532,-0.330794,-1.524310
0.333629,0.358504,-0.112591,-0.771574,-2.662742,0.878615,-1.367084,0.007507,0.647118
2.062949,1.335254,-0.643682,1.372306,-0.492860,-0.434271,1.162613,-0.949870,-5.157746
-1.407974,-0.896691,0.246056,0.501814,0.398566,0.091978,0.476195,1.470194,3.463002
-0.660864,-0.500767,-0.266877,0.178962,-0.453206,0.884938,0.554191,-0.556831,3.038313
-1.027870,1.100639,0.092066,0.387638,0.104910,-1.136074,0.182477,0.860688,-0.514331
0.331372,0.474910,-1.531986,-0.719555,0.102679,-0.429493,0.787986,-0.544240,-1.202685
0.986900,1.130130,0.399709,-2.468222,-0.026650,1.184220,0.965915,0.838034,-5.210902
1.121595,-0.701474,-0.440446,-0.742746,0.807155,-0.542804,-0.257867,0.915201,-1.250478
1.248854,0.714458,-0.902333,-0.060660,1.619060,-0.728563,-0.733576,-0.332100,-0.216474
-1.896189,-1.180087,1.202216,-0.519731,-0.700180,1.500148,-0.331009,-1.147269,6.165138
0.227918,-0.335228,-0.122850,0.372860,0.596707,0.600764,-0.280479,0.830960,2.448445
0.957664,-0.126322,-0.355544,-0.450718,0.814686,0.343133,-0.430798,0.575004,0.459747
-0.883332,-0.818099,-0.068530,-0.641910,-1.648070,-1.068172,-0.887733,0.284086,0.888541
1.022116,-0.027579,0.666480,1.000426,0.730893,1.362720,-1.128607,1.792935,2.794691
-0.861834,-0.204659,-1.363185,0.993874,0.314223,2.241069,-0.496025,-0.624883,9.586737
-0.334536,-0.036714,-0.173731,0.702721,0.916680,-0.009448,-1.133403,-0.666227,4.765033
0.310274,-0.478920,0.046465,-0.025232,1.061347,-1.445470,-2.047403,-0.063440,2.157534
-0.908816,1.325268,-0.543438,0.129991,0.566936,0.808425,-1.149923,0.031381,5.430024
0.657443,-0.198899,-0.412206,1.107971,-0.306581,-0.344074,-0.533811,1.048465,0.815942
-0.666492,-0.225511,0.241872,2.304768,1.514127,-1.633783,1.007744,0.429377,0.626830
0.724374,1.744960,-0.446666,0.762657,-0.515215,0.299365,2.172375,-1.340024,-4.216080
-0.799831,-0.004122,0.993259,-0.154611,-0.589773,-0.670727,-1.111881,1.902642,0.611341
0.939432,0.542592,-0.361683,-0.624108,-1.657224,1.462499,1.566527,-0.882781,-3.010431
-0.849479,-0.087722,1.517833,-0.058930,-0.316945,1.681366,0.554775,1.092577,1.642865
0.323706,-0.030019,-1.520717,-0.812408,0.504286,0.408480,0.518514,0.576803,0.846950
-0.421244,0.973608,1.981743,0.717350,1.220977,-1.006652,0.078560,-0.216204,-1.802318
-0.835937,-0.668615,-0.216980,-0.364056,-0.247091,-2.167203,-0.081017,0.647450,-1.023730
-0.949020,-1.147083,1.392695,0.579542,0.704849,1.670001,-0.656670,1.977494,6.029143
-0.676545,-1.941819,-1.018873,-0.344732,-1.126887,-0.963975,-0.181475,-1.248509,2.702146
-0.626973,0.791172,1.619595,-0.510215,-0.335832,0.785113,-1.831950,-0.289565,2.854518
-0.268738,1.271895,0.671647,-0.423354,0.366586,0.314703,0.418750,0.018007,-1.113946
-2.338539,-0.350268,-0.942460,-0.573472,-0.302469,1.423409,1.353551,-0.492234,5.768668
1.559091,-1.048641,0.107144,-0.224786,-1.999285,0.646489,0.801630,1.135240,-3.912491
-0.032480,-0.488310,1.299092,-2.540284,-0.051026,-0.736840,0.601780,-0.114901,-4.913878
-1.076241,-0.294154,1.256836,-0.502230,0.016787,0.986858,0.674534,-0.580406,1.609242
-0.287812,-2.166697,1.256837,-0.453088,-1.230498,2.607338,-0.063182,0.204895,4.521641
1.101762,0.955200,0.355045,-0.284700,0.804898,0.328294,0.302023,0.353146,-2.666885
1.177550,0.229283,-2.076514,0.056566,0.633331,-0.007028,1.585038,0.516068,-1.874807
1.503944,-1.387466,0.881270,-0.476324,1.064892,-0.401093,0.649598,0.366065,-3.540231
-0.139399,0.482069,0.578546,0.857261,-1.448866,-0.014667,0.743806,-1.592577,-1.178288
0.440694,-1.044523,1.691713,0.318724,-1.188952,-1.103629,-0.820797,-1.157222,-1.800603
-1.132535,-1.394104,-0.314039,0.890249,-0.565528,-0.890667,0.689627,1.179251,1.869023
1.428903,-1.401994,-0.534770,0.044472,1.404681,0.358002,0.361095,0.748699,0.458753
-0.188191,0.768231,-1.345672,0.711327,-0.647505,1.368191,0.676063,0.659407,2.675317
-0.256525,-1.137043,0.708817,-0.405922,-2.633637,0.641878,-0.356097,0.526358,0.409796
1.711410,-1.683172,0.705036,1.336815,-0.094335,0.165658,0.603572,1.067511,-1.833445
-0.273009,-1.650989,-0.301359,-1.283985,-0.269156,0.580842,-0.439040,-0.159783,3.093069
-0.564326,-0.648926,-0.046107,-0.479301,0.442633,-0.288612,-0.529844,0.637172,2.293588
-0.185944,0.092576,1.224549,-1.084529,0.611682,0.155954,0.664801,-0.653176,-1.697465
-0.885475,0.144628,1.204766,-1.053681,-0.786839,0.370192,0.176410,-1.176509,-0.090712
0.158150,0.379018,0.273693,0.706386,-0.424765,-1.537822,-1.043988,1.511927,-1.010678
-0.351460,1.142505,0.023668,1.277942,0.049245,1.882651,-1.053141,-1.340587,6.497133
-1.370317,-1.125262,-1.409348,1.030749,-1.140316,0.323006,-0.292776,-0.992579,7.207976
-0.731657,1.674647,-0.732644,0.801592,-0.495015,-1.427746,-1.194606,-1.552738,1.852767
-0.106934,0.603652,1.070681,-0.775588,-0.342248,0.565277,0.367466,-0.532697,-1.453799
0.191931,0.761117,0.342627,-0.594892,-0.336034,-0.180966,-0.446901,-0.033380,-1.319941
1.092666,0.788659,-0.915889,0.012176,-1.287341,-2.432265,0.369076,-0.992030,-6.266112
0.541818,-1.886318,-1.470905,-0.126804,0.213877,0.675814,0.291874,1.610694,2.887456
0.493045,0.601099,-1.362804,0.751337,0.972498,-1.464830,-2.485241,0.537152,3.703651
0.386540,1.391380,-1.249857,0.662901,1.251795,-0.527275,-0.153161,0.316269,0.802655
0.322226,-1.179259,-1.157597,-1.115988,0.000685,-0.933681,0.960559,-1.150488,-1.464308
-1.950769,-0.233460,0.494857,0.165334,-0.345123,0.880295,1.411140,0.993402,2.561043
0.054718,-1.172813,0.155502,-0.348814,-0.659116,1.801825,0.836144,2.936087,1.076364
0.110737,-0.990796,-0.221724,0.328258,-0.054131,-1.553025,0.707279,0.259275,-1.993908
-0.111405,1.880872,1.808391,0.306853,-1.168605,-0.242367,1.551728,0.183288,-6.498830
2.352541,-0.325756,-1.468758,0.456828,-0.259828,-0.852278,-0.004283,-0.059269,-3.066219
0.260586,0.159111,-2.664345,-0.299161,1.310011,0.544372,-1.067680,0.199627,6.076516
-0.628991,0.048452,-0.811768,-0.894309,-0.708050,0.126409,-0.075015,-1.308837,1.882319
-0.270320,1.412039,-0.394250,-0.659918,-0.137970,-0.844867,0.204288,0.216750,-2.280252
1.548807,0.281747,-0.785841,-0.291296,0.225664,-0.333512,-0.350739,0.652285,-2.000487
-0.832438,1.428842,-0.481955,-0.231337,-0.308657,-1.660610,1.519154,-0.014256,-4.135238
0.523089,1.016358,-0.260298,0.983502,-1.179386,0.287768,0.308287,-1.253827,-0.571670
-0.438238,-1.741899,-1.364375,-0.990097,1.184810,-0.460992,-0.470420,-2.124236,5.112622
-1.041646,-1.061413,0.160456,-0.249864,0.262534,-1.118002,-0.000710,1.566355,1.062467
-0.328659,-0.259836,0.698949,-0.128961,-1.368590,0.383927,0.429080,0.683093,-0.781111
0.041318,-0.855619,1.017933,-0.689595,1.487599,-1.007778,0.640540,0.685870,-2.395433
0.471026,-1.817179,0.081809,0.483928,-1.429597,-0.519975,-2.708523,0.023295,4.259156
-1.450901,-0.039549,-0.283168,-1.248606,-1.270426,-0.663888,0.940390,-0.376968,-0.852271
0.456864,1.213799,0.134536,-1.237764,-0.670768,1.310560,-0.048052,-0.254438,-0.905682
-1.096449,-1.375296,-1.011817,-0.943505,-0.546282,-0.399375,-0.775035,1.008651,4.069208
-1.928683,-0.201432,0.103535,-0.078856,1.621865,-0.234766,0.383760,-0.089500,4.352123
0.874879,-0.354722,-0.534363,-0.356737,-0.850384,-0.381081,-0.843174,-0.363928,-0.193109
-0.345076,0.738005,0.015853,-0.270370,0.124347,-2.235230,-0.390550,-1.452917,-2.118077
0.422398,-1.221022,-0.025593,1.310902,-0.232627,1.027729,-1.005663,0.431385,5.080718
0.466469,-0.078597,1.462994,-0.745554,-0.527595,0.151370,-1.146921,-1.969842,-0.124836
0.227958,-0.625267,1.568990,0.469845,0.214104,0.467649,0.900786,-0.362774,-1.139766
-1.534455,0.079309,0.631917,-0.506230,0.201788,-0.076089,-0.296975,-0.809781,2.938495
0.505542,-0.763754,-0.105355,-0.371939,2.509157,0.584031,0.592034,1.139062,1.291015
0.720777,0.281684,-1.074705,-0.338875,0.133339,0.117525,0.825154,0.750551,-1.508571
-0.713011,0.615205,0.930562,0.784079,0.238554,-0.476610,1.689620,0.735917,-2.523588
-0.346025,0.907823,-1.088497,0.570697,2.036139,-0.104004,-0.423510,-0.642693,4.347930
-1.397738,0.042716,-1.427030,1.675144,0.627542,0.399699,2.818549,0.351977,2.591962
-1.360042,-0.921802,1.193031,-0.529687,-0.134013,1.914628,0.596171,0.950517,3.763842
1.198881,1.844379,1.435890,0.158606,0.413048,-2.463719,1.235793,0.023397,-10.403969
0.885690,-2.079914,-0.683995,-1.706852,1.442986,1.006006,0.481535,0.826643,1.514219
0.894513,0.703571,0.262677,0.084404,1.684697,-0.210658,1.601779,1.181688,-4.054836
0.388210,-1.056061,1.800873,0.324041,1.496264,-0.309838,0.135619,0.527992,-0.673577
0.786588,0.289008,0.424320,0.335898,-0.695369,-0.320055,-0.372302,1.105948,-2.164966
-0.151185,-0.182933,0.463739,0.033802,-0.118116,-1.443432,0.500053,1.677930,-3.186742
0.403266,1.334025,0.683815,-0.133759,1.436366,-2.033298,1.054890,-1.371765,-5.881079
-0.010412,-0.953858,0.241983,0.747404,1.133266,1.303310,1.378731,1.293397,2.097462
0.959593,-0.685955,-1.212775,-0.186082,-0.842996,-0.100006,-1.027500,-0.368701,1.519674
0.530124,-0.719919,0.425684,1.643100,0.872591,-0.017767,0.996688,-0.182181,0.330117
1.026582,-0.838643,0.907307,-0.169999,1.365581,0.597966,-1.334898,0.622520,2.104533
0.236570,0.614408,-1.261402,-0.455570,0.546373,-1.064417,-0.845650,-2.288444,1.343503
-1.402596,0.436035,-0.431157,-0.899362,-0.101416,1.046294,-0.524387,1.124710,4.558237
-0.217013,-0.370407,-0.823723,-1.941066,0.787081,-1.638322,-1.129408,1.352848,-0.142429
-1.980568,-0.509828,0.631244,-0.351245,-1.110187,-0.814588,0.090327,1.089060,1.161778
-0.121404,1.324889,1.031679,0.223294,0.110395,-0.296468,1.294227,0.070892,-3.802824
-1.617176,-0.969644,0.800369,1.156842,1.170087,-1.747381,0.478331,0.378439,1.832836
-1.458554,-0.973816,0.514902,-1.178179,1.643492,-1.144112,-0.558434,-0.802312,3.036987
-0.272743,1.917116,0.268415,0.577935,0.089145,-1.165443,1.400491,-0.404734,-4.326232
-0.404611,0.174898,-1.195302,0.524938,1.960520,-0.103047,0.216883,-0.507657,3.987482
-0.563897,1.263421,0.249924,-0.431788,0.325730,-1.036236,-1.841605,0.903249,1.207027
0.458355,1.450630,0.104597,-0.692715,-1.002113,1.044122,0.178574,1.499822,-2.246804
-1.239898,0.030978,1.418691,-1.229093,-0.065825,2.231119,-0.760199,-1.263815,5.272757
1.274709,1.883153,-1.577214,0.774148,-2.196157,0.008618,-1.456177,-0.684206,-0.045493
1.534072,-1.315983,-1.014135,-0.851755,1.107468,0.894192,-1.357121,0.438565,3.413533
-0.250233,-1.588732,-2.033780,0.089361,-0.837243,-1.810253,0.339039,-1.021138,1.154509
0.446810,1.362153,-1.874682,-0.040823,0.215034,0.592149,2.520645,-1.164713,-2.154425
0.680747,0.718940,-2.172629,0.533605,-0.032109,0.246396,-1.390848,-2.396746,4.917979
2.229209,-0.493454,0.818386,1.108202,0.616230,0.047431,0.404140,0.128396,-3.283134
0.539945,0.022233,0.361801,-0.387963,-0.117031,-0.582772,-1.433390,0.210181,0.030467
-0.820580,-1.101285,1.392341,2.504631,-1.139230,1.022219,-0.350896,0.947898,4.995600
-0.792999,0.092498,0.186358,0.661219,-0.219450,-0.664188,0.023367,-1.851528,1.798072
-0.036232,-0.062314,-0.531034,-2.394089,0.939789,-1.334718,-1.074984,-0.359290,-0.544832
0.487891,-0.130127,0.973988,0.073081,-1.677569,0.108538,0.597720,0.270841,-3.375387
-0.548228,1.214632,-0.025404,1.249500,-0.351012,0.618661,-2.591436,0.820830,6.443596
0.265252,-0.266635,0.931129,-0.653501,0.176748,0.148855,0.534760,1.165086,-2.261488
-0.134273,-0.237492,0.071959,1.094613,-2.769762,1.323083,0.445942,0.608861,1.126047
1.273985,-1.753698,0.416397,0.324882,-0.647220,0.096955,2.248329,-0.785534,-4.216221
-1.205270,2.629678,0.885069,0.821182,1.292343,-1.681272,-3.051027,-1.474946,3.997416
-0.401158,-1.153255,-1.350470,0.833711,0.348112,0.000566,0.137965,0.191770,4.568585
-0.943350,1.657857,-1.734366,0.958841,0.914558,0.013142,-0.809214,0.573509,5.571176
-0.549669,-0.692144,-0.237639,0.143525,0.038307,0.394070,-0.654266,1.229103,3.979168
-1.373996,-0.429235,-2.378261,0.709690,0.625579,0.060262,-0.237428,0.082615,7.769299
1.123934,-0.478453,0.999879,0.371998,1.362759,0.025907,1.036991,-0.418440,-2.357102
0.184106,-0.050362,-0.507093,0.039910,0.216866,-1.314365,0.485347,-1.282893,-1.423817
-1.735325,-0.171458,-0.684063,1.352156,-1.611294,2.607850,-1.114604,-0.684968,11.090091
0.517161,-0.543176,1.798703,-1.989282,0.820503,-1.079421,0.883573,-0.231215,-6.333676
0.463042,0.952468,-0.662070,1.056167,1.208464,1.206037,0.570683,0.641874,2.190614
-0.144498,-1.607839,-0.561144,-0.137501,0.274308,0.743177,-0.218800,-0.385443,4.625684
0.555686,-0.543655,0.291756,0.785195,1.351670,-1.442662,0.391482,-0.268750,-1.435836
-2.204069,-0.456980,-2.036114,-2.498312,0.826833,-1.979390,0.760485,-1.904721,1.827884
-1.045872,0.579558,1.180254,-2.026023,1.945695,-1.444278,-1.064529,-0.223234,-0.353062
-1.728799,0.859963,0.516218,0.400981,-0.993626,-1.749804,-2.145342,-0.108231,3.028667
-0.694582,0.237325,-1.092479,-0.592253,0.546082,-0.435988,-0.382229,0.066191,2.661062
1.104992,0.348635,-0.332311,-0.055795,-0.937103,-0.584995,-1.064018,1.274661,-1.675851
2.917584,-0.328106,-0.158824,0.064575,-0.774584,0.304453,-1.325787,0.146597,-2.392941
0.241572,-1.086851,-0.061257,-1.035111,0.814306,2.137069,-0.191852,0.449114,4.254502
2.526956,0.824117,0.435004,-2.498562,-1.197232,-2.121533,1.336880,2.078632,-14.777989
-0.389186,0.702670,0.641885,2.356614,-1.924110,0.577566,-0.039955,0.001220,1.806627
0.210265,-1.086351,-1.309257,-0.048948,0.115985,-0.480829,0.155703,1.556167,1.159478
1.571673,-0.086160,0.080242,-1.554997,-0.395634,2.028878,0.010710,1.582507,-1.564935
0.336639,1.416203,2.375603,0.709281,2.114473,0.414744,-0.217125,1.842638,-1.295415
-0.284363,-1.208781,0.814154,0.851304,0.851410,-2.145393,0.949549,-0.223585,-2.068752
-1.586474,-1.184369,1.197771,-1.345888,0.095847,-0.216371,-0.298260,0.003120,2.315232
0.320617,0.423807,-0.171996,-0.129531,0.728751,0.175042,-0.182044,0.765873,0.499017
-1.358624,-0.877290,-1.653680,-2.623098,0.635088,-0.513818,-0.816018,0.696774,4.013703
-1.203410,0.564232,-0.801752,-1.556784,-0.036531,-1.879919,0.790297,1.756533,-3.136165
-0.469358,-1.731614,0.811686,-1.424094,-0.030234,0.968501,-1.058730,-0.010598,3.971580
-0.121997,-1.140983,-0.286955,0.557664,0.249978,-2.067530,-0.076739,-0.527799,-0.140946
-0.206329,-1.346083,-0.616595,-0.002208,0.205180,0.745223,-0.372476,-0.180890,4.845559
0.574192,0.393071,1.979533,0.617075,-1.050969,1.208756,-1.883736,0.923291,1.527322
1.099415,0.165716,0.302220,-0.619853,1.446166,-0.277384,1.590547,0.067207,-4.626491
-0.247912,0.199201,-1.024432,1.019009,-0.530055,-1.225668,1.419134,-0.162523,-1.562850
-1.504746,0.339734,-0.648443,0.532417,-1.159293,0.659419,0.050907,0.417157,4.395026
0.884346,-0.068938,-0.959776,-0.666341,-0.953293,0.341018,-1.443990,-1.746426,2.192597
1.676760,-0.760724,-0.187298,-0.967860,0.737005,-0.875905,-1.010772,0.793755,-2.041162
0.836486,-0.072407,-0.912101,-0.841779,-1.027495,-0.768991,1.912309,0.342682,-5.960515
-0.539689,0.621883,-0.865599,-0.846292,-1.318831,-0.244886,-3.328147,-0.026751,5.330990
0.168264,-0.097720,0.595786,-1.383549,0.639146,-1.447858,-0.511116,-1.173187,-2.215889
-1.025648,-0.696199,0.152479,-0.710702,-1.729989,-0.287240,-0.057225,0.352284,0.611548
-0.521288,-2.183794,1.293612,0.081760,0.263814,1.051922,1.709993,-0.014753,1.191207
1.308867,0.818707,1.854203,-0.002043,0.127299,1.849938,0.382053,-0.289347,-2.192697
1.304619,-0.016790,0.207580,-0.715498,0.938850,-0.541405,1.089795,-0.227209,-4.703659
-0.141979,0.559539,-0.716822,0.572839,-0.170693,1.016441,-0.736589,0.201711,4.168321
0.694254,0.094077,0.377421,-1.246332,0.378569,-1.388689,-0.414898,-2.193147,-2.952277
-0.493283,-0.743100,2.445069,-0.484289,0.911655,-0.547946,1.045918,-1.022935,-2.597671
1.835796,-0.309069,-1.271455,-0.404919,-1.601717,-0.701084,0.291105,-1.204057,-3.950369
1.522966,1.861491,-0.232597,0.199734,0.990841,0.962208,-0.420056,-0.241890,-0.549478
-1.464701,1.369093,1.438055,0.783673,-0.343393,-1.533025,0.287183,0.324961,-1.937169
0.484522,-1.438503,-0.529299,-0.124193,-0.936016,-0.149521,1.930628,1.743975,-3.281972
0.281098,-1.754350,-0.753808,0.238696,-0.206616,0.034016,-0.081900,-1.298439,3.015365
1.069184,-1.487338,-0.271153,-0.215054,0.317381,-1.354707,1.016395,-1.292434,-3.152552
-1.436867,0.948017,2.303960,-0.442155,0.130882,1.194855,1.250265,0.453913,-0.842555
-1.274540,-0.620732,1.305259,-0.960447,-1.385309,1.257501,0.641181,-1.468767,1.549564
0.316369,0.970542,0.221116,-0.623377,0.317514,0.353815,-1.309787,0.928940,0.897945
-0.816336,-0.113168,-0.112226,-0.976741,-0.662823,1.341607,0.675667,0.436836,1.800987
1.429327,-0.939170,2.212938,-1.010834,-0.689753,-0.315131,1.460688,0.279607,-8.212607
0.916381,-0.816684,0.900656,2.259289,0.772061,0.246950,2.478012,0.226117,-2.606495
-0.963419,0.013018,0.637768,1.249075,0.441803,1.200454,-0.473026,0.056973,5.800268
-0.008329,0.088119,0.604326,-0.294303,1.374759,0.209323,-0.440725,0.089662,1.512698
-0.258088,-0.724486,1.346849,0.487514,-0.197632,0.775986,-0.827934,-0.721824,3.295596
-0.471159,0.610585,-0.859294,0.642336,-1.066489,0.392968,0.136197,0.868458,1.806558
-0.167715,-0.443500,0.089949,0.859195,-0.551816,1.658573,1.299132,0.012912,2.084843
0.226753,-1.637490,0.547473,0.565211,-0.314718,0.075199,0.243115,0.289537,0.999123
0.517929,0.201420,0.739812,0.865036,-1.129667,-0.971102,-0.452458,-1.934938,-1.561555
-1.335561,-0.339285,0.890156,-0.781650,1.421447,-1.151480,-0.686323,0.116877,2.019713
-0.855882,0.664910,-1.185597,-0.236899,-0.180614,-0.463308,0.150788,-0.456877,1.696450
-1.262684,0.485266,-1.604747,-0.722863,-0.590231,1.362576,0.702422,0.430652,4.075499
1.601587,2.008691,1.267194,0.240977,0.576366,0.781724,-1.355953,0.991093,-1.966117
-0.196326,0.384103,0.803643,0.019471,-0.008984,1.000627,0.712589,-0.698822,0.309397
0.665412,0.926449,1.467340,0.373295,-0.971909,0.471143,0.311201,-1.033264,-3.081583
-0.372506,-1.363117,-0.555597,0.130111,2.202390,-1.213508,-0.943963,0.704366,4.199544
1.009756,1.344086,0.408483,1.838881,-1.293092,0.773620,-0.414348,-0.338595,-0.191324
0.558144,-0.325361,0.002687,-0.701366,1.326372,0.119199,1.194795,-0.873675,-1.420665
2.644731,-0.886206,1.356417,-2.231727,1.152557,1.890812,-0.863375,-0.201835,-1.965124
-0.976851,0.592823,-0.813115,-0.279762,-0.230949,0.055413,-0.440824,1.749028,2.598768
-0.536974,-0.440972,-1.798790,-1.069749,1.402491,0.069463,-1.030052,0.537338,5.557851
0.160983,-0.329585,-0.297423,0.984673,0.154889,0.483890,-0.258941,0.623934,2.993450
-0.285081,0.495688,-1.095518,1.256671,1.016221,1.002834,-0.047962,-0.430152,5.517915
0.386774,-0.863649,-0.780406,-0.428494,-0.248456,0.153672,2.033022,-0.978446,-1.897851
-0.353573,0.320225,1.619340,0.740075,1.066441,-0.630164,0.487782,-0.021663,-1.158081
0.589139,0.032254,0.514324,-0.095563,0.656465,0.431696,-1.349261,1.782390,1.499650
-1.425260,0.459843,1.355869,0.126885,0.996953,0.366033,0.106527,0.655162,2.410564
0.143388,0.623132,0.174956,-0.253127,1.561657,0.826583,0.749157,1.106168,0.114218
0.140965,0.172662,-0.931715,0.039116,-0.862932,0.643873,-0.085700,0.783931,1.555978
-0.290571,0.312243,1.479693,-0.100115,1.189612,-0.512248,1.021745,-0.764442,-2.227057
0.289455,-0.658230,-1.330283,0.244597,-0.617905,1.183536,0.421361,-0.670950,3.229258
0.834505,-0.006704,-1.106603,0.008154,-0.229015,-0.225311,1.174858,-0.171050,-2.210724
0.936968,0.966047,-0.118699,-0.462554,1.198814,-1.379726,0.634176,2.619609,-5.576946
-0.458440,-0.512048,-0.493447,0.319825,-0.387247,-0.854455,-0.163238,-1.216861,1.757854
0.542757,0.244042,-1.027029,-1.601204,-0.764115,-0.924499,0.901510,0.405327,-4.704839
0.474338,-0.288206,-1.738540,0.590042,-1.409872,0.107915,-0.626268,1.768403,2.000806
0.648948,-0.318685,-1.544437,-0.331280,0.055511,-0.465063,-1.021839,0.528324,1.910926
0.080902,1.423328,1.958215,-1.952353,-0.407935,0.237162,-1.424303,1.873889,-3.063936
1.541926,-0.950731,0.824111,2.004924,-0.249180,-0.937107,0.718859,-1.605068,-2.890419
-0.036716,-1.541474,2.299126,-0.656555,-0.454309,-0.406008,1.340047,-0.239403,-4.144762
-0.197788,0.037107,-1.509511,0.415743,-1.388115,0.795056,-0.511046,-1.047299,4.395513
-0.275561,-1.001750,1.268817,0.768542,-0.281443,1.927768,0.710306,-0.112424,2.935366
-1.672519,-1.205384,-0.345793,0.951855,0.908654,0.410109,1.047607,-1.551581,6.096287
-1.079287,-1.398678,0.747732,2.485507,-1.402444,-1.052541,-0.928963,-1.009872,4.605649
-0.409201,-0.271102,-0.519486,0.215113,-0.100598,-0.337674,0.295611,0.056920,1.219332
0.576485,0.021395,-0.833596,-0.457866,0.483054,2.243627,0.089665,1.867891,3.012985
-1.154858,-0.358408,-0.748060,1.268970,0.038847,1.011150,0.552163,0.206903,5.763011
-0.872822,-0.591602,0.727149,1.749202,0.378099,0.843500,1.929008,0.221162,1.934438
1.474318,-1.368180,0.383552,-1.053197,0.776851,-0.046618,-0.116159,0.471192,-1.911533
-3.033281,-1.713373,-0.020377,-2.457713,-0.652779,0.642862,0.669059,-0.174096,5.062266
-2.362379,0.721486,-0.993880,-0.031680,0.701880,1.438425,-1.655149,-0.958870,11.259802
0.734570,0.361182,-1.068090,0.048265,0.837972,0.741292,-1.497668,-1.523410,4.750469
-1.019952,0.368290,0.409240,2.129588,-0.442938,0.183783,-0.274990,-1.045465,4.430372
-0.130803,-1.203941,0.806642,-0.962099,-0.117019,-0.807314,-0.326533,-1.394668,-0.272890
0.610388,1.121647,0.967228,0.965931,0.076746,-1.271517,-0.927521,0.676774,-2.318281
-0.523691,-0.157099,-0.081429,-0.925132,-0.236568,-0.956184,-0.937300,1.119387,0.469862
0.159516,0.084755,0.448010,-0.902739,0.187999,-0.306223,1.188522,0.576520,-3.682320
0.902017,-0.741098,1.640299,0.276436,0.940752,0.543994,1.383399,1.156456,-3.116356
-0.090184,0.593327,-1.089998,-0.204073,-2.465195,0.877151,0.038932,-0.593276,1.015026
1.181824,-1.186693,-0.664894,0.301166,0.609665,0.060493,-0.632834,-0.556448,2.056192
0.189644,0.640562,-0.240574,0.508434,-0.637661,-0.436500,-0.839770,0.444431,0.546248
-0.076063,0.385406,-0.120472,-0.202959,-0.385444,0.788645,-1.162742,-0.203817,3.267710
0.710997,0.981585,-0.468796,0.127211,1.164668,-0.003469,1.096930,-1.625064,-1.520219
-1.499487,-0.584255,1.449411,-0.034716,-1.147345,0.916792,0.442862,-0.796319,2.395111
-0.055000,-0.025046,-0.122436,-0.597313,0.009193,0.713345,1.241510,0.740260,-0.905854
-0.196618,-1.245669,-0.459869,-0.198002,-0.808786,-2.028032,0.645980,0.691687,-2.637579
0.313840,0.354918,-0.681497,-0.591658,0.291338,-0.186624,0.167998,1.015098,-0.888819
-0.411718,0.473701,0.840197,0.223947,1.029482,0.454304,-0.182783,-0.777626,2.266198
-0.545746,-0.215046,-1.090605,-0.390923,-0.693369,-1.089852,1.467929,-0.994344,-1.669044
-1.017802,-0.065416,0.493682,1.377842,1.289014,2.134291,0.503904,-1.812081,7.230029
0.473063,1.401410,0.224127,-0.394176,-0.109233,0.063469,2.847069,-1.301124,-6.507249
0.393096,-0.236112,0.037136,-1.929001,0.389647,-0.815425,-1.485805,0.984374,-0.742612
0.620343,1.082464,-0.764644,-0.416199,0.671311,-0.195425,0.143669,-1.289474,-0.802318
0.272858,-1.058621,-0.137172,0.370576,1.630465,-1.192498,-1.751011,0.371791,3.572851
0.416813,0.025234,0.088169,-0.264735,-0.889664,0.137469,1.088341,0.757040,-3.091097
-0.486331,-0.736515,0.210276,0.527187,-0.691503,-0.627384,-1.301645,-0.803918,3.279412
-0.244253,-1.644448,-0.599387,-0.757051,0.906261,0.505069,0.985913,0.648481,2.110702
0.661151,-0.216614,-0.245322,-1.533520,1.091909,-0.883274,1.113561,1.840684,-4.620731
0.344696,0.054381,1.181309,-0.332217,-0.569712,-0.962158,-0.760238,0.081336,-2.490455
-0.120928,0.525506,-1.274327,0.370986,0.175604,1.592312,-1.175705,0.937092,6.373447
0.542500,1.436595,0.759954,-0.951455,0.552186,1.341236,2.301497,-0.888152,-4.530576
0.710048,-0.086870,0.083107,0.860386,0.994814,0.018585,1.067871,1.637707,-1.562814
0.348815,-0.044117,0.346254,-0.151842,2.043693,0.844741,0.550088,0.685392,1.151969
0.621491,-0.058948,0.483727,-0.491900,0.956088,1.774002,-0.594102,-0.220681,2.948054
0.931887,0.787245,0.161249,-1.174911,1.352998,1.617652,1.466263,-0.492360,-2.021027
-0.108456,0.821340,0.241569,0.320892,-0.768327,0.160681,-0.739953,-0.382096,1.059713
-0.470108,-0.411179,1.652242,1.109843,0.619741,-0.123377,-0.617075,-0.595798,2.461557
0.037402,0.480527,-0.398208,0.439910,2.123973,1.785237,-1.398738,0.914146,7.219090
-0.480010,-0.010421,0.989930,0.588446,1.211429,-1.080420,-0.007523,-0.032321,0.204279
-0.644856,1.301614,-0.884263,-0.849091,-1.700467,0.044431,-0.454062,-0.213385,0.472366
0.064712,-1.776540,0.400414,-0.196787,2.819409,-1.041253,-1.450612,0.150026,4.152859
0.464754,-0.417885,-0.280416,-0.675353,-0.597437,0.946603,0.469336,-0.395018,0.118112
0.590850,1.424513,0.739631,0.637298,0.414569,2.147731,-0.275542,0.081567,2.086036
-1.192289,-1.440350,-0.452219,0.404132,0.085881,0.299735,0.158980,-0.349347,5.373361
1.029661,-1.458550,0.734259,-0.415308,-0.264801,1.794476,0.301406,-0.854267,1.075814
-0.000673,-2.210609,-1.613067,-1.286263,1.191578,1.577416,2.033718,0.862849,2.741163
-0.894098,0.884151,0.209178,-1.732623,0.886375,-0.042596,0.415482,-0.405422,-0.421188
0.709646,-0.512923,1.972921,2.348365,0.261910,0.146994,1.428372,-0.909318,-1.897618
2.632677,1.168098,1.976774,-0.751206,-0.714221,1.982203,-0.061915,1.386601,-6.137525
0.467360,0.400792,-1.974664,-0.699510,-0.139368,1.549842,-0.526477,-0.163763,4.141665
0.254429,-0.773663,0.599885,-1.127024,-0.868675,1.157612,-0.259536,-0.018163,0.689592
0.346022,0.141178,1.644032,0.969175,0.653308,0.754449,-0.446965,-0.551757,1.388320
0.055106,1.242831,-1.855210,2.543709,1.152951,-0.536527,-0.289779,-0.541208,4.323383
-0.099921,-1.567397,-0.895542,-0.647409,-0.503557,1.009068,-1.959611,0.821570,6.807655
-0.933388,-0.473944,-0.386120,0.116405,0.904170,-1.307755,0.008936,-0.725618,2.037389
-1.843673,-0.407760,-0.822575,0.680905,-1.565276,0.308323,0.777367,0.562592,3.907416
0.782179,-0.218202,-0.413070,0.811514,0.022655,0.743339,-1.065110,0.902242,3.145957
0.591464,-1.536340,0.867487,-0.872158,0.155293,-1.406731,-1.889639,-1.751664,0.595503
0.078616,-0.510146,-0.463621,-0.395502,1.051576,0.161144,-0.092252,-1.924555,2.764523
0.124737,-0.408214,0.704054,0.438183,-1.133441,0.944644,-1.389379,1.309823,2.885107
0.456394,1.734674,0.256222,0.562253,-0.728575,-0.317847,1.136713,1.357767,-4.945444
0.101469,1.014412,0.035280,0.584350,-0.123641,0.737967,0.243408,-1.681302,1.201122
-0.302506,0.708794,-1.436378,-1.313851,0.750980,-1.120366,1.311421,-0.687535,-2.327526
0.540487,-0.537213,0.684559,-1.655087,-1.352448,1.798471,0.224159,0.328549,-0.895325
0.787100,0.522575,-1.152185,-0.278194,1.071195,-1.194723,-0.785605,1.011381,-0.501660
-0.275754,0.544400,0.626348,0.957431,0.020766,-2.183278,-0.930997,-0.887184,-0.780541
-3.103008,-0.279146,0.525177,0.229043,-0.980087,-0.061250,2.032261,1.225514,1.790518
0.333277,0.114657,0.195685,1.190468,-0.129161,1.065177,0.727187,0.281853,1.075809
0.694252,0.456919,0.259285,0.799532,1.010959,-0.891212,1.897671,0.275564,-4.532532
-0.845663,1.319527,0.712017,2.274537,0.667137,-0.703780,0.008720,0.592514,1.504101
0.373041,0.726674,0.782070,0.393692,0.691012,-0.549438,-0.038458,-0.602099,-1.397890
-0.086450,1.019671,1.226695,0.567364,-0.638670,-0.103530,0.388963,0.494502,-2.462296
0.624386,-1.501133,-1.137920,-0.829843,-1.289849,0.449458,0.118618,0.354384,0.678695
1.787520,1.057575,-2.337488,2.071448,0.553846,1.793583,0.238783,-0.685106,3.733294
-0.027977,-0.240363,1.203586,-0.330836,0.989322,0.354962,-0.998918,-0.765516,2.262601
-1.526393,-1.634911,0.963786,0.587796,-0.297097,-0.103443,1.190979,1.834260,1.541379
0.145391,-1.385408,0.813415,-0.173032,-1.017933,1.623749,-0.648292,-1.881235,3.977710
-1.357445,2.078785,-0.674888,0.654216,-0.418411,1.321696,0.708739,0.271238,3.177640
-0.112443,-0.965812,1.735471,-0.000700,0.941830,-0.033267,-0.484043,0.447338,0.976026
-0.928278,-0.919708,-0.505993,0.528992,1.321737,0.423189,0.004546,-0.653234,6.004406
1.454542,0.491246,-0.468459,-1.239853,-2.580534,-0.548214,1.351618,-0.657224,-7.937810
0.211520,0.038276,-0.133605,0.131083,1.147842,1.363166,1.072605,0.095993,1.531871
-0.859496,1.656354,-0.009629,-0.534112,1.757601,-0.578996,0.082359,1.975418,-0.257960
-0.718928,0.394848,1.621032,-0.162789,-0.016888,0.540037,-0.617860,-1.795899,2.003269
-0.360187,0.372788,0.723359,-0.820962,0.344399,-0.602426,0.083862,0.129165,-1.539982
0.236396,1.771780,1.148137,-0.311892,0.302315,1.071802,0.739611,0.624940,-2.557653
0.710728,1.275523,-0.109552,1.052544,-0.826956,1.228701,-1.012076,0.809391,1.926705
-1.960759,-1.488628,-1.199628,1.069825,-0.263889,-0.263692,-0.354533,-1.276062,8.311088
1.696549,-0.460392,-0.694314,-0.228461,0.725922,-0.320107,0.664697,-0.213711,-2.725569
0.863723,0.423472,-0.191075,0.550633,1.395764,-1.377533,-1.153843,-0.192565,0.034619
0.574874,1.360108,-1.116864,-1.126612,-0.014912,-1.520924,0.114241,0.046999,-4.213167
-0.386350,-0.890586,1.540761,-0.622541,-1.247778,-1.114999,-0.493100,0.257054,-2.127018
-0.713293,0.503463,0.144422,-0.237658,-0.005240,0.252879,-0.822790,1.018610,2.536146
-0.454706,-1.822471,-0.792754,0.023482,0.174973,-0.238882,0.011750,1.033144,3.375886
0.827942,-0.029033,-1.330315,1.058097,1.091909,1.772130,1.090606,-0.520003,3.432434
0.405001,0.826537,-0.953980,-1.272197,-0.353893,-1.439383,0.156261,0.493754,-4.069990
-0.380973,-0.453561,-1.090453,2.222153,-1.213902,-0.446130,-0.948928,0.907737,4.685160
-0.922910,-0.046955,-0.022068,-0.481827,-0.864132,1.693291,-0.181131,-0.368813,4.325736
0.607369,-0.736487,-0.418657,0.712967,0.198173,0.676827,-0.296825,-0.007933,2.970508
-1.127003,1.736186,-0.599919,1.420893,1.618827,1.455766,0.256720,1.304902,5.713177
0.327268,1.472608,1.602100,1.085454,-0.501590,-0.955362,0.977308,0.478498,-5.742953
1.358383,-0.452761,-1.170335,0.553805,1.193114,-1.739937,-1.577902,-0.602399,1.160123
-0.917176,-1.153009,-0.402436,-1.690314,-0.809305,-2.121755,-2.188739,-0.027766,1.888082
-0.635023,0.324277,-0.671836,0.955869,1.490648,0.494200,-1.560669,1.313031,7.149229
-0.042662,-0.740573,1.053101,0.668614,0.359849,0.223192,2.370765,0.541085,-2.679573
-1.363259,-0.822618,1.154577,0.072505,0.136790,0.457914,-1.022802,-0.803073,5.381517
-0.015933,-1.481064,0.314574,1.211828,0.129775,-0.355406,-0.621794,-0.797191,3.562947
0.384848,0.529040,-0.791223,0.479898,-1.407116,0.264301,-0.662889,0.879595,0.858007
1.021004,0.687735,1.183189,-0.133530,0.341086,0.627066,-1.960916,0.827069,0.702142
0.339185,1.616775,-0.189370,0.037639,0.012938,-0.858910,-1.554754,-0.233856,-0.018661
1.450776,-1.217252,1.129663,-0.687607,1.352083,0.118744,0.906424,-0.424352,-3.214727
-1.664575,-0.155787,0.743451,0.060235,0.080425,-0.012430,1.088596,-1.644398,1.809381
-1.410350,-0.709690,1.300287,-0.467047,0.283876,0.823936,0.369577,2.284665,2.099329
1.110211,-1.115508,1.917029,1.283311,-0.404581,-0.006398,-1.352585,0.132775,0.453449
-0.637581,-0.764810,0.622198,0.195080,1.437678,0.788169,-0.320612,0.177158,4.697375
0.024277,1.033818,0.769448,-1.072458,-0.026689,0.140477,0.459426,1.446417,-3.355238
-1.021503,-0.669291,-1.179291,0.249685,-0.019036,0.148611,0.935055,-0.858763,3.648724
-0.239611,-0.412787,0.478374,1.500105,-0.033782,-0.518208,-0.920349,-2.293900,3.647555
0.960512,1.152547,0.817007,1.731822,0.532019,0.159114,-0.740797,-0.802950,0.572760
-1.037288,-0.376755,1.418019,0.635535,0.128096,-0.885347,-0.416597,1.918093,0.673337
1.205901,0.842444,0.411063,0.412498,-1.288175,-1.189814,-0.039874,1.768262,-5.884516
0.326600,-0.216200,0.964973,0.915387,-0.964781,0.369993,-0.671121,-0.338477,1.034554
-1.012569,-0.618337,0.828429,-0.678108,0.979443,2.524474,-0.077436,-0.524706,6.337124
-1.448940,1.249701,-0.817867,-1.211823,-0.332491,-1.244037,0.828578,-1.927847,-0.946183
-0.343367,-0.723763,-0.296595,0.116318,-0.638123,1.101552,-1.467952,-0.053181,5.975002
-1.805018,0.225055,-0.844139,0.541085,-0.129732,-0.725282,-1.860629,-0.506901,7.208905
0.759439,0.422066,-2.469247,1.351912,-0.792294,-0.377975,-0.215973,-0.621005,2.179576
-0.877148,0.634939,0.924751,2.232868,-1.334412,-0.570703,-0.093410,-1.696803,1.668249
-0.425616,0.040876,-0.982916,0.496616,0.047779,0.080448,-0.418903,-0.162614,3.780974
-0.952240,0.862525,-0.336808,0.639231,1.202131,0.263460,-3.192345,-0.711636,9.326283
0.014310,1.376548,1.660870,1.874633,-1.305533,-0.299451,-1.228791,-2.283988,0.540792
0.921391,1.411234,-0.931502,-0.495757,0.634858,-0.846358,0.112708,0.587615,-3.077464
0.157899,0.285501,1.701759,-2.944608,-0.060825,-0.740227,0.737115,1.430580,-7.537034
-1.356519,-0.738059,-0.843923,1.200670,-0.831457,1.607365,1.027028,-1.641189,6.569615
-0.614563,0.759504,0.164602,0.280456,-0.608852,0.037699,0.997640,-0.016104,-0.894843
3.047357,-1.069657,-0.135585,1.044437,-1.173707,-0.379334,-0.017436,-0.742585,-4.339916
-1.422289,-1.174729,-0.129573,-0.338322,-0.072950,0.367181,0.585294,2.170683,3.093302
0.328809,-0.994840,0.386086,-0.352654,-0.162034,1.158222,-0.315566,-0.016653,2.339815
0.181642,0.159862,0.053891,0.702609,0.449760,0.626589,0.604542,0.398984,0.767849
0.226873,0.018567,1.290841,-0.748534,2.226112,-0.480352,-1.152474,0.368509,0.617432
-0.292322,-1.570839,0.610233,0.098152,0.854216,-0.747750,0.018107,-1.063641,1.714598
0.607786,-1.285709,1.333664,0.275601,0.377166,0.291175,-2.372410,-0.470031,4.120509
0.259758,0.092980,0.471857,0.897905,-0.236224,1.033494,1.044628,-0.947849,0.276327
-0.235886,-0.912212,0.387600,0.175783,1.198172,-0.836579,0.309020,0.881180,0.286863
1.578282,-0.532014,-0.283073,-0.319055,-0.168707,0.538568,1.171948,-1.183428,-2.848306
-1.365827,-0.862300,0.233915,1.702527,0.024328,1.249894,-0.985857,0.336440,8.685932
0.387654,1.378833,0.319813,0.939399,-1.673941,-2.331823,-0.348151,1.515682,-5.682193
1.372200,-1.074870,0.089861,-0.159991,0.321585,1.337736,1.246809,-0.207332,-1.042621
-0.173051,-0.707450,-1.270181,0.454728,0.061360,0.243452,0.697494,-0.472862,2.719700
0.393923,1.341051,-0.438512,-0.997544,0.984340,0.052766,-0.880054,0.807085,0.165495
-0.786638,-0.497614,0.700979,0.778393,0.426938,0.321391,1.838896,1.443155,-0.166544
-0.340404,-0.020031,-1.009375,0.416510,0.638442,-0.975724,-2.470948,-1.632363,6.265437
-1.793181,-1.274463,-0.492434,0.169307,-2.030611,0.542913,0.211315,3.014464,3.914104
-0.454487,0.972331,1.157218,0.247214,0.009671,-0.640904,-0.069107,-0.145848,-1.382340
0.482103,-1.144434,0.080645,-1.189610,-0.804459,-0.137757,1.341324,-0.324425,-3.468926
-0.743834,1.491476,-0.632627,0.140012,-1.083160,0.737356,-2.087022,1.248336,4.904029
-0.422588,-0.026843,-0.871730,-1.628205,0.499697,-0.980334,1.256583,0.827362,-2.716654
0.695253,-1.728183,-2.799700,-0.567759,-0.708011,1.430664,-1.371279,-2.009486,7.977635
-0.140449,0.922105,0.787571,1.605467,-0.540910,0.389204,0.294238,-0.101254,0.358451
0.001572,0.726987,0.259608,-0.295960,-0.796367,0.204755,-2.772433,1.513744,3.189003
-0.283998,-1.716317,1.033927,0.136023,-0.008640,-0.521974,-0.423701,-0.289795,1.435629
0.451412,-0.549300,-1.424928,0.628158,0.506872,1.034284,-1.055786,-0.060735,6.110883
1.401693,-0.046454,-2.145223,-1.091749,1.067030,1.054795,-1.375644,-0.660051,4.149048
-1.485113,-1.460460,1.104871,1.308661,-0.868998,0.269909,-0.840103,1.882898,5.288002
0.962460,-2.425143,-0.469984,0.436973,0.486188,-1.793170,-0.507745,0.177171,0.188151
-0.182331,1.492784,0.393445,-0.399141,0.409960,0.255400,-1.473701,-0.236590,1.958227
-1.568657,-0.831785,-2.026812,-1.684956,1.626001,0.734580,-0.195594,-1.574330,8.097872
3.327565,-1.019698,-0.150068,-0.165121,-0.367530,-0.842476,1.125221,-0.045437,-8.259383
-1.668349,-0.349374,-0.971652,2.524273,1.738376,0.190846,0.475119,-0.481922,8.378783
-0.730018,-0.354290,0.216582,-1.564519,1.153444,2.288625,0.202377,1.177919,4.214378
-1.899327,0.176322,-1.958322,0.292851,0.681785,-1.763427,-0.966072,0.977205,5.492521
-0.147347,0.946679,1.144152,0.490212,0.638751,1.067578,-2.221757,-0.421467,5.114080
0.776402,2.102887,0.047577,-0.408933,0.584531,0.645658,2.123660,-1.061566,-5.002214
0.539665,1.382904,0.093081,-0.097785,1.309652,-0.133320,0.077341,-2.456625,-0.566350
0.353653,0.559298,-1.043321,-0.328711,-1.419858,0.472873,0.310103,-0.065141,-0.574773
-0.608329,-0.094427,-2.112472,-0.540901,-0.324056,0.765569,-0.594497,-0.595296,5.708252
0.993968,-2.009634,-0.303446,-0.668479,-0.163893,-1.729643,-0.903587,-0.600248,-0.976037
-1.184686,-0.838015,-0.275361,1.087202,0.490397,-0.489649,0.254037,0.972574,3.754553
1.953170,-0.078982,0.281651,-1.620278,0.318702,0.562769,-0.116738,0.089535,-3.689963
0.555243,2.028863,-0.119769,0.293856,0.372778,-0.727417,0.888907,-0.771089,-4.081678
-0.609518,-3.336137,1.491027,-0.037673,1.452472,0.588478,3.380562,2.335840,-1.308032
2.275502,0.918564,0.841647,0.594854,0.123951,-1.055585,2.649984,-0.254991,-10.875439
-0.143584,-0.160959,0.352616,0.001012,-1.234771,-0.675719,1.205860,2.200639,-4.081322
1.223545,1.735442,-1.015733,1.361802,0.048073,0.036852,-0.402008,0.975752,-0.385792
0.367315,0.250643,-1.639978,-0.113513,-1.764100,0.407910,0.905788,1.041080,-1.084071
0.465561,0.051657,-0.109253,1.465061,0.589472,1.785595,-1.555428,-1.541022,7.382030
-2.066645,0.575887,0.645797,0.197494,0.096892,-0.890923,0.747834,-0.843490,1.124460
-2.266470,0.422939,0.327370,-0.460430,0.822706,0.426725,1.554536,-1.557433,2.838290
2.107935,0.197289,-1.288193,-0.939130,1.353434,0.096194,-0.137535,0.332190,-1.847262
1.358100,-0.691936,0.051746,-1.383614,-0.429793,0.430537,-0.120393,-0.192971,-2.200663
1.899427,1.033911,0.200135,-0.717143,0.260702,-1.233797,1.949073,-0.954001,-9.627232
-0.409904,0.000989,-1.623452,0.470754,-1.014415,1.277150,1.177546,0.518269,2.776812
-1.206784,0.844642,1.445454,-0.513241,-0.277929,0.270628,-0.568705,2.074508,0.496616
1.578606,0.769971,0.501076,1.082400,0.958868,-1.166126,1.242485,1.477016,-6.287235
-0.901996,1.338337,1.259922,-0.919699,0.527997,-0.153946,0.263455,-0.160590,-1.436057
-0.246230,-2.932971,1.094045,1.254727,-0.586981,-0.427272,-0.595223,-0.436954,3.677564
2.580341,0.002406,-0.953643,-0.031011,-0.606476,-0.003810,1.006528,1.554300,-5.793804
-1.100751,-0.445076,-0.061605,0.305055,2.079564,-1.272700,1.878653,-0.364927,-0.159978
0.113818,-0.058283,1.345325,-0.485244,-0.316008,-0.196886,-1.671786,-0.015583,0.670483
0.036455,0.227983,-0.649626,0.407205,1.050213,0.723693,-1.053712,-1.558074,5.479818
-0.167198,-0.085567,0.183864,1.653358,-0.266156,-0.209024,1.476527,0.900829,-0.982358
-0.120187,0.204456,-0.506512,1.171427,0.951544,-0.592978,0.167767,0.306971,1.676349
0.245146,-0.058585,1.302169,0.055223,0.473058,0.464938,0.224961,1.822738,-1.158364
0.667523,0.041516,-0.039012,1.000914,-0.506988,-1.070433,-0.411263,2.397223,-1.924190
0.909518,-0.680763,0.056749,-0.219256,0.777023,-0.702317,0.673267,0.538523,-2.660248
-1.270175,1.001221,0.214045,-1.940234,0.217773,-0.750846,0.764509,1.024649,-2.640866
-0.175685,-0.684109,-0.072300,-0.600247,-0.720101,1.106262,-1.379279,-0.577370,4.645312
-0.170951,0.837696,-1.506156,-0.838697,0.142250,0.128569,-1.369174,1.049369,3.175494
2.382267,-1.071654,1.092493,-1.162372,0.541994,2.212371,-0.762930,0.337886,-0.224099
-0.907855,0.445789,-1.098199,-0.161508,1.119462,1.530059,-0.713611,-0.249221,7.394732
0.986140,-0.151681,1.363546,0.872912,-0.828147,0.025989,-0.704837,0.354763,-1.286543
0.734423,-0.101805,-1.099298,1.220458,0.743978,-0.677207,-1.229756,-0.170439,3.156170
0.520782,0.653790,-1.787925,0.602469,-0.568155,0.292342,-0.331277,-0.045305,2.238873
-1.591244,0.111810,-0.858357,0.247639,-0.094519,-0.664546,0.745127,-0.799214,2.535071
0.183905,-1.175210,-0.729994,-0.922855,-0.476984,-1.328643,-0.288316,-1.168277,-0.312411
0.895890,-0.132318,-1.085398,0.142145,-0.343254,-0.282511,1.332998,-0.632758,-2.374281
-0.751825,-0.374712,0.565607,0.996303,-0.752785,0.767554,-1.071689,1.069115,4.720017
-0.021892,-0.833022,1.157279,0.951342,0.848512,-0.181977,-0.570983,-0.570263,2.415762
1.105251,-0.135278,-0.578008,1.205933,0.924235,-0.635098,-1.004043,-0.947334,1.895388
-0.462767,-0.943575,1.179955,-0.618151,-0.902033,0.773300,0.431439,0.932597,-0.040433
0.356162,1.217668,0.248575,-1.663477,2.945831,0.905068,-0.518513,0.441475,1.147447
0.544455,0.705440,-0.584018,0.084762,0.624886,-1.104956,1.063237,1.345588,-3.837274
-0.509013,-1.283050,0.076321,-0.779709,-0.958808,-0.970095,1.072446,-0.129240,-1.949198
-1.215806,-0.693483,-1.175974,0.806399,-0.417606,1.537762,-2.215506,3.144998,10.370089
-2.009565,0.551262,1.481379,1.647638,0.672932,0.473825,2.089198,0.355951,1.512743
-0.688498,0.748012,-1.164804,0.043794,1.192598,1.166764,0.389201,-0.661806,4.736512
-1.878062,-0.112236,0.846354,1.655626,0.049718,-0.238396,1.735312,-0.207484,1.725837
0.144264,1.982994,1.152712,1.124626,-0.659956,1.597571,-2.915112,1.059178,4.746046
0.114186,-0.586426,-0.089313,-0.126298,-1.176264,1.335420,-0.991221,-0.375619,3.918113
0.214680,0.759054,1.575232,-0.050600,-1.460860,-0.752726,1.181772,1.609535,-6.920286
1.293446,1.001767,-0.553183,0.349128,0.967951,-1.391472,-1.501868,1.084306,-1.217231
1.107577,-0.441353,0.976809,-1.632627,-0.701144,-2.266251,0.731376,-0.151321,-9.041804
-1.900658,1.616741,-1.022334,-1.189832,2.424332,-0.017944,-0.554997,-0.801480,5.519692
0.439023,-1.473224,-0.506274,0.014111,-0.708498,1.416533,1.419990,0.018046,0.879301
0.352607,-0.235336,-0.734325,0.570323,-0.134981,-1.271359,1.239479,0.485956,-2.830135
0.831185,-0.600865,-0.930805,0.704870,-0.684777,0.916556,1.073246,-0.002286,0.500797
-0.121712,-1.392457,-0.716706,-0.175261,-0.430998,-1.487796,0.700395,-0.471263,-0.933191
0.242433,-0.801329,1.107649,-0.002917,-1.239392,-0.578179,0.825527,0.122863,-3.666475
-0.103624,-1.588760,0.129250,-0.524198,0.128098,1.280489,-1.459640,-0.516084,6.228000
-0.433620,0.614999,1.286797,0.624018,1.305431,-0.071302,-0.359047,0.781191,1.062194
0.991977,0.731197,0.741474,0.453251,-0.873738,-2.062803,0.428631,0.798627,-7.127487
-0.443041,-0.973930,1.524374,0.206626,1.228023,0.983824,-0.075279,-0.247109,3.415774
-0.921420,0.708624,0.304889,-0.606186,-1.930302,-0.436124,0.079609,1.173107,-1.720066
-0.865305,-1.622302,-0.231478,-0.956576,-2.434871,1.045919,-0.020985,0.089928,2.946464
1.412723,-0.243406,1.383558,-0.886478,-1.251763,-1.097780,0.678678,0.127822,-8.010803
1.302101,2.255235,-0.063741,-2.211532,-1.447071,0.310482,-1.394792,1.568261,-4.679539
2.606774,0.881694,0.179831,0.079588,0.489576,-1.306723,1.255774,1.050025,-9.484663
1.093202,-0.668794,-0.259463,0.860440,-0.712489,0.737178,-0.098740,0.226989,1.010037
0.113935,-1.431598,-2.441456,2.575086,0.136016,1.341054,2.012213,0.982406,5.348046
-1.786260,0.081854,-0.127216,0.504763,0.832537,2.140051,-1.630188,-0.987450,11.505125
-0.256327,-0.564750,0.248533,1.173835,-0.519679,-1.671951,-1.162582,0.023286,1.364618
1.410593,0.315229,-0.467617,0.793811,-0.765638,0.855310,0.094929,-1.327193,-0.076647
-1.539763,-1.309104,1.518573,0.623970,1.951887,-0.002632,0.902581,2.541606,2.717356
-0.636945,0.187907,0.072679,-0.757117,0.830515,-0.905605,0.367049,0.046121,49.358470
-0.522045,0.273850,0.256997,0.748472,0.083879,-1.001840,-0.162969,-0.365478,-35.130300
-0.688856,-2.116124,0.094786,-0.749499,0.199597,-0.482660,-0.353013,-0.694420,37.874617
-1.563200,0.511694,-2.795597,-0.176906,0.792875,0.012012,-0.219637,-0.564962,22.054124
1.148829,0.561032,-0.242822,1.708498,-1.934004,-0.703933,-0.409683,-0.630533,26.805410
1.204247,-0.404698,0.179527,-1.991435,-0.230010,-1.609394,0.395208,0.368266,-9.815002
1.290803,1.067376,-0.103656,-0.076787,1.945869,0.174137,-0.557629,1.118089,9.276990
0.622964,-0.641854,-1.702047,-2.483768,0.489896,0.131709,0.695223,0.070476,21.239837
3.157272,0.503361,-1.554048,-0.536068,-0.717960,-1.989431,-1.494452,2.384475,21.020376
-0.777232,1.203316,-0.268280,-1.438671,0.495263,-1.242701,0.620296,0.151133,-39.433868
0.033296,0.375209,-0.877325,0.549586,-0.069592,0.199326,0.926517,1.079263,-33.923671
0.797224,-0.226140,-0.986897,0.463153,-0.682089,0.363756,-0.567755,-0.020414,18.542189
-0.184215,-1.278829,0.659671,-0.758276,0.599832,0.928241,0.503021,-1.300819,32.358448
0.163018,-0.764858,1.307400,-0.931758,-1.576681,-1.127735,-1.523773,1.280165,-35.136455
0.013532,0.405565,0.915793,-1.376586,-1.794452,1.924320,-0.963446,1.259107,37.170296
0.056343,-0.993909,-1.982029,0.112592,-0.449291,-0.034766,2.768279,0.397527,12.362169
0.496879,-0.689669,1.165042,-0.574223,0.019796,-0.828593,0.641523,0.468728,-46.053530
-1.536851,1.344325,-0.348029,-1.239753,-0.787024,1.594783,0.356458,0.380468,-27.389013
-0.556587,0.099795,-0.214309,1.598146,2.219452,-0.250911,-0.334356,0.292734,-31.365075
0.569966,0.407235,0.635522,-0.708138,0.929422,-1.468977,-0.877515,0.055167,-10.313922
-0.163721,-0.004101,-0.523732,1.062102,-0.766997,-0.400621,1.178120,-0.268292,-13.100694
-1.523334,-1.695171,0.806894,-1.264439,-1.212944,0.201293,-2.106880,-0.905425,-37.501564
0.501805,0.940368,-0.726661,0.656437,0.319361,0.907484,0.892220,-0.524883,-35.792834
-1.475327,0.393816,0.665053,0.792251,0.159645,1.804543,-0.711431,0.135662,-24.568316
-1.349465,-0.278783,-1.305453,-1.043667,-0.508765,0.754858,1.894753,-0.117746,32.119098
0.046865,-0.253634,1.447239,-0.982411,0.842125,-1.735452,0.148816,-0.116912,36.089368
-1.505099,0.027111,0.520205,0.088218,-0.575526,1.926609,1.652166,0.184819,16.054021
-0.710911,-0.342155,0.159596,0.939157,0.101716,0.436304,1.046951,-0.980484,19.651731
-0.180508,-0.172272,0.504097,2.393448,-0.045288,-0.511893,-1.877198,-0.340864,24.841471
1.927415,-0.413921,-1.363686,-1.589549,-1.018537,0.543155,-0.037630,-1.127370,14.589964
0.214420,0.245514,0.364579,-0.180833,0.582134,-0.600846,-1.131783,-0.378020,-25.310039
-1.252212,0.252967,-1.396091,1.093062,-0.681005,-0.849059,-0.419805,-1.704671,25.293514
-0.398092,-0.508912,2.119892,-0.946046,0.553972,0.691177,-1.997966,-1.294038,-37.032822
-0.081104,0.941412,0.101264,-1.133880,0.138040,-1.094766,-0.015390,1.086549,-16.092302
0.242128,0.408570,0.410215,-1.150166,-0.247012,0.367053,0.748382,-0.320038,-19.098814
0.717781,-0.021290,-0.889171,0.851308,-0.872795,-0.497367,0.115330,-1.153343,33.218509
0.435398,-0.445464,0.354823,-1.647037,0.232758,-0.785991,-0.745627,1.331892,19.194443
-1.091778,-0.672317,-0.801322,0.869533,-0.903967,-0.606553,-2.035344,0.324937,7.622828
1.796377,-0.556599,-0.257495,-0.569996,-0.284655,0.446476,-0.366530,-0.437260,47.334902
-0.419334,0.932899,0.945690,-1.264929,-0.322649,-1.087000,0.979861,-0.316641,48.715839
-0.749167,-0.963877,0.324070,-1.167115,0.088689,-1.202790,-1.457489,0.635956,24.629226
0.628763,0.337625,-1.239974,-0.623882,-0.359136,1.378007,1.315163,-0.181766,20.426313
1.450166,0.623687,-0.548507,0.923286,0.180384,1.403509,0.316089,-0.078552,11.877276
-1.132238,0.285965,-0.491027,-0.234640,-0.540634,-1.055862,0.194595,-0.956669,33.063203
-0.662582,2.448587,1.923476,-0.710910,-0.560947,-1.172251,-0.331450,-1.226708,13.166279
0.655610,-1.653126,1.253685,0.160981,-0.133130,-0.171195,1.617441,0.310211,-32.209424
0.606661,-1.355001,-0.825225,-0.569587,-0.373913,0.798028,-0.405630,0.816753,-24.664188
-1.455353,-0.832435,1.494646,0.411359,-1.332148,0.476722,0.659351,-2.993703,-48.597980
-0.055827,-0.003954,-0.225790,2.361823,-1.144923,-0.107098,0.237208,0.533313,-32.550454
1.344427,-1.671477,-0.728747,2.631459,-0.895566,-2.359477,-1.383309,0.720900,-37.149135
-0.353729,1.152107,1.480974,-1.947362,-0.622731,0.912231,-0.497584,-0.299884,-16.811261
0.297763,0.633205,0.573168,-0.363312,0.834357,-0.312241,1.048589,-0.380891,17.551322
-0.500689,-1.061344,0.502170,2.101917,0.121682,-0.513716,0.520505,-1.630979,3.203246
-0.311970,0.035223,-0.068286,-0.116491,-0.341487,-1.291508,-0.625328,-0.449933,-2.968762
-1.395072,0.199594,-0.249341,-0.583453,-2.490613,-0.156769,-2.028157,1.235231,49.128452
-0.942351,-0.651998,-0.089232,0.997432,2.116966,-1.810601,-0.930420,-0.714690,16.850608
-1.753993,0.282695,1.334180,-0.996191,-1.613017,0.419954,0.820944,1.499496,-13.174769
-1.294832,0.678351,0.095271,3.019427,0.548858,0.179929,0.044534,-0.988095,48.892173
0.836422,-0.479501,0.584275,0.747485,-1.580329,-0.322292,0.891119,-0.742366,-17.982407
2.637267,0.174575,0.096394,-1.653021,-0.329335,-0.527601,-0.547305,-1.346922,-20.246515
-0.958568,0.238099,0.979545,-0.336836,-1.029953,-2.133831,0.396498,0.891764,-23.969191
-0.569342,-1.668702,0.286641,0.977667,0.433704,-0.197351,-0.557820,-0.275932,46.207108
-0.934501,0.360537,-0.211474,0.678100,0.187949,-0.206583,-0.586896,1.281254,33.683954
-2.438318,1.934699,0.036765,0.178728,-0.386952,-0.546521,1.396063,1.801969,29.254220
1.421811,0.499976,-0.261164,0.219277,-2.016167,-0.132159,1.778211,-0.396841,34.685597
0.794546,0.288724,0.403048,-0.257569,0.411043,1.397814,0.200498,-2.100228,-30.458865
1.472451,-0.668307,-0.027467,-3.178500,-0.925962,-0.998527,-0.390331,0.443358,42.191359
1.290301,-1.111330,-1.087284,-0.745899,-1.036805,-0.295050,-0.348562,0.069189,-13.945795
-1.318433,-0.139932,0.144224,-1.124669,1.531447,-0.138055,0.862687,-0.474735,26.557863
0.804288,-0.375707,-0.182011,-0.609345,0.499207,-1.025649,0.496670,0.160089,-25.271286
0.303034,-1.843475,0.123674,0.510119,-0.657594,-0.038530,0.417218,-0.958004,-34.339599
0.003029,1.684144,0.459480,-0.682483,-0.729510,0.885149,-0.575058,-1.541990,49.082574
-0.607542,-0.101322,-0.683139,-0.686616,-0.160882,-0.919529,-0.360947,0.217536,-6.426674
0.949502,-0.073536,-0.545169,-0.207864,0.179016,0.942120,1.135895,-1.028250,-17.683650
-0.228357,0.014012,1.069302,-0.078618,1.481808,0.053484,0.140275,-1.250510,36.976912
1.012353,2.061087,0.275561,-0.898171,1.214477,1.539951,-1.156721,-0.199300,-12.543570
0.729994,-0.575311,1.198985,-0.809881,-0.744759,2.276512,-1.249996,0.787351,35.049258
-1.031128,0.007536,-0.395065,-0.786175,-0.549099,0.160077,-0.461921,-0.058121,-49.019218
3.559562,-0.797889,1.527754,-0.505011,1.197497,0.383112,1.048781,-0.456746,-9.687871
-0.868875,2.174581,-0.134478,0.183586,-0.549463,-1.124259,-0.514002,-0.712254,-48.946258
2.167121,0.020540,-1.417754,-0.521103,-1.179369,0.643863,0.256964,-0.732233,-0.045173
0.606442,0.330321,-1.686074,-0.336929,-1.007235,-0.313703,0.340122,0.923932,13.399989
-0.685390,0.576777,0.671916,-0.285653,0.443359,-0.986248,-0.040208,-1.023872,-27.112917
1.254479,-0.384437,0.373270,-0.447648,1.017704,-1.149849,0.535186,-0.294758,-38.555666
0.819200,-0.418248,0.481807,1.046299,0.559635,2.007766,-0.824714,0.006547,-18.677741
-0.265978,0.537512,-0.106644,-0.077775,0.074173,-0.048201,-1.645300,0.279295,-47.357937
-2.169671,0.299047,-0.550994,-0.233000,0.832226,0.430882,-0.933614,-0.572105,47.650667
-0.151816,0.096761,-1.610412,-0.334906,-0.202095,0.450730,-1.007941,-0.374729,-20.196110
0.718731,-0.104671,-0.623039,0.265731,-1.143914,0.442792,-0.643532,0.884872,-20.056115
-0.023734,-1.515675,-0.829799,1.198924,-0.322501,0.379011,1.070602,0.922924,3.522003
0.757285,-0.198553,0.358863,-1.307072,-1.729449,1.425186,0.055409,1.288174,-31.890961
-1.129359,0.150666,-0.731519,0.076703,-0.258799,-0.313676,0.138825,0.788412,-4.489785
-1.468937,1.580287,1.770647,0.870301,-1.662876,-1.578203,0.070714,-1.889395,-3.092506
-0.937544,0.957635,-0.948340,-1.694972,0.294011,1.592394,0.112486,-0.264599,27.897188
0.770004,-0.435078,0.819481,0.063434,-0.071203,-1.071434,-0.920723,0.866970,-21.561753
-0.569573,1.162279,-0.725546,-0.350663,0.739425,-0.373495,1.030952,1.039865,36.972940
0.428899,0.324769,-0.580132,-0.480342,0.250743,-0.225734,1.012482,-0.134340,-26.325453
-1.227050,1.276460,0.685445,-0.670261,0.816293,-0.294526,1.105975,-0.733013,4.170223
-3.132585,-1.481824,0.355721,0.533683,-0.383505,-1.287538,1.055550,-0.613317,6.014025
0.077406,-0.883592,-1.427696,0.265943,-1.643748,-0.557369,0.659657,-2.804348,-3.493051
0.700289,-0.280071,-0.957348,-0.590723,0.272782,1.405602,-0.750145,-0.073152,-6.265526
-0.176070,0.155579,-1.298097,0.003928,-1.823612,0.016153,2.471900,-1.164460,29.096322
0.039024,-1.521826,-0.872662,3.202847,-0.570148,-0.920756,0.641573,0.780471,44.515453
1.275675,-0.993172,1.614758,-0.299852,-0.072652,-0.171630,-0.676830,0.260901,-31.803368
0.967915,-0.317373,0.722842,0.965465,-0.558223,0.814428,1.386511,0.137216,17.071117
-0.080371,-1.049546,0.802698,0.763974,-0.560100,1.200286,1.347594,-2.118574,44.560420
-0.754606,0.286220,-0.824807,-0.965839,-0.277664,-1.306757,0.722088,-1.043688,17.059612
1.482329,-0.166299,-0.390050,1.101652,-0.404041,-1.652728,-0.659882,-1.687786,-13.543369
-0.047670,-0.908250,-0.387157,-0.395298,-2.003097,-0.273198,0.244942,-0.087218,-4.656124
-0.070514,-0.209011,0.564572,0.320014,1.309610,0.384423,-0.347073,0.116558,-37.150827
0.776440,0.616118,0.052654,1.092038,2.277937,0.406324,-2.390640,0.248658,43.686977
0.207881,1.280950,0.674097,-1.578876,2.117227,1.788567,-0.095525,-0.604234,-41.552887
-1.126436,0.191975,2.085290,0.033051,-0.487258,-1.197353,0.583712,-1.079745,3.069489
1.252108,0.266191,-0.479267,-1.078912,1.041878,-0.146428,1.100623,-0.489405,-37.637757
-0.623887,0.233307,-0.713853,0.556126,-1.999310,1.203452,-0.951536,0.151914,43.403419
-1.004238,-0.428010,0.090255,2.213365,0.209881,-0.801656,0.326867,-0.812363,24.505007
-1.346807,-1.603325,-1.456748,0.171110,-0.094059,0.123180,0.865193,0.216932,32.508041
-0.011297,-1.450917,-0.099773,-1.256477,1.230888,0.201229,-0.378530,0.802364,-5.244592
0.277634,1.117089,-0.246119,0.911779,-0.559633,0.097197,-0.568212,-0.095108,44.119960
0.816895,0.084559,-1.206721,1.287480,-0.218769,-2.336641,-0.244787,0.708059,-9.393274
1.485760,0.128937,-1.359232,0.659304,0.689487,0.604642,-0.657188,0.729352,-6.327415
0.097674,0.812465,-0.303062,-1.034118,-0.171583,-0.250457,1.816870,0.483950,-16.428484
-0.766456,2.315806,-0.513770,-0.180354,-0.151738,-0.154030,0.914559,-0.924492,18.177103
0.882869,-0.436974,-0.671102,-0.534078,0.053890,1.070693,-0.893571,1.258199,39.563390
1.086721,-2.153070,0.626773,-0.342961,-0.385655,-0.570673,0.168651,0.815273,-35.989532
0.484616,0.816427,0.296030,-2.207602,0.229123,0.160555,-0.093956,-0.727183,-43.537854
0.069399,-0.836286,-0.397692,-0.498466,-0.197209,1.408046,0.294274,-1.380414,21.019355
-0.614324,0.438259,-1.339044,-1.072342,-0.099012,-0.769416,0.519408,2.117649,21.005510
1.544799,0.177214,1.120580,-1.149342,0.844737,-0.925080,-0.098103,-1.166191,-33.428322
-0.342244,0.775094,-0.372386,-0.897818,-0.022856,-0.322525,-2.115321,-1.155124,-28.924324
-0.167372,0.002296,-2.221563,-1.409576,2.010667,-1.716400,2.128034,-0.557131,-39.735272
0.566317,-0.448948,-0.583741,-0.596397,-1.204788,-0.907403,-0.907014,-0.291659,-39.885210
-0.011645,0.777865,-2.753326,1.775256,-0.495912,0.530142,0.521989,0.765882,-7.829627
0.707432,0.727546,-1.001960,-0.003643,0.075490,-0.589321,0.077506,-2.084172,-14.534465
-1.654504,0.019008,-0.741920,-0.434758,-0.051709,0.270165,1.198346,0.473824,0.561178
0.105967,-0.493792,1.195279,-0.826185,0.766642,0.483501,-2.323339,0.057880,-46.317714
-0.170353,0.967281,0.389283,-0.143644,0.866013,-1.479646,-2.016992,0.686364,-16.703155
0.451370,-0.636571,0.506470,0.391783,-0.185536,2.623742,-0.486788,-1.072489,13.287223
-1.435343,-1.037268,-0.059026,-0.818363,0.767736,-0.067591,-1.025985,-1.613547,29.816151
0.529123,0.463560,-0.137701,-1.106439,1.292111,0.371317,-1.053309,0.098858,-47.908201
0.468419,1.169135,0.266700,0.703565,-0.691156,0.556028,1.092449,1.841445,31.675218
-0.033565,-0.061161,0.259164,-0.770394,-0.387630,-0.771201,-0.122800,1.692177,-22.973932
0.309596,-1.023318,0.663274,0.654778,-0.179516,0.869189,-0.231011,0.356608,-30.254295
0.435006,-0.967398,0.247364,0.351662,-2.312352,-0.491948,0.616319,-0.716235,-42.760587
1.480691,0.082829,-0.077356,0.527590,0.928707,-0.190854,0.722712,0.889003,-49.337177
-1.018832,0.721194,-0.769971,-0.914388,-0.305788,2.023517,1.366673,-0.721850,-6.139821
-0.563188,0.104455,0.324422,0.792324,-0.226518,-0.596810,-0.852766,-0.783861,43.629798
-0.079105,-0.751262,-0.489176,0.324817,0.009257,0.579591,-0.919483,0.588182,41.589001
-0.750039,0.355566,0.667441,-0.610488,-1.191193,-0.049494,1.011974,0.994589,-20.710324
-1.979912,1.749876,-0.704400,-0.853275,-0.417500,1.463690,0.817160,-0.126107,10.709702
0.134388,0.365211,-0.800136,0.459181,0.437950,-0.386958,1.076752,-1.200912,38.447902
-0.653175,0.421055,1.023513,-2.365877,1.523009,0.043810,0.182210,1.435795,39.756445
-0.415990,-0.544488,0.252370,0.600987,-1.717944,1.301172,-0.163956,-0.659888,-39.269689
-0.164375,0.053198,0.012166,0.289934,0.399834,1.456943,0.118445,0.656903,15.418514
0.416826,-1.418448,0.340478,-0.292513,1.002578,0.099376,-0.340632,1.813648,-34.248055
-1.101070,0.575261,1.374242,-1.487301,0.214004,1.207435,-0.775700,-2.077399,14.445070
-0.435389,0.491578,0.618176,0.513685,1.592131,-1.398402,-1.155465,-0.486007,-40.575275
-0.772590,0.074563,0.747900,0.452430,0.068714,-0.196785,-0.757412,0.733245,0.010807
0.416026,-0.603706,-0.255650,0.239902,-1.958215,1.476473,-2.536216,1.600649,-32.541074
1.235950,1.563781,-1.426823,0.049714,1.572514,1.713568,0.455092,-0.119290,28.182045
0.562170,-0.024282,1.018120,-0.273120,-1.510435,-1.854658,0.149509,-0.894799,45.546812
0.248901,0.250069,-0.097591,0.389315,1.288656,-1.435159,0.902567,-0.746589,15.161065
-1.239792,0.965632,0.272367,-0.242338,-1.264790,-0.541025,-0.398440,-0.497765,45.601579
-1.021470,-0.201348,-1.975432,1.996165,0.281052,1.236315,0.102541,-1.272222,30.952386
0.448267,-0.201196,2.394247,0.646465,-0.649572,0.119501,-2.662520,-0.429497,-41.724293
-0.126714,0.651496,1.380672,0.155856,-1.982281,-1.493641,0.322555,0.053513,34.551903
-0.069224,-0.993771,-0.227545,0.170167,0.624054,0.028534,-0.472767,-0.667956,-21.458359
0.963293,-1.881069,-1.155244,0.384338,-1.199884,-0.262363,0.342064,0.639074,-3.815379
-2.055193,-0.431666,0.534246,-0.214304,0.147280,-0.665365,0.726036,0.825448,17.900153
0.868958,-0.199568,0.816257,0.194191,-0.716903,-1.319053,-2.330414,-0.768018,39.291811
-2.068216,0.139218,-0.370189,1.382454,-1.013079,-0.037318,-0.508602,1.254861,-4.547824
1.075781,0.365395,-1.296142,-1.365977,1.310501,2.520871,0.015461,-0.698715,-8.890904
-0.990725,-0.707072,-0.920019,0.127750,1.434436,-0.198913,-0.483460,-0.650900,41.811381
-1.197998,-0.341160,-0.106225,0.126984,-0.086674,-1.657280,1.359888,-0.265561,-44.578836
0.409570,1.002751,0.865788,1.113428,0.633585,0.337012,-0.864803,1.011655,0.032413
-0.140109,0.671187,1.296806,1.072692,-0.610853,-1.168388,-0.045523,0.493422,-41.660390
-0.361615,0.243417,-0.492306,-0.451290,0.602392,-0.324863,0.765869,1.788056,-6.522117
1.814084,-0.157491,-1.131275,1.020104,0.806104,2.915465,-0.022447,-0.528263,-11.367073
0.376134,-0.610524,0.330538,0.298765,1.195194,0.409080,0.262431,0.392295,-43.619340
0.937083,0.559888,-1.058515,-0.790245,-0.913993,2.060906,-0.000276,0.902375,-38.986580
-0.657575,-1.126025,0.384627,0.070473,0.121359,-0.092936,0.914806,-1.411814,-16.728538
0.239218,-1.772288,0.101858,0.936112,1.132314,-3.302540,-0.633807,0.720723,-2.815741
-0.862596,0.391447,-0.063818,0.737764,0.536838,-0.192387,0.902590,2.111916,2.725614
0.050887,-1.140693,0.821568,0.579838,-0.485422,0.930423,0.646178,1.150128,46.686185
-0.725252,0.808884,-0.386037,0.142293,-0.094348,0.284198,-1.154963,0.214170,-30.835702
0.809315,0.845771,-0.951992,-2.100314,0.667629,-0.955800,0.450107,-1.650206,-33.678534
0.867541,-0.081847,-2.153837,0.487271,-1.557557,-1.546761,1.195776,-0.613800,21.420242
-1.312966,0.940826,0.294590,-0.347712,0.858983,-0.159364,0.427370,-0.118069,-24.194174
-0.082863,-0.489644,-0.480736,1.745949,-0.360114,0.881052,-0.353758,0.975792,-28.316648
2.016119,-1.187089,-2.124603,0.785034,-1.885473,0.360128,-0.098874,-0.429121,39.135523
1.027036,0.003525,-0.706384,-0.493881,1.368667,-0.503158,-1.095459,-0.301524,31.439050
0.043517,0.114199,2.017977,1.949321,0.980987,0.629158,0.320771,-0.290288,-47.107287
1.149424,0.883123,0.455101,0.107058,0.487469,0.491915,0.077148,0.428617,45.236519
-0.982120,-1.065342,-0.235494,0.068294,0.030823,0.874192,-0.803372,-0.489751,33.858195
-0.014930,0.249082,-1.340509,-0.628086,1.379461,-1.847256,0.702508,-0.440035,-37.011978
-0.276285,0.203904,0.845139,-0.661161,0.241165,-0.513298,-0.130228,0.495453,37.006960
0.464994,1.630119,1.188695,2.246007,-0.508824,-1.853719,0.394246,-0.655159,49.856589
-0.339847,0.757703,-0.849411,0.652435,-0.258983,1.651909,0.438769,0.571979,34.295882
-1.308239,-1.669628,0.383920,-0.350190,0.364002,0.180560,0.683972,-0.372859,-44.518585
-2.425341,-0.283496,-0.755975,-0.532000,-0.630320,-0.653831,0.480395,0.650898,18.944462
-0.436326,0.356775,0.660312,-0.965069,-0.788820,0.403873,0.051521,-0.727669,44.656183
0.010291,-0.793875,0.036563,-0.133617,0.864452,0.186013,0.202979,-0.420821,19.103032
0.642755,2.729705,0.422564,-0.203895,0.245782,1.477543,-1.044366,-1.274887,28.975538
-1.130069,-1.245643,1.167982,0.087359,-1.235590,-0.881460,-0.795538,-0.949121,7.660263
-0.352147,-0.806807,-0.004810,-0.331622,-1.594523,-0.601697,0.023477,0.164376,-39.352226
-0.654137,-1.257911,1.396236,-0.294553,-1.902342,0.138253,0.047339,0.787557,-27.710350
1.874283,-0.168508,0.698046,-0.882018,-1.237124,0.563089,1.444179,0.317370,0.196310
-1.214590,1.463484,-0.483894,0.564322,-0.969517,-1.657400,-1.981949,0.203856,-45.121858
1.771179,-0.184405,0.043074,0.188614,0.421663,-0.260453,-0.471147,0.890194,7.229830
-1.360787,0.464101,-0.072441,-0.939440,-0.818359,-0.352058,0.555584,-2.292440,-46.749070
-1.327836,1.825181,0.213570,0.306579,-0.171504,1.608935,-0.916901,0.752999,-10.327181
0.567050,1.974458,-1.661250,-1.298717,-0.249333,1.023796,-0.286936,-0.327316,-15.367067
-0.222578,1.816147,-0.408729,-2.222942,-1.512593,-1.743276,-1.204601,1.113811,1.279957
1.070018,-0.863449,-1.230894,-0.081499,-0.131041,-1.455268,-1.406919,1.109086,-41.097009
1.819626,1.768628,0.483497,-0.999950,-1.179903,-0.673672,0.408946,-0.392838,32.599839
0.397568,0.628128,0.779699,0.437044,-0.540767,0.047535,1.530594,0.022209,33.323021
-0.911703,-0.109960,0.044338,-1.057583,-1.360248,0.697195,-0.788483,-2.391067,-23.879434
0.656901,1.643420,-1.569617,0.031513,0.252356,0.621677,-0.425562,-0.590077,-0.992528
-0.060141,2.184653,1.711150,1.263568,-0.026632,-0.152196,-0.004392,0.265678,9.391860
0.618539,-0.471237,-0.813434,0.870419,1.439861,0.628521,-0.213669,0.890281,47.753444
-1.751512,-2.858662,1.661856,1.907639,0.193705,-0.689512,0.979211,-1.044026,40.698007
0.855544,-0.988868,-1.227689,1.505197,-0.469555,-1.064364,-2.042384,-1.642487,10.687751
-1.181045,0.911590,0.284640,0.626572,-0.946783,-0.559694,0.274702,1.575552,-40.045502
1.700368,-0.426409,1.191586,0.573967,0.756651,0.447914,1.677948,1.251246,-42.634780
-0.180353,-0.267556,0.876759,0.163719,-1.187744,1.218655,1.936456,0.554043,-9.499431
-2.203720,-1.153938,0.904426,-1.590605,-0.490703,-1.986964,0.262410,0.481114,22.928479
0.823143,1.788781,1.062512,-0.708994,0.268327,-1.188070,-0.679778,1.404218,30.533002
1.592684,0.621744,0.116069,-1.303961,0.500979,1.817783,0.904446,0.699984,48.398083
1.268801,-0.201407,-1.124087,0.448275,-0.604446,0.077421,0.459338,2.922864,-7.574911
1.199013,-0.420429,0.919088,1.118963,-1.379070,-0.137921,0.251009,-0.637388,-43.239373
0.569140,0.451344,1.715197,-0.868403,-0.504270,1.500607,-1.689813,-0.484777,30.408236
-0.641908,-0.166157,-1.870194,-2.202277,-1.518047,0.626886,0.060107,0.509481,-27.666794
0.090835,0.343591,-0.001026,0.787451,0.935990,1.678756,-0.097274,0.232115,35.632184
0.129568,-0.118148,-0.313460,0.656761,-0.895853,1.138929,-0.527502,-0.025559,-29.553581
-0.138877,1.597534,-0.864419,-1.507468,1.254390,0.218387,0.625174,1.311390,-26.765806
0.345171,-0.016425,1.464549,-0.683776,-1.136168,-0.253531,-1.065243,-0.690756,-33.402983
-0.622227,0.972200,-0.680036,0.886932,1.052667,-0.052268,-0.244420,0.845519,34.983254
0.660244,-0.227378,1.681508,0.357277,-0.762060,0.703770,0.275436,-0.222943,39.016685
-0.221802,-0.655954,0.361129,-0.244028,-2.639992,-1.305079,-0.302571,-1.515336,49.889963
1.332810,-0.090510,-0.366486,0.602637,-0.960028,-0.652171,-0.283371,-1.896760,-24.436636
1.082962,0.405895,-1.922348,-1.869195,2.427598,0.128570,-1.406369,0.127189,-28.879254
-1.565687,0.937017,-1.796988,-0.998365,0.653291,-0.499185,1.056067,-0.584543,-45.491623
0.278618,0.354021,0.326640,0.723570,0.830771,-0.138148,-0.384288,1.220328,43.167764
0.036602,0.944360,0.215404,-0.853615,0.268392,-2.393682,0.662706,-1.129010,10.590456
-1.075272,1.810683,-1.662533,1.473349,-1.325149,0.513549,1.261595,1.333111,48.661170
1.382172,-0.920084,0.899695,0.196398,-1.403299,-0.443641,-1.528823,-1.191102,-18.622363
0.869057,-0.135946,1.089129,-0.595255,-1.521560,-0.697051,0.479846,-1.887266,3.960699
0.730873,-2.214672,-0.072204,0.878357,-0.722748,1.383012,1.651043,-0.011435,21.927639
0.347086,-1.832567,-0.789722,0.271699,1.043544,2.430309,-0.147789,2.280435,13.584228
2.223749,-1.527983,1.993889,-1.076369,-0.525629,-0.901428,0.238958,-0.775627,6.397654
0.228505,0.443558,-0.921650,0.728370,-0.657483,1.494580,-0.115054,-0.242732,48.096767
1.870373,0.902545,0.265569,-0.304703,0.647545,-0.662969,-0.225350,-0.237410,13.007835
0.384247,0.046348,-0.053360,1.753061,0.903581,-0.272189,-0.104810,-0.012670,-45.097616
0.807625,0.208447,1.564745,0.222682,-0.028843,0.942311,-0.704821,-0.689664,29.193482
-0.742156,2.513740,0.340835,-0.865158,-0.125819,0.149619,1.265492,-0.051527,10.501155
0.638845,-0.775425,0.718251,0.810081,2.416777,0.965995,-1.516658,-0.292720,10.243814
-0.031260,-0.431087,-0.611101,-0.027444,1.383996,-1.109485,-0.465579,0.415391,15.787523
1.394494,0.550886,-0.604847,0.659409,0.733937,0.104434,-0.109804,0.177432,36.801813
0.346013,-0.163674,-0.384169,0.006617,-0.730874,0.328138,1.093018,-0.359662,26.624073
-0.174892,-0.974220,0.644529,1.589571,0.554492,-1.287906,-0.768172,-1.968354,27.689345
0.418740,0.627199,-0.876273,-0.510368,0.886339,0.337536,0.446116,-0.104412,0.989575
0.708925,-0.386086,-0.678123,-0.452888,0.099926,-1.433039,-1.320487,-1.050292,-24.870478
-0.853517,2.224428,-0.617646,-0.167895,0.294593,-0.229305,1.524386,0.940987,-25.792117
-0.489173,0.179828,1.415048,-0.542579,-0.211567,1.146376,-0.431584,-1.791787,-34.288114
-1.463874,-0.784249,-0.590830,1.166540,-0.159123,-0.770451,1.348941,-2.299933,40.948890
-0.760575,-0.389064,1.002299,-0.839083,-0.332966,0.848191,0.084557,-1.251077,39.704053
0.255985,2.642024,-1.259906,-0.693046,-0.400992,1.595163,0.364710,-1.109385,-48.171568
1.610800,-0.439917,-1.467520,0.200225,-0.526239,-1.010309,0.638659,-1.853730,-2.997874
0.337601,1.183591,-0.348265,0.720857,0.290715,0.389820,1.007179,0.728050,-37.738069
0.869047,0.888892,-1.018707,0.356904,0.371457,-0.997575,-0.347319,-0.949709,-44.262822
-1.023273,-0.853210,-1.703546,-1.260547,0.985809,1.635838,0.920499,0.934245,14.864326
0.267292,1.057424,0.772575,-0.879971,0.159121,-0.076902,0.282263,-1.005669,35.735188
-0.208095,0.452823,-1.338015,-1.395574,-1.616815,0.686775,0.468572,-1.557753,15.211855
0.466201,-0.925870,0.813822,0.244266,-0.186482,1.069579,2.178736,-0.473046,49.435779
-0.127341,0.928521,-1.845350,0.595985,0.317416,-0.115088,3.262944,-0.638107,24.986811
-0.307628,-0.893231,0.748113,-0.178557,-0.286968,1.400141,0.327606,-1.499267,37.805828
-0.786109,1.651436,0.669995,0.733398,-0.795474,-0.846351,0.749449,-0.244669,24.631606
-0.108393,0.899501,-0.771730,1.271352,-2.354752,0.397271,1.388760,-0.554631,-28.947831
0.720892,-1.349704,0.079086,-0.014285,0.744656,-0.508244,2.138999,-0.004207,45.201426
0.288399,-1.494136,1.224208,1.943820,-1.203841,0.228476,-0.463106,-1.663025,-2.519732
-1.344287,-0.651083,0.859487,-0.799695,1.202533,-0.418002,1.916278,-0.108749,36.335141
-0.132029,-1.433348,-0.909092,0.453327,0.217752,2.266375,0.465918,-1.156421,28.795913
0.428464,1.032577,-0.357547,-0.776785,-1.385050,-0.364515,0.325442,-2.540949,30.397608
-0.339198,1.496670,2.435996,0.727405,-0.803289,-0.608330,0.748355,0.562694,-2.180102
0.771410,-0.814570,-0.541280,-0.087485,-1.042215,0.059179,-0.768054,3.161811,8.641897
-1.850923,1.539242,-0.811246,0.392211,0.930095,-1.206413,0.298686,-0.866750,-32.406806
0.965951,0.222777,0.943566,0.473014,-0.353806,0.052779,-0.391521,-0.390943,-44.652919
-0.099700,-0.181059,0.642752,0.270088,0.504113,-0.694150,-0.015765,-0.191987,-29.149971
0.109924,-0.836822,1.293341,2.654797,-1.417482,-0.713495,0.040076,-0.807352,-21.859335
-0.411841,-0.140140,-0.952770,0.902235,-0.824566,1.098820,1.062304,0.970570,-32.545569
0.598258,-0.856370,-0.060754,0.751283,1.248372,-0.071308,-2.997172,-1.042978,40.567998
-0.183427,2.211983,-0.378920,-0.240882,0.487042,0.276220,0.685839,-1.741156,6.288244
2.343671,-1.572792,1.357394,-0.061632,-0.797091,0.704765,-1.200668,0.540186,-34.581699
-2.046285,-1.025818,0.594735,-1.130257,0.300369,1.106377,1.097778,-1.023967,38.513935
-0.135563,0.572706,-0.985867,-0.005631,-1.127347,0.185497,-0.439129,1.184781,27.798327
0.705160,0.247439,0.655687,-1.482021,0.798554,-0.806621,1.159735,1.343140,49.544347
-1.631887,-0.837371,-0.764885,0.548185,0.849041,-0.283026,0.338214,0.995343,11.738921
1.212808,1.577615,-0.481326,-0.704756,0.179888,-1.182597,-0.201791,-0.518918,45.416924
-0.331265,-1.662445,-2.073542,0.164290,-0.209093,-2.047339,-1.863039,-0.313094,36.061457
0.538853,0.292974,-1.055685,-0.177880,0.584013,0.998098,-0.078724,1.760800,-11.645012
-0.243009,-0.218558,0.970550,0.110311,1.214861,-1.261759,-1.645957,-1.146144,45.719772
-0.465416,0.432136,-0.001885,-0.459843,-0.287328,0.644512,-0.162116,-0.276978,-48.175043
0.398421,0.050810,0.880904,-0.676086,0.302841,0.226739,-1.493371,-1.016840,-25.064784
-0.416257,-1.022634,0.628385,-0.045966,-0.808225,0.923596,1.127511,0.815839,-27.798248
-0.154353,0.192405,-0.835229,-0.475988,1.205334,-0.845545,0.482649,0.093172,-17.670041
-0.322960,0.950241,1.375335,-2.069733,0.589613,0.382699,0.288081,0.108933,19.735316
1.353361,0.591765,-1.255928,0.312617,2.055249,1.345901,-1.562129,1.901374,30.190967
0.116917,-0.000789,1.467178,-0.541585,-1.072290,-3.314207,0.684062,-0.106736,-28.692545
0.575728,-0.990215,-0.201006,-0.224045,1.107945,-1.710956,1.687008,1.188924,-21.057543
0.275239,0.514391,1.298259,-2.467481,-0.436142,-0.392277,1.615834,-1.831015,17.726720
-0.198273,2.844178,-0.590984,0.344869,-0.582547,0.538379,-0.372898,-0.986124,-9.714001
0.689817,1.275019,1.674901,-2.154441,-0.119360,0.906093,-0.333551,-1.867294,32.867093
1.629702,0.942644,-0.060485,-0.243302,0.565009,-2.442766,-0.220629,0.352721,-18.416917
0.018137,0.380692,1.824147,1.558079,-1.685005,-1.416342,1.778645,-0.431867,-9.355549
0.277416,-0.500673,-1.447818,0.967604,0.470538,-1.484984,-0.344078,2.261538,25.659451
1.366322,-0.028421,-1.681971,0.964439,-0.049491,1.180495,0.752032,-0.614601,-18.317575
-1.119713,1.542426,0.418769,0.752094,1.111895,-1.262569,-1.549958,1.335793,16.292482
-0.367575,-0.968133,1.247341,1.027005,-1.954845,0.098018,1.193013,-1.122997,-34.063982
0.081783,-0.474304,0.959194,0.854347,0.211130,-0.399742,2.428369,0.883182,-47.893874
1.045743,0.538129,0.199050,-0.873090,0.247936,-0.156280,0.558022,1.021168,4.840195
0.523472,-0.717859,0.760915,0.229586,-0.532337,2.090096,0.672202,-0.449842,-36.260110
0.765808,-0.131563,0.624208,0.804209,0.049582,-0.188318,-1.505782,-0.374725,34.804902
1.698173,0.732302,0.211115,1.472140,-1.524114,-2.333834,0.758419,-0.694596,-24.793356
-2.365078,-2.149987,0.535354,0.148267,1.484791,0.617957,-0.252479,-0.428662,-35.013238
0.088038,-0.058622,1.450949,-0.221865,1.281775,0.690009,1.190117,0.338405,40.167381
0.177229,0.927900,-1.470146,0.257459,0.253311,1.641456,0.228461,-0.970106,23.719868
-0.353176,-0.791066,0.800835,0.766354,0.240100,0.139039,0.306767,-1.019137,-41.967216
0.542914,-0.962863,0.023668,-0.484242,-0.095971,-2.059361,1.090798,0.037328,-2.674786
-0.003148,1.189156,0.936329,-0.154828,-1.132383,0.474887,-1.033071,0.502927,29.914685
-1.057616,0.469804,-0.516543,-1.259537,1.011423,1.578839,-0.687264,-0.238849,8.619466
0.501931,0.455687,1.275015,-0.408261,0.552579,0.771157,-0.596008,0.183458,-13.645628
-0.705617,0.065463,-1.662068,0.875684,0.689254,-0.427804,-0.805399,-1.965905,17.787029
1.220204,0.913258,1.287771,0.373595,0.651999,-1.696116,-0.533522,-1.301286,27.325280
-1.631205,-1.048143,1.242351,-0.086292,1.256237,0.803938,0.852626,1.445274,29.759730
0.647601,0.260309,0.141013,0.097181,-0.260270,-0.101826,-1.166693,1.452972,-46.151515
0.920061,0.431985,-0.943442,-1.280379,-0.093430,-1.003488,0.020362,0.358007,40.152859
1.246020,-0.614520,1.047379,-0.923408,-0.413205,0.906935,1.347359,-0.991767,-6.440703
-2.434322,1.473925,-1.501506,1.008476,-1.136651,1.623355,1.469322,-0.763932,-11.423961
0.531913,-0.043965,-1.788982,2.169572,-0.822075,0.814705,1.628090,-0.815059,11.882939
0.890595,1.826314,-1.149086,1.396372,2.212117,-0.081068,-0.600018,0.514356,11.253190
-2.157179,-0.840783,0.784980,-1.685160,1.653432,-1.108386,-0.451458,0.005623,34.014345
1.222649,-0.725485,-0.116620,0.485651,0.303465,0.111255,0.993081,0.027873,3.991281
-3.105496,-0.298954,0.727090,-0.149816,-0.435820,-1.766527,-2.291593,-0.967230,25.646753
-0.059627,0.352715,-0.259752,-0.826980,-0.607213,-0.836939,-0.349916,-1.325437,35.258968
-1.443444,-1.512472,-0.961770,0.860747,0.437287,-0.608927,-1.246109,1.278422,-21.537203
-1.344854,0.278695,1.787943,0.592621,-0.504130,1.167368,0.036388,0.780052,-48.524380
-1.225272,0.088121,1.922327,0.287166,-0.855287,0.432730,0.093721,-0.001303,44.404998
2.153134,0.666318,0.595945,-2.047670,1.028815,0.945270,0.800633,-0.391539,-0.905781
-0.207036,0.654179,-1.666604,-0.451611,-0.608160,-0.164073,-0.347012,0.919095,1.052121
-1.750787,-0.015110,-0.863552,0.314505,0.026767,0.160478,-0.889610,-2.398310,-13.927158
-0.406980,0.870508,0.606665,0.223101,0.619867,0.937241,0.899205,0.585594,1.014476
-1.311564,-2.476618,-0.900656,1.315890,2.060965,1.986815,-1.102470,-1.066515,37.724059
-0.283291,-0.321751,1.642217,0.254952,0.201844,-0.417190,1.565289,0.218418,32.481502
-1.412364,0.065597,0.774336,0.207733,0.370800,-0.052973,-1.223051,0.596114,33.785862
0.361541,1.680287,-1.529519,0.263757,1.054107,1.366008,-1.958218,-0.800408,8.391567
-1.132937,0.383336,0.351555,-0.574781,-0.521434,-0.234849,-1.331940,1.424950,10.273034
-0.230014,0.228648,-0.878881,0.536484,0.394318,0.115546,-0.584125,1.735589,-37.690174
-1.357750,0.196008,-0.124033,0.407021,-0.757586,-0.978964,0.507481,-1.191123,39.358654
-0.631906,0.526977,0.310854,0.780726,0.909325,-0.185804,-0.146031,-0.392729,-19.376654
-0.058793,-0.868078,2.664303,-0.524718,-0.461510,2.423578,-0.473278,-0.160126,-46.827239
-0.845697,-0.234498,0.646129,0.526794,-0.532651,-1.683872,0.430975,-0.205830,-5.225372
-1.084601,-0.356869,-0.609870,0.382474,1.669002,-0.256492,0.086587,0.090741,-34.434547
0.335606,-0.661833,0.211359,1.189772,-0.501714,-0.543470,-0.522304,-0.839420,26.851628
-0.618857,1.226059,-0.130537,-0.562487,0.107005,0.010899,0.132251,-0.738245,33.504184
1.992969,-1.146634,-0.766243,0.367996,1.139642,0.293409,0.169619,0.242417,-33.980776
-0.641148,1.495035,-1.940368,-1.524235,0.347674,1.131074,-1.656017,2.082466,-1.446868
-1.890868,-0.359666,0.421208,-2.700083,0.390545,0.518351,0.786432,-1.021202,-47.045743
-2.449573,-1.993136,-0.806528,-0.217961,-1.411878,0.000131,-0.447322,0.094946,19.239627
-0.373003,0.284950,-1.354137,-0.570330,1.041375,-1.024976,1.556298,-1.112116,-9.623499
-2.859789,-0.497293,0.666031,1.284470,0.955324,0.435117,0.936184,-0.320962,-48.622837
0.335233,-2.113623,0.717280,-0.942692,0.302964,-0.197453,0.962289,-0.637497,-45.305028
-0.086359,-0.591129,0.703988,1.316735,-0.849553,0.823971,1.243219,0.182817,-42.492140
-0.510065,0.167195,-0.312917,-0.338708,-1.345296,-1.129345,1.080689,-0.044814,-28.305625
0.346644,0.091999,0.301531,1.243154,1.256351,0.034620,1.224944,-1.680982,-24.152148
2.452063,-1.592491,-0.286468,-0.095034,1.026080,-2.183178,0.987653,-0.742707,-30.760247
-1.542905,0.893247,-2.168753,-0.545035,-1.575723,0.427140,0.231572,0.264328,-40.004115
2.992967,1.413998,-0.399445,-0.968526,-1.424337,0.754177,-0.259090,0.839474,13.996884
0.849403,-0.757023,-0.286913,-0.649003,1.161535,0.178710,-1.803811,-0.659445,-28.835267
-2.235013,-0.340156,-0.564557,-0.703912,0.655477,-0.349875,0.814742,0.647832,37.685614
-1.155997,-0.189684,-0.493788,2.066431,-1.247858,2.151962,-2.442822,0.205987,-40.156926
-0.728099,-0.792535,-0.181179,-0.796556,1.320943,2.302008,0.802177,-1.251281,-11.230246
0.743096,0.870335,-2.076983,-1.555138,-0.008439,0.661226,2.091486,1.757208,-34.095007
0.272218,1.793907,-1.192952,1.602305,-1.057514,0.149878,0.842285,0.171815,-48.596597
1.025965,-0.647220,-0.220950,-0.987968,1.354916,-1.025586,-0.538297,0.949923,-9.371760
-0.376399,0.326850,-0.867724,-0.759776,-1.007638,-1.637473,-0.285192,0.431532,40.295883
-0.435155,-0.725249,-0.105368,1.280999,-0.970952,0.518703,-1.003891,-0.831899,-44.516787
-0.524816,0.123475,-0.221474,-1.108578,-0.142296,1.056479,0.859488,0.127677,27.351643
0.956589,0.734464,-2.102578,0.858667,0.106567,1.016999,-0.682979,-0.164180,-26.340383
0.445485,0.505039,-1.623233,-0.377763,-0.538043,-0.084307,-1.297095,1.605526,-7.679441
-1.045843,-0.006526,-1.952532,-0.815911,0.350955,-0.037727,-0.617705,0.742846,-23.131483
-1.205876,-0.431077,-0.442170,1.074048,1.398921,-0.701140,0.651795,-1.143839,-8.958141
-1.394255,0.166887,1.008441,0.025776,0.379287,0.129292,0.450449,-0.927988,-21.463142
-1.448323,1.192633,-0.916646,-0.545773,-0.378681,1.707060,-1.802729,-0.801268,-49.364514
-0.867861,-0.608248,-0.912233,1.166662,0.600185,-0.615415,2.191592,-0.823927,-25.138187
1.068198,0.382141,-0.785640,-0.093875,-1.180263,0.855948,1.097310,-1.180588,36.219556
-0.340235,-0.473379,0.965422,-1.978311,-0.734857,1.704282,1.009075,1.081802,4.992314
-2.112107,-0.085601,-0.724562,-1.719181,1.616472,0.599221,0.153355,0.455324,49.185466
-1.208325,1.231066,-1.687099,1.227959,1.044320,0.309454,-1.050804,-1.080239,-9.598366
1.672417,-1.095920,0.172525,-0.407328,-0.372239,-0.666601,-0.602727,-0.722362,45.047297
-0.519536,0.342929,3.167589,-0.425548,0.646315,-0.420748,-0.482629,1.216492,-19.339441
-0.430529,-0.800580,1.300549,-0.740590,0.304535,-0.181290,-0.277957,0.591840,-0.091257
-1.943521,0.118050,2.914665,1.591205,1.186420,0.111201,-0.619182,-1.952250,-30.775409
1.140599,-1.835657,-1.521760,-0.488477,-0.748838,1.126655,0.944814,-0.684076,-18.357252
0.586124,-0.266894,-0.024663,0.379475,-0.493231,0.733026,2.510819,-0.606789,23.775524
0.323123,-0.505464,0.244807,1.793891,1.843538,1.321264,-0.107889,0.716706,41.028961
0.063811,2.602004,1.688118,1.888298,-0.781240,0.211169,-0.511053,-0.645074,-27.209869
-0.113501,-0.549134,-0.272044,-0.878856,-1.018781,0.285259,1.026295,-0.573203,14.355329
-0.316649,1.535386,-0.549242,1.893388,-1.084367,0.189618,-0.105626,1.418648,-10.665558
-0.208628,1.376051,1.179077,1.630168,-0.084377,-1.191349,-0.442098,-0.711330,6.292043
1.092368,0.069915,1.175368,-0.877995,0.228315,0.115388,-1.149876,-0.561579,-20.843279
0.548983,1.056698,-0.663454,-0.359004,-0.562841,0.533420,0.856096,0.815154,-7.632898
-2.539537,-0.094514,-1.695831,0.325333,1.965629,-0.406916,0.513186,1.089411,-42.856114
-0.521516,0.795159,-1.192860,-0.505143,-1.254178,1.484233,-0.765143,-0.139946,-23.550090
2.104814,-0.159429,-0.293895,0.403029,1.031255,1.371473,-0.514246,2.182946,-22.476709
-0.232997,-1.098032,1.695605,0.288540,-1.248380,0.744614,1.467122,0.702979,9.092120
-0.639755,-0.531634,-0.482012,0.981128,-0.004423,-1.460539,-0.108494,0.881881,-47.945021
-3.340786,0.581244,-0.070003,-0.508689,-0.386176,-0.056316,0.310258,0.227670,-10.655022
-0.289876,-0.338915,-0.216979,-0.341937,-0.064739,1.708592,1.171307,-0.187952,-28.259061
-2.602197,0.591977,0.328202,0.110872,0.667973,-0.852995,-1.748911,-1.678187,22.153310
-1.497859,-1.775361,-0.524607,0.463500,-0.589847,0.217460,-0.049340,1.461604,26.298388
0.526296,-0.039259,-0.292371,0.496433,1.129731,-0.306911,-0.758217,-0.121437,-0.891136
-1.384317,0.163726,0.495989,-1.875626,0.071685,1.359738,-1.161558,-0.125380,-17.118836
-0.445646,-1.382451,-1.014538,-0.956520,0.338297,-0.565499,-0.439717,-0.192624,1.917877
-0.510589,0.602034,1.210211,-1.349197,-0.684392,-0.200455,-0.947699,-0.041361,47.309397
0.445686,-0.367313,0.919935,1.568509,-0.009101,-0.189603,-1.955587,1.084559,-39.534016
-1.045567,-0.793049,1.157530,1.984126,-1.695607,0.594460,1.559090,-2.787059,45.774172
-0.576896,0.687464,0.416457,2.514846,1.304205,0.620502,-1.541072,-0.774658,-42.876709
-0.727679,-1.232949,0.366810,-0.815364,-0.268723,0.243217,0.818383,-1.448573,35.937039
-1.025292,0.969382,1.126380,1.405915,0.561099,-1.663656,0.580263,1.079956,-19.230791
-0.987337,-0.825254,1.414373,-1.203309,-0.805387,-1.472110,0.245276,-0.236533,-49.500135
0.375706,0.355596,-0.548330,1.066411,-1.178538,-1.662329,0.145282,-0.639103,11.406649
2.147217,0.037732,1.439805,-1.235624,-1.001928,0.905073,0.609900,1.119457,13.369697
1.264748,-0.838043,-0.581805,-2.203644,-1.500235,0.019425,0.465464,-1.662546,-32.101405
1.272356,-0.798208,-0.649957,0.099893,1.831041,0.957893,0.401360,0.664469,29.320844
-0.520337,-0.130326,-0.601945,-0.901852,-0.617303,0.217583,1.629072,1.137694,-20.021372
-0.447181,-0.650414,0.101774,-0.483810,-0.262091,-0.934486,-0.333195,2.615574,7.468892
1.670737,-0.294799,-1.058329,0.940584,-0.617292,-1.108483,1.306600,0.052096,43.219048
0.809749,-1.502338,-1.396625,0.485481,0.608195,-0.909654,1.312531,-0.684892,-8.597115
-0.706481,1.258483,1.396059,0.540519,0.461849,-0.355008,1.853606,1.154772,29.030752
0.400627,-0.165359,-1.077236,-0.214298,1.138167,-0.019901,-0.703386,-0.381252,32.867154
-0.741201,0.757348,1.181794,-0.731121,0.556484,-1.515153,-0.694992,-1.642628,46.862970
-0.062952,-0.329112,-0.101467,0.790517,0.411470,0.003801,0.994721,-0.079910,-12.796061
-1.474791,0.442552,-1.012084,0.250135,-1.072417,-1.336841,0.854127,-0.414324,-4.201847
0.193329,0.512413,-0.712559,-0.893832,-0.534267,1.614549,-0.557147,0.908382,-17.557410
1.656145,0.219926,-0.109138,-0.735115,1.647558,0.587497,0.817209,-0.665737,20.265522
1.153920,1.047062,-1.306680,-1.509987,1.000039,-1.623724,0.859499,-0.274661,34.976432
0.562953,-0.423449,0.081658,-0.137404,0.583437,1.954904,-0.359321,1.199077,-49.993009
-1.223625,0.071267,-1.249864,-1.416710,0.398934,0.541414,1.652485,-0.720603,-12.216853
-0.202642,0.273036,1.468728,1.239377,-0.463541,0.211648,-0.560340,-0.428478,34.736427
-0.869018,0.225223,0.468407,0.180719,-1.854213,0.474577,-0.965208,-1.163538,-5.693488
-0.610412,0.283771,-2.301178,-1.551698,-0.218345,0.133975,0.895765,-0.420924,-45.130957
-1.342410,0.334031,0.931853,-1.762714,1.175892,1.609410,-0.192236,-0.013637,16.953150
-1.204223,0.075095,-0.258514,-1.066440,-1.099089,-0.460812,-0.768641,-0.022922,-28.320378
-0.588027,0.828733,-0.978207,-0.193166,-1.296796,-3.079137,-0.722872,0.250077,0.222143
0.677420,-0.274073,1.678561,-1.727599,-0.975132,-0.457968,0.622302,-0.455833,31.437350
-0.789315,-0.503769,2.400901,2.134457,1.076061,-1.442108,0.232099,1.072514,-34.861251
-0.201593,-0.308447,-0.508796,0.960515,-0.296913,-2.595788,-0.209319,1.220918,40.629402
0.343174,0.760183,0.424538,-0.746859,-1.456734,-1.191703,0.519976,-1.756122,14.071255
-0.991641,0.326478,-0.595741,1.150340,-0.291510,-0.531108,0.258216,-0.649299,-39.416719
0.852068,-0.568803,0.254911,2.851462,0.609191,0.364382,1.387543,-1.270772,-43.726533
1.265936,0.997443,-0.248650,-0.947704,-0.190692,-0.105169,-0.173617,1.062941,-45.184104
-0.777249,0.352654,-0.286589,-0.203917,-1.036813,1.482815,0.417470,0.180376,26.058491
-1.626615,-1.456499,-1.288859,0.044445,1.669487,1.106033,-0.272939,-0.276299,47.739856
0.941078,1.493962,-0.326297,-0.072732,-1.374462,-1.351016,-1.345727,0.675573,14.049208
0.564768,-1.077028,1.475834,-1.181771,-0.146953,0.383059,0.839387,-0.638683,22.251472
0.937454,0.645889,-0.561862,0.119688,-0.461558,-0.378531,2.094794,0.025781,-3.121030
-0.230304,-0.086397,-0.099733,-1.647878,-0.323504,0.478349,0.153082,-0.001030,12.307616
-1.564245,0.201409,-1.317335,-0.829157,-0.186452,-0.594944,0.260967,-0.002517,-44.128016
0.316040,0.182941,0.453308,-1.948641,0.772838,0.506715,-0.997792,-0.383395,27.317575
-0.535586,-1.265042,-0.750279,-0.836798,-0.222142,2.524567,-1.028514,-0.851094,34.280815
1.521588,-1.751361,0.398082,0.862078,-0.225825,-0.162093,1.982222,0.124990,30.980935
0.086067,0.775361,-0.384430,-0.373774,1.376165,1.772371,-1.682704,0.144918,-44.513493
-0.399312,0.755616,-0.452266,-0.945542,0.649801,1.223604,-0.066768,-1.643304,-23.608065
-0.264520,-0.722247,0.103122,-0.425528,-0.090648,-0.012952,1.048896,0.993883,-16.112896
-0.666515,0.450520,2.103733,1.521471,0.318820,-0.339103,-1.217754,-1.181040,-13.749731
-1.852655,2.012753,1.288993,1.951442,-0.164608,0.030809,0.069744,-1.370144,-25.778672
-2.075323,0.493479,0.228798,-0.521416,0.700382,-0.085584,-0.136677,0.748104,-35.525486
-0.091522,-1.294076,0.338777,-1.096781,-0.944972,-0.489780,0.564077,-0.210558,-49.351241
0.230856,0.671223,1.036856,0.124405,-0.086868,1.529668,0.213004,-1.582291,-45.570088
1.367180,-1.084739,1.009029,1.854445,1.908214,0.511311,-1.170489,-0.308807,-31.281806
-0.116772,-1.208654,-0.012373,-1.310893,1.117656,-1.231535,1.045317,0.154122,25.267663
-0.647935,-0.690298,-1.114215,-0.046511,0.040108,0.194202,0.865144,0.345603,-36.702110
-0.464013,-0.931389,0.084696,-2.350449,-1.369751,-2.296089,0.965916,-0.038760,-47.991304
0.573097,0.335812,1.566337,1.792012,-0.051206,-2.979524,0.184375,0.825514,-40.454659
0.676873,-0.463100,1.066334,-0.398136,-0.510493,0.833425,-0.383240,-1.130075,17.564497
0.276691,1.122747,0.092052,1.072225,-1.047521,-0.665813,0.250753,0.012459,30.878889
0.884782,-0.162498,-1.244713,-0.045987,-1.418698,-0.818979,0.553671,0.283233,-34.996476
0.145460,-0.695328,-0.744606,-1.156605,0.282228,-0.849462,-0.361538,-0.879586,-30.474684
-1.084923,-1.401549,-1.388509,1.164618,-0.290065,0.510958,-0.461247,0.868609,43.933072
0.713791,1.025064,0.484954,-0.474274,-0.195788,1.004813,-0.031765,0.790698,48.257684
-1.297018,-0.801401,-0.519283,0.448362,0.370360,0.138304,-1.048188,-2.149062,-45.563535
-0.171871,-1.288333,0.197542,-0.642899,-0.741267,-0.530243,0.958530,0.226549,34.891069
0.496415,1.517453,-0.284886,-0.255497,0.805154,1.047522,0.974015,-0.000427,-19.387111
0.468522,1.092869,-0.538438,-1.696910,0.270206,0.211804,-0.572916,0.307925,-48.753314
-0.642815,0.629987,1.607416,-0.483864,0.744272,-0.453422,1.288502,0.284293,11.350100
0.622051,0.308715,0.603626,1.067777,-1.128211,-0.987770,0.665500,-1.348908,44.324408
1.298341,-1.079819,-0.976730,-0.117109,0.369824,0.073085,0.063718,-0.056606,-40.053776
-0.510239,-0.350705,1.508478,-0.399027,1.717496,0.279409,-0.209292,0.125564,15.015367
1.463708,-0.170356,-0.393661,1.700599,-0.248013,1.783164,-1.734108,0.131280,34.041312
0.911859,1.756373,-0.262218,-1.138010,-1.037918,0.027510,1.144807,-1.315248,-27.634748
1.483244,-0.557894,2.007794,1.037733,0.802032,0.287734,-0.837009,-0.065752,-25.930919
0.379074,-2.837223,-1.047308,-0.492783,0.938127,-0.249976,-0.165190,-0.760769,-38.275514
1.219036,1.166996,1.785657,0.375027,0.654596,-0.922392,-1.313733,0.314065,21.340076
-0.254526,-0.673639,1.849599,1.804654,-0.953998,1.201498,-0.044186,0.113324,-44.273815
-0.185987,-0.437602,1.101278,0.536651,-1.578972,0.537611,-0.559403,1.454924,36.866278
-0.868758,0.033150,-0.422064,-0.121023,0.767596,0.417949,0.083905,-0.204709,-28.135490
0.309848,-0.389075,-1.116187,1.663250,0.497919,0.872493,-1.221177,-0.424411,-49.031599
-0.251668,0.374736,2.600044,0.711681,0.507425,-0.986773,-0.342449,-0.530810,-17.614593
0.308216,1.986570,0.317654,0.576926,-0.227626,-0.323201,-1.301134,-2.123390,-32.337300
0.859036,-1.173473,-1.802302,-0.713913,0.428365,-0.750779,1.984153,1.007042,-22.275129
-0.309057,-0.276397,-0.518674,-1.765274,1.090900,0.250004,0.724698,0.908374,-46.367327
-0.041915,-0.951214,-0.432407,-1.227814,-1.011600,-0.338605,0.371534,-0.565710,18.519702
0.540605,-0.476526,0.919825,-0.232533,0.773337,0.656594,0.203683,0.491679,47.413382
1.876470,0.427710,-0.864743,-0.448797,0.547110,0.510656,0.686324,-0.656898,-42.538177
-0.118222,-0.900434,0.391259,1.410687,0.986868,0.183877,0.582205,1.914484,43.422764
0.952629,-1.612996,1.602950,2.201314,-0.438433,0.061671,0.498531,-0.759176,13.176621
-0.794029,0.439076,0.027102,0.318772,0.200881,-0.685692,2.479746,-0.308502,-13.809646
-0.123570,0.696384,0.706790,0.521557,-1.556705,-0.042758,1.249232,0.219357,-39.802833
0.612685,0.756080,-0.282117,0.338502,-0.446274,1.125504,-0.470743,-0.634290,-13.727704
1.702514,-0.379565,0.119505,0.759126,-1.948189,-2.157997,0.635565,-0.700707,21.660990
-0.363891,-2.425505,-1.260055,1.062432,-0.216824,-0.271804,-1.696188,-0.021364,41.485735
0.687081,0.092315,0.969947,0.013351,-0.782323,1.104892,-1.300841,-0.400614,-9.403227
1.335754,0.133240,1.015446,-1.367712,2.582005,0.532064,2.083031,1.955710,7.836932
0.969144,1.559780,-1.376495,0.339841,0.262450,-0.767916,0.827332,0.555771,-34.051007
0.870393,1.127465,-2.404429,-0.230372,1.623707,-0.085735,-0.424043,-0.817802,3.793127
-0.058329,-1.421380,0.700421,-1.243816,0.129328,-0.585769,0.052453,0.065206,34.531649
2.620728,-0.930508,0.215585,0.119107,0.247732,1.730404,-0.435484,0.692356,-12.340529
-0.214488,0.732185,0.351247,-1.562398,-0.404837,-1.605805,1.634457,1.440924,43.560664
0.838139,-0.346169,0.771038,0.330364,-0.819509,-0.453673,2.455083,-0.676750,-45.025949
-1.480042,-1.539421,1.580653,-0.199049,-0.663327,0.911883,1.037450,-0.171794,41.738941
0.720920,0.820122,0.491912,0.587056,-0.376864,0.229865,1.315581,-0.391778,6.549281
0.723999,-0.284486,1.137990,0.423376,-0.094010,1.057132,-0.084651,0.277471,33.603900
-0.937762,0.528331,0.265984,0.226727,-0.544257,0.264969,-0.589499,0.685793,40.806632
0.434027,1.399986,0.624057,1.525756,-0.611151,0.198122,0.092571,0.220384,7.599764
-0.115200,0.360954,-1.031761,1.099042,0.620216,0.428454,1.366514,-0.191789,-14.900467
-1.210923,-0.388117,-1.024912,-0.359631,-0.520905,-0.450957,0.950462,-1.346537,11.843703
0.189975,-0.131202,1.472673,-0.844220,0.570850,-0.177509,-1.249959,-0.739676,47.560088
-0.439988,0.193470,0.664209,-1.612522,0.766131,-0.289285,-0.178027,1.009696,44.243599
-0.769105,0.099570,-0.882055,-0.317583,1.036533,1.873525,-2.123228,-0.765624,-44.203125
-0.611813,-1.310847,2.390874,-0.018975,0.039570,2.879913,1.285996,-0.287886,-34.475727
-0.173946,0.034876,-1.818658,-1.001647,-0.503063,-0.046410,0.566556,0.723377,-16.505319
0.377352,-0.659795,-1.944881,-0.354727,-0.395498,0.809445,0.639309,0.045091,42.549923
0.849293,-0.915593,-1.593324,1.019517,1.251939,1.143798,1.375617,1.327794,29.165561
-1.708501,-0.315874,0.774537,1.810925,0.625599,-1.599979,1.435156,-1.318048,-16.113771
1.060572,0.101013,0.033280,0.170466,-0.341022,-0.627246,1.214154,0.420664,2.729412
1.624718,0.190337,-0.726033,-0.848418,-0.452044,0.320477,-0.138077,-0.340161,36.506587
0.134041,0.130745,1.156114,0.092464,0.889299,0.659438,-2.219477,-1.652880,-20.676262
0.726152,-0.452563,0.742125,-0.314487,0.783787,-1.083622,0.496062,-0.036426,-19.059466
-1.786485,-0.110534,-1.246545,0.231106,-0.169111,0.467983,-0.506584,-1.323697,24.511051
-0.814708,0.839040,-1.051543,-0.850976,-0.580449,0.141895,-1.170838,1.139865,-27.341936
-0.148862,-0.686125,2.365505,-0.555507,-0.295395,0.020398,-0.633230,-1.270076,-42.115351
-0.143224,-0.248466,-1.431139,0.919995,-1.110162,-2.489412,0.697610,-0.361432,18.522794
-0.073763,0.192674,-1.145631,0.385565,0.352441,-0.448954,-1.051807,-0.555208,-11.534975
-0.143097,-0.398803,-0.712420,-0.788546,1.662448,-0.749275,-0.921836,-0.948482,-2.920874
1.509411,0.070553,0.288018,0.678225,-0.004389,-1.079238,-0.092041,-0.689728,-25.061626
0.672866,0.196674,2.915031,1.490945,0.138999,0.369805,-0.837311,1.241133,21.574700
0.561681,-1.566524,0.321210,0.402949,2.846848,2.314813,-2.210153,0.548764,-32.942463
-0.722872,0.259049,-2.022067,-0.501309,0.001145,-1.625086,-0.308374,0.750666,46.417097
1.615336,-0.738656,-0.741607,0.422640,2.480495,-1.738361,0.417072,0.178034,-10.357274
-1.309764,-0.282346,-0.598829,0.409582,-0.127029,-0.147955,-1.384932,-0.406491,38.801071
-0.146594,1.253109,0.807646,0.236556,-0.559107,-0.985907,-0.187239,-2.093050,-9.539911
0.114400,-0.080969,-0.305766,-0.057363,-1.051890,-2.158311,0.950835,-0.717987,12.082096
0.009889,-1.491059,-0.475176,2.384823,0.221786,-0.599102,-0.602706,-0.102687,-43.439801
0.426363,1.475349,2.313744,0.501701,-0.672484,-0.195868,0.680015,-1.770630,-42.180754
-1.407614,-0.598390,-0.645765,-0.066284,1.438073,-0.901277,-0.567484,-0.357503,24.442600
0.909691,0.039542,-0.047711,-0.065612,0.978052,-0.728597,-0.058494,-0.803604,-38.805514
0.717363,0.399718,-1.123716,0.689399,-0.102338,-0.655587,-0.373798,-0.951740,30.989023
0.210395,0.698949,-0.198844,-1.433269,0.452453,-0.383727,-1.537479,0.122147,5.839628
-0.887988,-0.340434,1.176468,-0.876711,0.602916,1.402997,-0.257402,-0.057415,-32.509368
0.356200,1.098564,-1.216785,0.792847,0.030624,0.862453,0.970930,-0.583553,2.110398
-0.476493,0.329703,-1.348497,0.058356,0.587835,0.053225,1.301512,-0.787998,3.075401
0.820259,0.392016,1.307074,0.251739,-1.077806,0.615229,0.551956,1.060670,-25.665313
-0.546287,-0.449522,-0.533503,-0.716348,-0.472794,-0.530894,0.014819,-0.344950,5.615749
1.423124,2.101515,0.440277,0.997351,0.432394,-0.125639,-0.826469,0.416547,9.356513
0.053237,1.723816,-1.364291,-0.866531,0.115046,2.603625,0.491885,0.955482,13.233932
0.406149,-0.951325,0.269112,-0.326080,-1.908795,0.871763,0.853702,-1.519812,-34.070901
1.843159,-0.076492,-0.971059,0.815710,1.203815,0.516613,-0.207949,0.181676,-41.534775
-0.115046,-0.384725,1.223952,1.693914,0.835871,0.004598,2.279368,1.772498,36.397290
1.249823,0.297137,0.023953,-0.523188,-0.817878,-0.257242,-0.307938,0.562424,31.627858
-2.612818,-0.750883,-0.340803,0.171687,1.614513,-0.801431,0.751256,0.799342,46.886188
1.024076,0.164401,0.069727,-1.372816,-0.527102,-0.727031,0.677854,0.299765,5.733177
0.202269,-0.245088,-0.721635,0.875283,0.921143,0.465365,-1.371032,-0.433887,45.804254
-1.994589,1.176073,0.029859,0.751931,-0.102891,-1.888504,-0.366185,0.211972,36.063316
-0.099069,0.700553,-1.138962,0.130437,-1.219082,0.030897,-1.408757,-0.587247,-22.342505
-0.387863,0.618029,2.404079,1.200506,1.081691,-0.518818,-0.346429,-1.019290,-18.794533
1.541995,-1.519369,0.510843,1.292830,0.275996,-0.018277,0.537612,0.576311,-49.565338
-1.153235,1.558129,-0.358411,0.007811,0.830240,0.784988,-1.379101,-0.148187,28.948276
-1.071467,-0.658582,0.907106,0.438215,0.063804,0.051729,0.158838,1.589402,-29.167693
0.436892,0.706434,0.301596,1.747080,1.608022,-0.072415,0.680659,0.134056,-24.453867
-0.757344,-0.758641,0.981966,-0.792450,1.617915,0.097782,-0.828904,1.795831,-48.482030
-1.674812,1.016167,-1.008162,-0.885653,0.068348,-0.038734,-1.607204,0.040126,0.243833
-0.482172,-0.480029,0.458340,0.252266,-0.200810,0.569071,-0.940674,0.173639,-20.906871
-0.187066,0.229140,0.772406,-0.660950,-0.903027,0.304053,-1.198828,0.191588,-28.781168
0.228979,0.308840,2.172519,0.147039,-1.660141,0.047893,0.912891,0.018266,-44.068128
2.347416,-1.962667,-1.206649,0.161340,-1.765079,-1.777368,-0.068155,0.315614,-9.527335
0.298222,-1.629358,1.688249,-0.819083,-2.260394,1.474247,-0.170850,-0.330401,-15.712746
1.071863,-0.112037,-1.499913,1.007330,0.425058,0.713851,-0.955447,0.961164,20.238036
0.353056,0.228446,0.389550,1.641764,1.463627,-1.119387,1.820437,-2.018171,-17.185930
-0.877163,1.540082,-0.141556,1.748451,-0.486390,0.431504,0.098056,-0.623613,-47.860257
0.693342,1.901657,-1.753069,-0.527886,-0.577453,1.450602,1.273761,-0.390984,-12.283334
1.483889,0.483990,0.985634,-1.271605,-0.473495,-1.103838,0.059135,-1.205889,-46.380268
1.112011,0.896404,0.988361,2.638815,1.130136,-0.466644,-0.029919,0.470780,30.199601
-1.685481,1.388261,1.461696,-1.375476,-1.524702,-1.301645,0.898509,1.380395,10.732748
0.982887,-0.932641,-0.317844,-0.772090,0.357841,-0.132006,0.916793,1.513638,-22.532204
0.519089,-0.715763,0.668609,-1.191267,-1.844982,-1.280585,-0.905128,0.140663,-11.263838
1.003481,-1.346259,-2.351588,0.220599,1.338631,0.504877,0.863087,-0.334525,36.351838
1.067200,-0.167610,1.352478,0.675276,1.362020,1.114693,-0.159298,0.716501,-1.431812
-0.971814,0.102498,-0.943515,0.079562,-1.347048,-0.740663,0.156729,0.500789,45.216424
-0.181079,1.344318,-1.113984,0.144713,-0.956207,-0.601391,-0.518561,0.965618,48.180564
0.089662,-0.230438,-0.713785,-0.552171,-1.089572,-1.982396,-1.359888,-0.331845,18.774967
0.550883,-0.388943,1.094980,-0.551305,-0.953826,0.929358,-0.664955,0.459997,-37.891771
-0.448555,-0.881586,-0.153852,1.247081,-1.063308,0.529773,0.993779,-0.061474,37.161328
-1.133375,-0.138566,-1.145237,0.593749,2.185077,1.178470,1.105177,1.066985,-17.644789
1.560493,0.381604,-0.981008,-0.959350,-0.681184,-1.629982,-0.052859,0.806838,-4.195847
-0.907038,0.277599,-0.228782,1.593554,-1.022717,0.126440,0.836466,0.336740,-3.993311
-0.747334,-1.018216,-0.057243,0.330860,-0.179369,0.396555,-1.038423,-0.899877,43.157863
-0.089135,0.081796,-0.576069,0.191853,-1.928209,-0.747378,0.139940,1.024189,44.964070
-0.382491,-0.313646,1.055287,-0.726329,-0.747751,-0.985926,-0.028916,0.003596,21.957928
-0.298136,0.368663,-1.327955,-0.684205,0.387559,1.759400,-2.013396,-2.088739,-10.631028
1.807792,-0.605257,3.757543,-1.758688,-1.702257,0.235247,0.264660,-1.802906,31.447247
2.381147,1.553232,0.064532,-0.366933,-0.838279,0.583229,-0.192844,-1.617873,35.084695
-0.862603,0.538629,0.078942,0.712272,-0.631599,-0.257946,-0.726984,-0.158382,43.845318
1.121429,1.398216,1.041487,1.106640,-0.784773,-0.691626,0.752411,0.129982,-10.349307
0.292416,-0.750097,-0.247239,0.021005,-0.384865,0.924184,-0.297469,2.476741,-25.155594
-0.054222,1.285835,-0.241308,0.399478,0.866638,0.707251,1.040777,1.904123,15.214945
0.895790,-1.268746,0.908347,-1.042973,1.781544,-1.351088,0.070109,0.116071,-47.643243
-0.273700,-0.529822,0.746424,0.088485,-0.172093,0.151104,-0.677302,-0.748913,-7.368365
-0.247493,0.138570,1.217103,-0.597325,0.460981,-0.452062,0.193561,-0.850017,30.614685
0.794129,0.072958,2.193382,-0.668693,-0.579040,-0.675939,-0.571855,-1.431475,-35.460860
-0.920416,0.482497,0.820870,-1.198036,0.498442,0.971510,2.159637,-1.237525,7.061845
1.061891,-1.461169,0.279982,1.858328,-1.765542,0.752331,-0.215829,0.538068,-40.632087
-0.198617,1.773406,-2.432218,0.828512,1.741389,1.014762,-0.491009,-2.355184,38.423355
1.201189,-1.860756,0.044118,-0.327216,-0.315713,0.188274,0.278867,1.205031,-43.700401
-1.199758,-1.664565,-0.748428,0.062038,0.432454,0.928053,0.318685,-0.612232,13.453767
-1.397976,0.679135,0.650142,-0.488196,-0.007322,-0.522181,-0.192717,-0.299870,26.084369
-1.579715,-0.423032,-1.273437,0.792962,-0.780599,0.334346,1.923744,0.649201,44.344678
0.032008,-1.386299,-0.330703,-1.147993,-1.696352,-1.258970,-0.801794,-1.694154,48.208033
-0.981418,1.554000,-0.048069,0.628491,-1.769919,-1.875075,-1.700542,0.803135,3.294928
1.184976,-1.369925,-0.709139,-0.932464,0.419738,-0.027094,0.094418,-1.743323,49.912120
-0.331671,1.541702,0.541464,-1.859842,0.054889,1.700223,0.171856,-1.102143,-22.679095
1.715817,1.062010,-0.397352,0.883115,1.487541,-1.451759,0.500549,0.594004,25.821219
-0.411495,-0.766895,-0.192310,1.567004,0.308838,0.164965,-1.093420,-0.986456,14.468175
1.085583,0.882665,0.186438,-0.907221,-0.588462,-0.383219,-0.828548,0.330281,29.067362
0.098094,0.865324,-0.123223,0.851549,1.315491,-0.286068,-0.003455,2.109960,25.844966
-1.459973,-0.444630,-0.004838,0.184375,-0.517793,-0.303842,1.420135,-0.888598,-39.253392
-1.393651,1.798535,1.232718,-0.351113,0.091456,2.059315,-0.354537,0.541436,-47.302816
1.639278,0.398414,-1.130936,-1.266962,0.162881,0.620900,-1.476306,-1.435238,-35.781188
1.186871,-0.937392,0.113868,-0.950677,-1.305157,1.889879,1.846846,-0.084854,38.811294
-0.373437,1.112727,-0.688483,0.610358,1.117107,-0.577061,0.546113,2.828072,-27.056346
0.058380,1.316717,-0.094212,0.373893,-0.819589,-0.439588,1.165711,-0.214088,-14.651021
-1.012847,0.365223,1.542929,-0.834015,-1.933175,-0.360576,-0.558441,-1.164881,-1.770310
-0.282483,-1.862372,0.052884,1.085032,0.480704,1.435645,1.224748,0.587507,-6.783522
-0.924893,1.098669,0.942226,-1.180537,-0.442216,1.620053,-1.071749,-1.216241,33.257810
0.021160,-0.913811,-1.301650,0.720335,-0.420343,-0.877688,-2.083916,0.428036,41.220061
-2.239573,0.766634,0.418876,-1.114166,-0.681348,0.859488,-0.839631,1.568848,5.216653
0.521803,0.105888,-2.075825,0.187842,-0.270749,-0.445022,-0.023235,1.775100,8.542023
1.066405,0.324375,-0.308159,1.282526,-1.255881,-1.385213,0.665915,-0.368303,49.561125
0.222576,0.563646,0.834691,1.134481,-0.072195,2.126884,-0.179505,1.503199,-26.447297
0.925057,0.683183,1.222696,-0.787574,-0.000181,-0.028857,0.314789,0.142294,-30.414164
-1.754566,1.316266,-2.039859,-1.696692,0.901317,0.438146,0.260641,-0.717339,-37.467471
-2.537777,1.125629,0.166200,-0.984148,-0.419573,-0.682632,0.222609,0.098467,19.437901
0.119608,0.624344,-0.520481,0.801638,1.563453,-0.111709,-0.456553,-0.128631,18.469234
1.318089,-1.021838,0.101512,0.007307,-0.034582,-0.407044,0.470264,-0.528082,-40.942086
0.706340,1.087738,1.829721,0.553482,-0.379018,0.018371,-0.149570,-2.038895,21.134198
-0.272524,2.427628,-0.210588,-0.068190,-0.369179,1.220064,-0.233014,-0.385346,-0.926473
0.458633,1.897720,-0.596301,1.808228,-0.010884,0.811811,0.731637,0.650612,29.072780
1.019851,0.413507,-0.719115,-0.913911,-1.178643,0.357509,-0.285011,-0.262826,-37.775122
0.259543,0.237296,0.726547,1.159959,-0.770946,-0.018327,-1.743608,-1.650876,3.306363
0.450465,0.135450,0.293290,0.199402,-0.558722,0.823856,-1.970836,0.441176,-7.143823
-0.687227,1.230899,-0.913880,0.268356,-1.742767,-1.145820,0.244152,-0.670794,12.843196
0.604181,-0.637870,-1.367323,-0.856567,-0.213657,1.139263,-0.332036,-0.251603,47.281975
0.704324,-1.538215,-0.279734,-1.294516,-1.158456,-1.170375,1.145752,-0.440596,3.993402
0.524410,-0.692946,0.060636,0.290159,0.870897,0.024406,0.175785,0.763992,-28.796652
-0.159099,1.838555,0.807941,1.563684,0.038069,-0.053337,1.403698,2.035484,-3.138829
-0.568744,0.927434,0.463644,1.501075,-1.348187,-1.204709,0.107347,-0.419157,-7.561291
-0.898963,-0.165660,1.556223,1.193050,1.850620,2.267709,0.192957,0.624732,30.919864
-0.433211,-0.018949,0.197428,-0.588592,-0.545391,0.461147,0.002758,0.243380,26.667170
2.283666,0.788792,1.104969,-0.625444,1.807617,-0.305305,0.161462,-0.011136,38.902677
-1.054007,-0.103128,-0.162418,-0.447953,0.161061,-1.169975,-0.504883,1.472075,-26.833456
-0.701410,0.524516,0.531780,-0.982873,-0.438924,0.045088,0.317910,0.353991,-9.533093
1.015550,0.794950,2.090726,-1.519329,1.202639,-1.632884,2.147345,-0.010251,47.417616
0.448175,-0.273252,-1.165925,2.005087,-1.867205,0.188416,-0.370680,0.116336,-4.799988
1.001565,0.041370,-1.216720,0.767867,-0.469215,3.075916,0.225853,-0.401996,-2.734071
0.188944,2.030037,0.565619,-0.892395,-0.591123,-0.274865,-2.686599,0.571991,-15.720785
-0.446105,0.987873,-0.963113,0.906350,-1.395364,-0.652778,-0.370876,-1.788024,-27.889959
0.464241,-0.849151,-1.638250,1.389803,1.570628,0.340798,1.431549,-0.234445,15.658716
-0.016155,-0.246841,-0.151497,1.598551,0.687541,-0.630804,-0.216242,-0.284201,-6.010457
-0.242646,-0.317291,-1.054468,-1.344239,-1.750888,-1.664704,-0.191140,-1.399395,-27.749988
0.239449,1.430094,-1.159191,0.090028,-0.693590,1.143270,0.389882,0.199587,13.863302
-1.714872,-2.138908,-0.850636,1.258983,0.455664,-0.561578,0.299258,-1.697356,-40.837391
1.183721,1.194252,-0.535161,-1.202916,2.120541,-0.372860,0.636208,0.069464,23.511033
-0.878418,-0.048925,-0.343625,-0.965685,1.772014,0.620031,0.195354,-0.126442,43.012278
-0.907862,-0.203809,1.050240,0.610886,-0.054757,0.665865,0.271524,-0.620226,-25.032139
-0.326372,0.140945,1.215208,-0.028651,-1.318639,0.494243,0.102112,-2.251443,-21.562549
1.321637,1.703253,-0.103716,1.556567,-0.543757,0.125983,0.364126,-1.103238,-20.976958
1.013893,0.131909,-0.528804,0.000744,-0.349421,-0.423896,-1.591350,-0.285650,2.249184
1.575521,0.241233,-0.854143,-1.011506,-0.535230,0.897295,0.767995,1.372180,-45.948535
-0.298665,0.725300,0.239952,-0.943851,-2.011086,0.824474,0.332724,1.960562,-31.275432
-0.524443,-0.070307,0.223131,-1.905971,0.849292,-0.527548,-0.643154,0.452456,-24.389462
0.856899,0.658542,0.511936,-0.565203,0.984045,-0.540757,-0.343362,0.533052,26.915709
-0.635021,1.822876,-1.454931,1.041583,0.459309,-0.181585,-0.309866,-0.204153,-12.929334
-0.732091,0.181242,-0.212505,-0.514623,-0.841488,-0.293277,-0.152248,-0.189785,12.617960
-0.652737,1.240517,-1.268033,1.646518,-0.055424,0.897461,-0.294246,-0.049538,-8.401254
-0.423965,1.025305,-0.213041,0.683066,-0.252112,-0.435553,-0.296829,0.083942,3.577488
0.088112,0.924260,-0.140324,0.607122,1.513573,-0.865724,0.831721,-0.456114,-21.306236
1.610604,-0.484730,-0.962916,-0.226389,0.644226,0.062800,-0.498202,0.568049,-39.211621
-1.670724,0.865639,-0.178702,0.439977,-0.035298,0.465406,0.143228,-1.453434,-46.739698
1.211609,0.878159,-0.689641,0.165678,-0.956483,-1.169282,0.534866,0.291856,7.697477
0.309204,-0.664026,0.410318,-1.139584,-0.566386,2.803127,-0.372168,-1.450668,-36.533139
-0.532821,0.084988,-1.085148,0.410496,0.695816,0.540502,-1.983245,-2.630220,-30.536456
0.047701,-0.082063,-1.273314,-0.815311,-0.229361,1.133190,0.644153,-0.408487,41.214514
0.653498,0.008178,0.714930,-2.560673,0.056468,-1.343521,0.692666,1.091074,-45.527578
-1.534420,1.080482,-1.342313,-1.041500,-0.762061,1.477387,1.507217,0.316444,-25.489487
-0.774558,0.420875,0.620163,-1.287810,-2.448091,-0.883059,-2.271214,-0.355032,-26.199724
0.635088,-0.607219,0.449503,0.931130,1.267634,-0.099382,-0.828800,0.939425,16.912740
0.889688,0.836782,-0.156298,-0.052649,-0.003175,-0.009569,-0.325293,0.572976,3.807946
-0.964286,-0.287753,-1.129194,-0.170794,0.858306,1.357232,0.331781,-0.475157,40.835053
0.142346,-0.001284,2.619255,1.243009,-2.068641,-0.564426,-1.453978,0.751205,43.953791
0.436869,1.506133,-2.356312,0.489868,-0.380156,0.308156,-0.110888,0.918882,47.787583
1.197030,0.542851,-1.006169,-0.407956,0.794822,-1.280885,1.136794,1.164097,11.965053
0.928170,1.607557,-1.612337,-1.086179,1.341498,-0.609107,-0.755295,0.486683,26.891086
0.102128,1.320045,-0.286660,-0.952823,-1.599461,-0.626837,-0.814238,-0.944840,14.486532
-0.107179,0.878100,-0.255632,-0.208804,1.092464,1.334084,0.094181,0.734418,-13.675736
-0.914694,-0.141773,0.319408,-0.468520,-0.703532,-0.068552,-0.563733,0.409564,1.564003
-1.619115,-1.322051,1.179270,0.664270,-1.493384,2.051541,-0.897561,-0.323701,-48.144922
-0.871665,-1.004444,1.365941,0.822863,-1.353720,-1.002524,2.025330,-0.246721,35.828131
0.771476,-0.333900,-1.164678,0.560658,-0.407222,-0.418730,1.078191,0.292400,28.074893
-1.512292,-0.076302,-0.296421,-0.744887,1.337420,-1.821246,0.335373,0.186787,45.238065
1.093751,-0.292576,0.426431,0.688441,0.175219,-0.827697,-0.056453,-0.792128,-24.253648
0.713781,-1.099116,0.291844,0.566691,1.023584,-0.637777,-1.305352,0.975834,34.029111
1.156817,-0.145764,0.082141,0.191130,1.338341,0.489491,1.093813,0.155701,-47.933693
-1.062364,-0.498648,1.696759,-1.947579,-1.764314,-2.689446,-1.435695,0.503031,15.759581
-0.664396,-0.600049,2.166682,-0.075476,0.119788,-2.028947,-0.196262,0.105232,18.757113
-0.214475,1.833292,-0.007081,-0.053143,-0.775758,1.231608,1.333094,1.120148,-11.981978
0.898118,1.275255,-0.387859,1.387004,-0.710499,-1.602137,-0.042078,-0.087114,47.309327
-0.732118,1.077952,2.062681,0.526655,-0.518640,0.174037,-0.596507,-1.637826,-44.938265
1.686040,-0.682888,-1.134861,0.194114,0.443869,0.693014,-0.818631,0.107577,-11.366119
2.398846,-0.735578,1.155672,-0.424904,-0.265987,0.460923,-0.238751,-0.055889,11.797254
0.945003,-1.162178,1.491038,0.352557,-0.684855,0.390240,-1.361754,0.347782,17.484548
-1.850959,-0.056888,0.412988,-0.344386,-0.255514,-0.525381,1.734604,0.168478,6.367129
0.784168,-0.777960,0.380137,1.690581,-1.160955,0.522248,-0.370322,-0.526771,0.125007
-0.911504,0.114134,-1.531835,0.504923,-0.514293,0.736225,-0.757453,0.456858,-11.582617
-0.215390,-0.056178,1.631957,-0.457610,-0.285505,2.605082,-0.599770,0.087463,-9.914365
0.843679,-0.845883,0.231804,0.195641,0.865449,0.303929,-0.100599,1.427992,-15.942809
0.003473,0.820324,-0.668741,-0.641601,-1.222927,-0.722876,0.811594,-0.124487,-4.487867
-0.114502,0.488485,-0.302907,-0.915580,-0.786977,1.454351,0.156106,0.641490,-45.962808
-0.719234,-0.546102,0.289951,0.227559,0.792841,0.610597,0.898538,0.850458,-5.912577
1.029504,-1.033578,-0.745734,1.050433,0.676150,1.119609,1.372671,-0.551404,-25.384905
0.520737,-0.240866,1.316011,0.686839,-2.476006,0.631344,-0.414871,0.100931,1.980233
1.014085,-1.214067,-1.109465,1.076118,-2.306162,0.580032,0.112808,0.305346,-23.599054
-0.050689,-0.049880,-0.748631,-0.495993,0.256555,0.378790,-0.079113,1.516782,7.344185
-0.101910,0.756776,-2.090997,-1.610548,-0.392541,1.074067,-0.392507,-1.140396,8.230297
-0.224838,-1.015734,-1.266145,1.034615,-0.373365,-1.164290,-1.100829,0.135455,-19.287238
-0.174029,-1.205120,0.782007,0.285785,1.210759,0.678502,-0.395382,-0.445527,-43.265599
-0.653885,-1.789759,-0.125116,-1.424333,0.867105,0.152446,-0.278296,-0.458990,-8.007897
-1.061323,1.122970,-0.357440,0.022281,2.710670,-1.800601,-2.258099,-0.453213,42.643739
-0.899315,-0.857054,1.058845,-0.212165,-0.867729,-0.430013,0.306255,-0.322178,-32.943001
-0.714313,-0.071375,-0.743768,0.018707,0.322127,-0.357064,-1.517703,-0.193828,-15.144652
0.419410,-0.234885,-0.143346,-1.695624,0.889153,-0.061259,-0.139040,-0.656896,31.090664
-0.118708,-0.317382,-0.004441,-0.825879,-0.496281,1.067599,1.477832,-0.848324,49.381679
0.418149,-1.037780,0.120985,-0.891696,0.689804,-0.435330,1.308317,1.317559,-29.883825
-0.335335,0.008819,0.308285,1.074575,-1.670277,-1.869512,1.131602,1.200662,-45.552828
-1.273325,1.190636,0.598159,-0.789828,0.387184,-0.699952,0.397022,1.455855,-49.794020
-1.537387,-2.103573,-0.044859,-2.654150,0.418290,1.550423,-0.314070,0.234028,-9.653864
0.777435,1.631550,-0.601813,-1.002737,0.337931,-0.830102,1.323755,0.895227,37.585270
-0.170059,1.418954,-0.341209,-2.400542,0.273143,-0.354598,0.452579,0.486255,-11.867327
-0.298125,-0.013753,-0.220429,-1.764633,-0.361047,0.879603,-1.082926,0.913667,25.116477
1.352082,-2.784412,-0.733307,1.261540,0.345302,0.499712,0.855731,0.194281,22.427581
-1.169474,1.410146,0.136953,1.693447,2.013009,-1.564090,1.376379,-0.057001,-49.573209
-0.816898,0.919916,-0.897681,-0.690150,0.339701,-0.495543,-0.133829,1.181052,-46.423924
-0.903647,0.914529,2.565144,-1.800941,0.138560,0.891706,0.964235,-0.313147,0.911889
-0.305280,-0.193914,0.160927,-1.265075,1.021166,-0.923810,0.146497,-0.826793,29.020754
-0.257911,-0.141469,1.117406,-1.128269,-2.520788,0.185151,0.877094,-1.705075,40.743976
1.397910,0.028971,-0.050778,-0.515997,-0.030213,-0.032038,-0.065453,-0.126092,-24.813141
0.719322,-0.638362,1.450606,1.090428,1.026280,0.100392,0.488682,-0.783312,-17.675872
-1.136784,-0.775204,0.275488,-0.059036,-0.990536,0.741536,-1.065956,0.806595,36.534622
-0.012636,-1.579056,0.313911,0.521813,0.317200,0.692995,1.003055,0.114842,19.020052
-1.795925,-0.903074,0.906005,-1.734372,-1.897876,0.370299,-0.051983,-0.750123,25.880018
-0.216460,0.341649,-0.851784,-1.588301,1.595694,-2.343822,0.191969,0.253962,33.633787
-0.458700,-0.141389,0.280207,-0.639481,-1.422931,-0.499926,1.461058,-0.849508,-23.043099
-0.113368,-0.518996,-0.209234,0.869962,0.509605,0.588123,-0.507037,-0.342817,-26.014203
0.911649,1.232870,0.050868,-0.334798,0.640984,0.110747,-2.233108,0.763150,-32.870043
-0.319834,-0.499070,-0.471149,-0.766604,-1.206033,-1.470849,-1.443695,-0.648302,-26.666485
0.073526,0.589567,-0.431809,0.878438,-0.754879,-0.869566,-1.128765,0.707964,39.427124
-0.265215,-0.756483,-0.165965,-1.785998,-0.479254,2.089915,-2.534904,-0.606148,36.042409
0.748897,-0.815785,0.637612,-0.280974,0.727649,0.337475,-0.021893,-0.007392,-3.506396
-0.816625,-0.573281,0.585026,-0.447217,1.084781,0.388621,0.194638,0.471476,46.961268
-1.693741,0.889011,0.194600,0.323763,-0.057261,-2.215181,0.207267,0.609209,-35.441987
-0.584578,1.217357,-1.082788,-0.316141,-1.048685,0.337297,-1.582174,-0.447737,19.120921
0.405514,1.109810,0.978965,0.416555,-0.500036,-0.335287,2.413843,-0.127359,35.414446
0.524069,1.508786,1.022100,0.584823,0.560351,-0.273198,0.470359,0.776719,49.439140
-0.863543,0.763421,1.299322,0.225981,-0.620900,-2.156449,0.122262,-0.267644,21.909340
0.664859,0.457326,0.771269,0.389388,0.569794,-0.292845,0.759003,-0.060465,-13.031900
-0.216041,0.081209,-0.729966,-1.240385,0.288307,1.538444,1.279015,-0.868566,-15.154728
-0.403961,2.151260,-0.474162,-1.294981,0.535100,1.331223,-0.473478,0.124488,42.314479
0.802954,-0.982262,0.795153,-1.921088,0.446924,-0.514475,-1.180156,-0.166356,44.327365
-0.926535,1.048142,-0.211772,-1.800401,-0.705001,-0.578836,0.102790,-1.311919,24.458136
-0.616468,0.967662,-0.315737,-0.149502,-0.200378,-0.607774,0.409952,-1.062208,-27.500498
-0.084879,-1.509086,1.142629,0.100834,-1.894473,-0.744006,0.967864,0.455730,31.338755
-0.841032,-0.015619,-0.342922,-0.744117,-0.322804,-1.641461,0.683795,1.210946,-23.112280
0.002327,0.955887,-1.223487,-1.604652,1.377787,0.366146,-0.397047,0.368233,33.838026
-2.281620,0.615338,0.033761,-0.014566,0.862651,1.634538,-0.422236,-0.861720,30.176426
-0.385987,-0.681585,-1.253619,-1.267884,-0.009009,-0.357970,0.002615,-0.957908,23.886433
0.371904,0.764484,0.943806,0.456547,-0.875968,0.570241,-0.141320,-0.181841,14.736304
-0.711339,-0.332573,0.825302,0.264460,-0.940133,0.662536,0.010860,1.050811,-23.336352
1.043931,-1.614146,-0.301762,0.593078,-0.047337,-0.212703,-0.831728,1.762693,23.250333
0.651520,0.789897,2.727549,1.224372,-0.104057,0.331766,-1.071474,-1.831438,26.644045
0.564488,-0.991602,-1.182594,1.734736,-0.156491,-0.630168,0.999989,0.936251,-16.485071
0.569515,-0.857438,0.035072,2.196012,-1.550206,-1.439259,-1.066225,1.207001,44.819445
-0.010328,-0.642111,0.596537,-0.032277,0.645791,-0.781529,-0.696391,-0.420531,4.902360
0.994271,0.406277,-0.688290,-0.697598,-0.235880,1.164416,-1.405604,-1.446016,-46.298621
1.624816,-0.177681,-0.393939,0.100611,0.366895,0.093694,0.524771,0.123068,49.954254
1.196301,-0.228748,0.995440,0.058035,-1.521201,-1.842814,1.296254,1.002677,-1.763358
-0.304330,-1.422580,0.759485,0.122829,0.303717,0.141933,1.572142,-0.310717,-6.067874
-0.483912,-1.446892,-0.204649,-1.798282,0.535400,-0.305318,1.272269,0.249058,-29.199890
-0.238657,-1.006361,0.735449,0.273152,0.238579,0.254355,1.877842,0.483417,18.505795
0.065085,0.234687,-1.014128,1.433061,0.195842,0.931729,-1.092264,-0.153309,-18.350259
-0.133720,0.114881,-2.364445,1.100800,-0.310691,0.386691,0.906755,0.809755,-15.443686
0.913817,0.443933,-0.462642,-0.206473,-0.442593,-2.271795,-1.500569,0.246092,-43.495985
0.221449,-1.226177,1.940661,1.707854,0.292461,0.282222,-0.156286,-0.598580,22.490783
0.436585,-0.633221,0.012217,-1.384136,-0.022433,0.268942,1.558122,1.209207,46.348505
0.765225,0.050160,-0.380699,-1.112204,0.873799,-0.301944,1.119298,1.070936,-0.322224
-0.393171,0.001821,0.655365,0.851785,-0.111069,0.228871,-0.511444,-0.685214,31.368440
-0.012672,-0.845590,1.197872,0.151333,-0.050931,-0.259977,-1.155779,-0.952599,-37.167113
0.071480,-0.719884,0.026908,0.280692,-1.063325,-1.997724,-1.267880,-0.721286,7.509241
0.379566,-1.853984,-0.383075,-0.245752,0.274958,-1.885863,0.032310,-0.226077,9.508160
-0.201287,-0.449617,1.008155,-1.713594,-1.495814,0.468724,1.329350,-0.050637,16.176568
0.808904,-1.185362,-1.083513,-0.111689,1.306443,-0.966480,-0.683947,1.149376,40.385394
-1.288491,-1.250557,-0.060129,0.649672,-0.487157,-1.789273,0.626920,0.847657,14.477529
-1.222738,0.160688,-0.349911,-1.356870,1.165776,-1.517964,0.993019,-0.777934,37.872663
0.370626,0.089042,0.129082,-1.284748,-0.198132,-1.536543,-1.812999,0.365637,-31.097427
-0.102879,-1.160499,-1.205712,0.017527,-0.571864,-0.942766,-0.152403,-0.007282,-49.695533
-0.194393,-0.501688,1.147052,-0.289616,0.372626,-1.366100,1.334324,0.769380,38.641016
0.613859,1.579216,1.099842,-0.045876,0.558598,1.157025,-0.835085,-1.561351,-11.465543
0.469421,-0.871578,0.213326,0.355472,1.028803,-1.980050,-2.210207,-1.395452,23.349829
-0.421677,-0.884669,0.556822,-0.845877,0.945883,-0.870363,1.606928,-1.858481,-7.673003
0.328999,0.273409,1.240046,-0.283188,0.739699,0.007648,1.277054,0.218468,15.828903
-1.823462,-3.397805,-0.890540,0.726594,0.009505,-0.204006,-0.708726,-0.128893,30.429915
0.259787,1.297259,-0.550650,-0.739875,-1.206317,0.983630,-0.727455,-0.911148,-49.141266
-0.198233,-0.913947,-0.228689,-0.037881,1.836619,0.433836,1.305824,0.412235,4.839876
1.351010,0.374628,0.121213,0.289129,-0.424230,-1.639487,0.445537,-0.817090,47.609674
-0.730786,0.770703,-0.500471,1.722862,-1.430564,-0.846502,0.299708,-1.904951,-23.875071
-0.868024,0.493089,-1.073749,1.117792,-1.373082,-0.948686,-2.270645,-1.330703,-5.978208
0.418679,0.273938,-0.329007,-0.351896,0.692019,-0.514464,0.493331,-0.478875,-0.668425
-0.014432,0.169394,1.607296,1.798648,-0.769266,0.250384,0.772703,-1.334670,47.408325
0.112831,-1.063360,-0.107967,0.188349,-0.519587,-1.390884,0.624953,0.163161,-0.629332
-0.419264,-0.517876,0.633631,-0.637696,-1.355774,0.480662,-0.271676,-0.458200,-32.263695
-0.695917,1.426390,0.017769,1.279402,0.647275,0.148011,-0.599473,-0.345622,-0.429784
-1.015988,-0.367333,-0.640032,0.772990,1.869475,-0.587796,0.122284,-0.878125,-42.498912
-0.309436,0.709210,-0.878331,-2.631123,-0.290166,1.319350,0.029803,0.034511,-39.534636
1.177232,0.438267,0.124877,-1.579997,0.328826,1.201643,0.306968,-0.389403,-25.092196
1.244333,1.569421,-1.937648,-0.033825,-0.020079,0.450889,0.016077,-0.138178,18.535990
1.103562,0.171857,-1.209165,0.083205,0.325446,-0.875554,0.763207,-0.659135,6.250685
-1.004538,0.008315,-0.812984,1.965161,0.679008,0.211116,-1.395641,-0.885462,20.609184
1.205471,-1.036894,-1.321159,0.579913,0.429752,0.430497,-1.871753,0.403124,-5.608950
-0.176379,0.080939,-0.168245,1.435609,0.172709,-0.216399,-0.031924,-0.194972,34.931904
-0.839428,-0.123361,0.262739,-0.900084,-0.270063,0.483359,1.033889,0.665453,-18.293625
-1.757825,-0.462291,1.669148,-1.161760,-1.512055,-1.507525,0.872239,-1.203542,-5.021120
-0.099308,0.641916,-0.283876,-0.224483,0.702863,0.192993,-0.294572,1.037334,-41.574142
-0.546423,-0.652119,0.259491,1.565547,0.238597,1.481951,-0.677253,0.262414,27.113697
-0.846571,-1.104996,0.677722,-0.987898,-0.657290,0.268123,-0.101012,-1.355242,-5.721281
0.011091,-0.470152,-0.314869,-1.422341,0.557089,1.178519,0.817239,0.067050,9.363888
-0.777494,-0.967734,0.167223,-0.560160,0.295976,0.965591,0.384763,-0.123663,-43.060780
2.508328,-0.373067,1.403737,1.181647,-1.627994,0.082524,0.993565,-2.090731,-9.110171
0.827403,0.515110,1.584886,-1.275300,-1.393403,-0.049701,-0.590597,-0.007560,-18.956640
-0.181944,-1.930930,-0.338871,0.406842,-1.130657,-0.590802,-0.747053,1.366101,41.655113
-0.586675,-0.608864,-0.250525,0.870884,-0.766973,-1.916664,-0.623288,-0.204837,38.358035
0.243339,0.725400,3.014988,-0.379153,-0.171091,-0.128750,0.563157,0.527533,10.715950
-0.231481,0.188329,-0.804350,-0.624086,-0.346992,0.624271,-0.603398,-1.452384,-27.706671
1.306438,0.683635,0.343476,1.089708,-1.325155,0.284901,1.384809,-0.082513,29.592875
-0.426221,-1.483221,-2.386906,-0.246616,0.318373,0.163994,-0.347349,-1.381149,-27.410711
2.238108,-0.553752,-0.148742,0.863403,0.526136,1.106320,-1.149665,-0.867695,-24.852959
-0.062422,0.421970,0.445305,1.678849,-0.444560,-0.176233,-0.977499,-1.356212,20.848193
0.570319,0.732449,-2.142398,0.580943,0.333018,1.899197,0.640547,0.189697,-14.445397
-0.671786,-1.284692,0.350778,-1.023891,-0.977591,0.476611,-0.017054,0.029707,27.730138
0.611810,1.548388,-2.172657,0.216924,-1.377004,-1.602696,-0.261306,0.233931,-28.005380
0.431903,-0.531338,0.375136,-0.006048,0.322038,0.692978,-0.627962,3.199952,26.448088
0.890086,0.589920,0.225868,1.364650,-1.448316,0.608073,-0.752203,-0.924111,26.934329
0.164211,-0.559345,-0.454108,-1.381392,-1.087491,0.628694,1.090365,0.557240,19.538711
-0.692268,-1.500153,-0.347641,0.057140,-0.588514,0.506981,0.208525,-0.127942,-0.739916
-0.013096,0.423812,-0.164064,0.158285,-0.054148,-0.351858,-0.078513,-0.575215,-8.768101
-0.670728,-0.045387,0.521490,-0.727430,-1.817770,-1.329610,0.517579,-0.955870,-25.059378
0.448484,-1.194405,-0.972064,0.137854,-0.036072,0.535343,-1.018766,3.299640,26.190671
-0.101877,0.482473,0.278399,0.747599,1.253192,-1.205706,-1.710492,-0.345296,-8.184913
-1.132208,1.439404,0.347574,-2.556142,0.298879,0.643943,-0.564717,-0.991902,-11.150672
-1.624096,0.479874,-1.010700,1.569633,1.731191,0.151318,-2.272216,-1.327384,25.598596
0.739894,-0.139319,-1.320442,0.438773,-0.482136,0.887073,-0.708404,2.257271,-31.879705
1.252237,0.399015,-0.830593,0.340781,0.878801,-0.770462,-0.948423,0.710052,20.870390
0.447070,1.402495,0.211487,-1.950796,2.401559,0.168848,-0.151036,-1.114138,27.251266
0.420555,-0.426954,-0.752753,0.264215,0.078295,1.244059,0.465361,-0.317541,37.059778
-1.859553,0.594611,-0.923694,1.219284,0.151668,1.443910,-0.468349,-0.632883,-47.534739
0.615578,-1.247227,-1.120675,-1.822425,0.054588,0.873062,-0.246790,1.922760,30.312515
1.282945,0.514379,0.774893,-0.022125,1.294331,-1.103669,-0.334420,0.996263,2.515789
-0.616294,-2.008115,-1.832576,-1.723044,-0.202806,-0.233775,-0.238185,-0.983268,38.837822
1.272756,-1.986053,0.276174,0.534520,-1.038378,0.417201,0.830415,0.699670,-4.389614
-2.374506,0.293525,1.805167,1.068756,1.487460,1.443152,0.907388,1.369330,-28.837234
1.758654,-0.795296,0.118714,1.218817,-0.360761,0.010779,1.417740,0.179578,-28.449943
1.363628,0.698788,0.778902,0.707563,1.068625,-1.179852,-0.766661,0.395513,17.432990
-1.281511,0.967057,-1.298761,-0.186682,-0.126911,-1.135736,0.543553,-0.287649,23.655056
-0.630244,-0.008746,-2.629827,0.597512,-0.355220,-0.378252,-1.452445,0.054460,38.977184
-1.019731,-0.345897,1.099463,-0.090689,-0.844132,0.676949,-0.783424,-0.921545,7.078170
-0.534118,0.136230,-0.925913,0.262050,1.171674,2.214042,1.349095,-0.028928,-44.483921
1.753537,-0.026784,0.629311,1.563794,0.184197,1.063480,-0.005648,0.792280,49.562722
-2.008806,0.275184,0.099065,-2.577321,-0.492531,0.716364,1.971446,-0.100762,44.863170
-1.751818,-0.660342,-0.541753,0.939517,0.526899,-2.569674,-0.218764,0.069645,-4.378944
-1.553824,-2.230446,-1.474199,-1.154249,0.335478,0.303222,1.241888,-1.760131,-20.226405
0.025805,0.660869,-0.678564,0.491394,-1.725158,2.413153,1.564355,-2.010234,-25.517282
-0.560339,-1.537134,-0.099142,-0.611974,-0.028018,-0.257801,1.296307,2.056801,19.810780
-1.632568,0.517402,-0.685412,-0.470631,-1.156930,-0.721657,0.989350,-1.378503,25.657533
-0.715579,0.130800,-0.333688,-1.094005,-0.788691,0.948797,-0.147011,-0.949462,-30.382330
2.070147,0.546979,0.222525,-0.661970,-0.345337,0.929484,0.562456,-0.335326,-10.394907
-1.174930,0.217794,-1.111869,-2.635421,0.144375,1.169470,0.130780,1.409285,33.239977
0.859720,-0.092344,-0.480188,1.225671,0.177072,-0.174076,-2.046505,1.413375,25.159117
0.419792,-1.935962,0.091941,-1.286172,-0.649028,-0.724709,-0.054064,-0.208932,-35.939606
0.834339,-0.040660,-1.489532,-1.329762,0.017274,-0.432897,0.377034,-0.690875,-23.735572
0.395315,1.645627,-0.218533,-0.234761,-0.920934,-0.687404,0.283557,-0.206934,7.902645
0.304960,1.102432,0.314600,-0.315184,0.632408,-0.292499,0.780118,1.088400,0.527964
-1.580529,-0.968867,-1.562259,-1.073418,0.928192,0.244161,1.481716,0.024011,28.030806
1.379100,-0.205194,1.079713,-0.425661,-0.953945,0.479948,0.353454,-0.027559,12.806756
-0.202117,0.170988,0.067723,0.859407,0.244769,-0.051617,0.585856,-0.669322,48.295209
-0.131414,1.035511,1.794715,0.191808,0.059163,-0.498771,0.545046,-0.586436,41.765375
-1.923575,1.116700,-0.660061,0.026555,1.655573,1.240703,2.129135,1.992274,-23.393555
-0.698981,1.227715,-0.780873,-1.158848,-1.487867,-0.792884,-1.608931,0.265450,-39.223688
-2.228345,2.120997,1.345712,-1.183722,1.911376,0.583972,0.078629,0.828660,-0.989503
-2.148224,1.246933,-0.173307,-0.080203,0.518565,-0.806708,-1.117286,-0.559991,-29.601513
-1.723393,1.286871,2.096367,-0.130888,1.041214,-0.084906,-0.473024,-0.059284,-41.786949
1.464981,-1.153458,0.341962,1.609917,0.979707,0.111555,0.208696,0.817337,13.166694
1.451081,-0.155155,0.920196,-0.715079,0.054275,0.055030,-0.225591,-0.130353,-38.346128
0.221469,0.633162,-1.846256,-1.983688,0.694062,0.127773,0.252736,-0.882594,-6.795207
0.400361,0.759483,1.279183,-0.091350,-0.063763,-1.282691,1.810855,-0.390089,3.950056
0.555645,-0.637057,-0.244844,-0.168516,-1.076644,0.666289,-0.267588,-0.841242,48.157946
0.833912,0.584271,-0.066502,-0.592790,-0.394219,1.884841,1.112150,-0.893754,-4.953265
0.658422,-2.387307,-0.099940,0.397461,-0.430954,-0.522238,0.143103,0.431421,-49.852993
-1.724221,-0.142165,0.899381,0.448292,0.140983,-1.164859,-0.537858,-1.292108,17.810571
-0.247822,0.298530,-1.888206,-0.087387,-0.869212,-1.745083,-1.476351,1.408693,-45.715757
-0.219195,-0.609313,-0.087430,1.332343,1.737229,0.362151,-0.545627,-1.103166,48.709042
-1.019313,1.952884,-1.374459,-0.351334,-1.759936,0.176761,-1.433667,-1.167019,4.433049
0.078423,0.204536,-0.649079,0.201044,0.283103,0.161592,1.729541,-0.361997,-9.048599
-0.534446,-0.666744,-0.938793,1.213821,-1.168288,0.324244,0.380257,-0.130568,-31.113321
1.582262,-0.250049,-0.849298,1.183362,0.150612,-0.077696,0.361535,0.136078,-39.902287
-0.387031,-1.523944,1.830133,0.931995,2.627541,0.038885,-0.937132,-0.086835,22.815585
1.508309,1.234367,0.526300,-0.115930,0.269518,0.710604,0.115773,-0.058768,22.513561
-0.190398,0.866543,-0.864122,1.887623,-0.306457,-0.937528,-0.420158,0.848303,-42.168265
-0.278838,2.333267,-0.823985,-1.357273,-0.576015,-1.520957,-0.999334,-0.424886,-43.733741
0.740004,-1.160466,-0.268702,-0.431391,0.468603,0.609232,-1.062190,0.025015,-38.931724
0.642913,-0.568087,0.574857,-0.111451,0.000235,-0.277547,-0.761739,0.509164,25.713326
0.935349,-0.429987,0.455332,0.237055,0.426526,-0.939841,-0.187054,-0.821146,-41.195799
-0.417002,-1.361408,0.364502,0.004228,-0.176648,-0.681027,-0.170207,-0.482212,-4.524342
0.414794,-0.806654,-1.998630,2.164048,-1.271339,-1.762357,0.487913,1.162603,14.713492
0.650125,-0.064166,-0.457468,-0.014207,0.046753,0.811871,0.480557,-0.392851,0.530680
-0.000163,-0.782696,-0.270628,-0.203860,1.190443,-0.139732,1.618555,-0.042716,27.870027
1.612588,0.138249,-0.927744,1.023265,1.328985,-0.920911,-0.155353,1.209760,-43.131245
-0.969057,-0.271006,-0.531377,0.947323,0.099406,0.208278,-0.639637,-0.007736,-21.331394
2.201864,-1.133658,0.479410,-0.838312,2.205481,1.204685,-0.652092,0.899588,36.922865
-1.902697,-0.106927,0.684482,-0.682279,-0.652786,1.085793,-1.327713,-0.877595,29.005522
0.520757,0.912534,0.017470,0.873775,0.745743,0.875689,0.591455,0.615846,-23.551113
-2.256073,-0.349966,-0.622924,-1.133052,0.553364,0.217969,1.074011,-0.875832,14.355176
-0.594719,0.156864,-0.186596,0.436009,-0.953798,-1.276334,0.527818,0.685866,-16.439508
-1.670683,0.098353,0.746054,-0.058538,-0.643611,2.442265,0.355032,-0.411175,-12.712285
0.327920,0.131162,1.255460,1.488682,0.033231,0.171888,0.279865,0.240923,-7.570696
0.318010,-0.554790,-0.223336,1.095899,-1.491039,0.206197,-1.144686,-2.316784,-12.869084
-0.714448,-1.187381,-0.145766,-2.102843,0.213234,-0.046569,-0.562522,-0.893745,24.048876
-0.930958,-0.391545,1.038910,-0.449331,-2.250355,-1.306280,1.421794,-0.599039,-14.846312
-0.504644,-0.943854,0.074887,-0.395601,0.042023,0.171200,-1.010846,0.343722,-21.004307
-0.786974,-0.763242,-0.478459,-1.491024,0.474808,1.199236,-2.411092,-0.091388,-5.710733
1.171526,-0.735883,-0.177073,0.850247,-0.950666,-1.460463,-0.346324,-0.392817,-40.484966
1.189386,1.514270,0.901451,-1.599197,1.600089,-0.273694,1.565373,1.951116,-13.066156
-0.643574,-0.302443,-1.300986,-1.765947,0.313349,1.227731,0.259995,-0.679053,-38.829201
1.933964,-1.500335,-0.927434,0.426630,1.337407,-1.564265,-1.482094,0.266645,41.121612
-0.987603,0.598247,-0.485975,0.037516,1.813562,-0.045450,-1.870226,-1.028787,29.180697
0.862426,0.786770,0.429115,-0.301115,-1.919136,-1.101017,-0.881057,0.029245,-13.105150
0.893773,-0.474330,0.352104,0.770355,0.499553,1.957561,-0.138520,-0.837169,29.699112
-2.721476,-0.657443,-0.396023,-1.594749,0.642526,-0.876509,0.425542,-1.028369,5.142271
-0.130188,0.187996,-0.452441,-0.823677,-0.486446,-1.317616,2.474294,1.117166,34.500975
-1.391435,-0.252925,-0.064193,0.347248,-0.195674,-1.857708,0.202899,-1.342891,-33.001487
-0.253419,0.679162,-0.528658,-0.423165,-1.929380,1.601634,-0.283505,1.211273,-10.275984
1.107618,-0.011987,0.890725,0.831499,-1.019796,0.673393,-0.101472,-1.585321,14.461646
-0.308484,1.041084,-0.247343,1.009995,1.618713,-0.283728,-0.365852,0.366322,39.597830
-0.267234,-0.695459,-0.309469,-0.346652,-1.793389,-0.186433,-0.867436,-0.109418,-0.449223
0.311061,-0.401214,0.204714,0.879999,-1.414382,-1.466331,-0.879748,1.180986,9.717233
-0.160869,-0.186624,-1.695664,0.432169,1.962459,0.791695,-1.187022,-1.470924,13.091266
-1.841094,1.881311,0.196702,0.033440,-0.466264,0.044270,0.422346,-0.204914,-2.924378
1.292576,-0.318591,0.494483,0.400989,-0.659286,-0.670625,-0.493776,0.168026,-44.773382
-1.173514,1.313896,0.512948,-0.302904,0.279333,-0.378094,-1.392510,0.273385,-14.478238
-0.973644,2.045130,-1.814430,1.257328,0.097077,-1.659526,0.181715,0.838303,0.528600
0.381692,0.434299,0.129180,0.297679,0.933951,0.460045,0.842172,-0.576093,-4.239059
-0.414942,0.409805,1.738864,0.710054,-0.622869,-1.479205,-1.038958,-0.088655,12.290892
-0.692779,0.218303,0.125511,0.229123,-2.757571,-1.374152,1.607899,-0.262516,-15.752859
-0.555965,-2.982872,0.212520,0.591786,-0.032610,0.032822,-0.039682,-0.289076,39.358605
-1.074299,0.908612,-0.794938,-1.513466,-0.640706,1.070954,-0.031957,1.487590,-37.339412
-1.050990,0.795111,-0.042195,0.465507,-0.082317,-1.793301,0.417506,-1.445139,-46.681265
-1.053433,-0.493504,-0.017220,-0.840152,0.975178,-0.332896,0.020371,0.642189,33.650711
1.875718,1.757411,-0.504358,0.108592,-0.952285,0.936763,0.566891,1.182123,-47.253734
-0.924498,-0.134604,0.694668,0.385400,0.229120,-0.760427,0.112702,0.232403,32.680860
0.571190,-0.403680,0.075733,-0.294748,-0.583585,0.167837,0.696176,0.879200,11.789890
1.919791,-0.632944,1.102437,-0.675241,-0.116818,-1.148870,-0.333394,1.202129,-10.249411
1.499996,0.849864,1.525208,-0.149215,-1.973830,0.361494,-0.659296,0.213220,0.266264
0.243488,-0.242574,1.440341,1.100395,0.908336,0.191598,-0.507958,-1.216358,44.497986
-0.935113,-0.176135,0.552284,-0.123260,-0.882792,0.194666,-0.220684,1.768393,30.188842
-0.595603,0.446999,0.311109,0.745984,-0.422481,-0.916645,-0.000578,0.265547,34.423807
